Make,Model,Vehicle Class,Engine Size(L),Cylinders,Transmission,Fuel Type,Fuel Consumption City (L/100 km),Fuel Consumption Hwy (L/100 km),Fuel Consumption Comb (L/100 km),Fuel Consumption Comb (mpg),CO2 Emissions(g/km),Gears,City_Hwy_Consumption_Ratio,Engine_Size_per_Cylinder,CO2_per_L100km,Vehicle_Size_Group,Fuel_Type_Label
ACURA,ILX,COMPACT,2.0,4,AS,Z,9.9,6.7,8.5,33,196,5,1.478,0.5,23.06,Compact/Small,Premium Gasoline
ACURA,ILX,COMPACT,2.4,4,M,Z,11.2,7.7,9.6,29,221,6,1.455,0.6,23.02,Compact/Small,Premium Gasoline
ACURA,ILX HYBRID,COMPACT,1.5,4,AV,Z,6.0,5.8,5.9,48,136,7,1.034,0.375,23.05,Compact/Small,Premium Gasoline
ACURA,MDX 4WD,SUV - SMALL,3.5,6,AS,Z,12.7,9.1,11.1,25,255,6,1.396,0.583,22.97,SUV,Premium Gasoline
ACURA,RDX AWD,SUV - SMALL,3.5,6,AS,Z,12.1,8.7,10.6,27,244,6,1.391,0.583,23.02,SUV,Premium Gasoline
ACURA,RLX,MID-SIZE,3.5,6,AS,Z,11.9,7.7,10.0,28,230,6,1.545,0.583,23.0,Mid-size,Premium Gasoline
ACURA,TL,MID-SIZE,3.5,6,AS,Z,11.8,8.1,10.1,28,232,6,1.457,0.583,22.97,Mid-size,Premium Gasoline
ACURA,TL AWD,MID-SIZE,3.7,6,AS,Z,12.8,9.0,11.1,25,255,6,1.422,0.617,22.97,Mid-size,Premium Gasoline
ACURA,TL AWD,MID-SIZE,3.7,6,M,Z,13.4,9.5,11.6,24,267,6,1.411,0.617,23.02,Mid-size,Premium Gasoline
ACURA,TSX,COMPACT,2.4,4,AS,Z,10.6,7.5,9.2,31,212,5,1.413,0.6,23.04,Compact/Small,Premium Gasoline
ACURA,TSX,COMPACT,2.4,4,M,Z,11.2,8.1,9.8,29,225,6,1.383,0.6,22.96,Compact/Small,Premium Gasoline
ACURA,TSX,COMPACT,3.5,6,AS,Z,12.1,8.3,10.4,27,239,5,1.458,0.583,22.98,Compact/Small,Premium Gasoline
ALFA ROMEO,4C,TWO-SEATER,1.8,4,AM,Z,9.7,6.9,8.4,34,193,6,1.406,0.45,22.98,Compact/Small,Premium Gasoline
ASTON MARTIN,DB9,MINICOMPACT,5.9,12,A,Z,18.0,12.6,15.6,18,359,6,1.429,0.492,23.01,Compact/Small,Premium Gasoline
ASTON MARTIN,RAPIDE,SUBCOMPACT,5.9,12,A,Z,18.0,12.6,15.6,18,359,6,1.429,0.492,23.01,Compact/Small,Premium Gasoline
ASTON MARTIN,V8 VANTAGE,TWO-SEATER,4.7,8,AM,Z,17.4,11.3,14.7,19,338,7,1.54,0.588,22.99,Compact/Small,Premium Gasoline
ASTON MARTIN,V8 VANTAGE,TWO-SEATER,4.7,8,M,Z,18.1,12.2,15.4,18,354,6,1.484,0.588,22.99,Compact/Small,Premium Gasoline
ASTON MARTIN,V8 VANTAGE S,TWO-SEATER,4.7,8,AM,Z,17.4,11.3,14.7,19,338,7,1.54,0.588,22.99,Compact/Small,Premium Gasoline
ASTON MARTIN,V8 VANTAGE S,TWO-SEATER,4.7,8,M,Z,18.1,12.2,15.4,18,354,6,1.484,0.588,22.99,Compact/Small,Premium Gasoline
ASTON MARTIN,VANQUISH,MINICOMPACT,5.9,12,A,Z,18.0,12.6,15.6,18,359,6,1.429,0.492,23.01,Compact/Small,Premium Gasoline
AUDI,A4,COMPACT,2.0,4,AV,Z,9.9,7.4,8.8,32,202,8,1.338,0.5,22.95,Compact/Small,Premium Gasoline
AUDI,A4 QUATTRO,COMPACT,2.0,4,AS,Z,11.5,8.1,10.0,28,230,8,1.42,0.5,23.0,Compact/Small,Premium Gasoline
AUDI,A4 QUATTRO,COMPACT,2.0,4,M,Z,10.8,7.5,9.3,30,214,6,1.44,0.5,23.01,Compact/Small,Premium Gasoline
AUDI,A5 CABRIOLET QUATTRO,SUBCOMPACT,2.0,4,AS,Z,11.5,8.1,10.0,28,230,8,1.42,0.5,23.0,Compact/Small,Premium Gasoline
AUDI,A5 QUATTRO,SUBCOMPACT,2.0,4,AS,Z,11.5,8.1,10.0,28,230,8,1.42,0.5,23.0,Compact/Small,Premium Gasoline
AUDI,A5 QUATTRO,SUBCOMPACT,2.0,4,M,Z,10.8,7.5,9.3,30,214,6,1.44,0.5,23.01,Compact/Small,Premium Gasoline
AUDI,A6 QUATTRO,MID-SIZE,2.0,4,AS,Z,12.0,8.1,10.2,28,235,8,1.481,0.5,23.04,Mid-size,Premium Gasoline
AUDI,A6 QUATTRO,MID-SIZE,3.0,6,AS,Z,12.8,8.6,10.9,26,251,8,1.488,0.5,23.03,Mid-size,Premium Gasoline
AUDI,A6 QUATTRO TDI (modified),MID-SIZE,3.0,6,AS,D,9.8,6.2,8.1,35,217,8,1.581,0.5,26.79,Mid-size,Diesel
AUDI,A7 QUATTRO,MID-SIZE,3.0,6,AS,Z,13.3,8.5,11.2,25,262,8,1.565,0.5,23.39,Mid-size,Premium Gasoline
AUDI,A7 QUATTRO TDI (modified),MID-SIZE,3.0,6,AS,D,9.8,6.2,8.1,35,217,8,1.581,0.5,26.79,Mid-size,Diesel
AUDI,A8,MID-SIZE,3.0,6,AS,Z,13.1,8.8,11.2,25,258,8,1.489,0.5,23.04,Mid-size,Premium Gasoline
AUDI,A8,MID-SIZE,4.0,8,AS,Z,13.7,8.3,11.3,25,265,8,1.651,0.5,23.45,Mid-size,Premium Gasoline
AUDI,A8 TDI (modified),MID-SIZE,3.0,6,AS,D,9.8,6.5,8.4,34,224,8,1.508,0.5,26.67,Mid-size,Diesel
AUDI,A8L,FULL-SIZE,3.0,6,AS,Z,13.1,8.8,11.2,25,258,8,1.489,0.5,23.04,Mid-size,Premium Gasoline
AUDI,A8L,FULL-SIZE,4.0,8,AS,Z,14.7,9.7,12.5,23,288,8,1.515,0.5,23.04,Mid-size,Premium Gasoline
AUDI,A8L,FULL-SIZE,6.3,12,AS,Z,18.7,11.5,15.5,18,363,8,1.626,0.525,23.42,Mid-size,Premium Gasoline
AUDI,A8L TDI (modified),FULL-SIZE,3.0,6,AS,D,9.8,6.5,8.4,34,224,8,1.508,0.5,26.67,Mid-size,Diesel
AUDI,ALLROAD QUATTRO,STATION WAGON - SMALL,2.0,4,AS,Z,11.8,8.8,10.5,27,242,8,1.341,0.5,23.05,Mid-size,Premium Gasoline
AUDI,Q5,SUV - SMALL,2.0,4,AS,Z,12.0,8.5,10.4,27,239,8,1.412,0.5,22.98,SUV,Premium Gasoline
AUDI,Q5,SUV - SMALL,3.0,6,AS,Z,12.9,9.2,11.2,25,258,8,1.402,0.5,23.04,SUV,Premium Gasoline
AUDI,Q5 TDI (modified),SUV - SMALL,3.0,6,AS,D,10.2,7.8,9.0,31,244,8,1.308,0.5,27.11,SUV,Diesel
AUDI,Q5 HYBRID,SUV - SMALL,2.0,4,AS,Z,9.9,8.3,9.2,31,212,8,1.193,0.5,23.04,SUV,Premium Gasoline
AUDI,Q7,SUV - STANDARD,3.0,6,AS,Z,15.1,10.9,13.2,21,304,8,1.385,0.5,23.03,SUV,Premium Gasoline
AUDI,Q7 TDI (modified),SUV - STANDARD,3.0,6,AS,D,12.4,8.7,10.7,26,290,8,1.425,0.5,27.1,SUV,Diesel
AUDI,R8,TWO-SEATER,4.2,8,A,Z,17.6,11.0,14.6,19,336,7,1.6,0.525,23.01,Compact/Small,Premium Gasoline
AUDI,R8,TWO-SEATER,4.2,8,M,Z,21.2,13.4,17.7,16,407,6,1.582,0.525,22.99,Compact/Small,Premium Gasoline
AUDI,R8,TWO-SEATER,5.2,10,A,Z,18.2,10.6,14.8,19,347,7,1.717,0.52,23.45,Compact/Small,Premium Gasoline
AUDI,R8,TWO-SEATER,5.2,10,M,Z,21.1,13.8,17.8,16,409,6,1.529,0.52,22.98,Compact/Small,Premium Gasoline
AUDI,R8 SPYDER,TWO-SEATER,4.2,8,A,Z,17.6,11.0,14.6,19,336,7,1.6,0.525,23.01,Compact/Small,Premium Gasoline
AUDI,R8 SPYDER,TWO-SEATER,4.2,8,M,Z,21.2,13.4,17.7,16,407,6,1.582,0.525,22.99,Compact/Small,Premium Gasoline
AUDI,R8 SPYDER,TWO-SEATER,5.2,10,A,Z,18.2,10.6,14.8,19,347,7,1.717,0.52,23.45,Compact/Small,Premium Gasoline
AUDI,R8 SPYDER,TWO-SEATER,5.2,10,M,Z,21.1,13.8,17.8,16,409,6,1.529,0.52,22.98,Compact/Small,Premium Gasoline
AUDI,RS 5,SUBCOMPACT,4.2,8,A,Z,15.3,10.9,13.3,21,306,7,1.404,0.525,23.01,Compact/Small,Premium Gasoline
AUDI,RS 5 CABRIOLET,SUBCOMPACT,4.2,8,A,Z,15.2,11.3,13.4,21,308,7,1.345,0.525,22.99,Compact/Small,Premium Gasoline
AUDI,RS 7,MID-SIZE,4.0,8,AS,Z,15.5,8.8,12.5,23,293,8,1.761,0.5,23.44,Mid-size,Premium Gasoline
AUDI,S4,COMPACT,3.0,6,A,Z,13.2,9.2,11.4,25,262,7,1.435,0.5,22.98,Compact/Small,Premium Gasoline
AUDI,S4,COMPACT,3.0,6,M,Z,14.6,9.8,12.4,23,285,6,1.49,0.5,22.98,Compact/Small,Premium Gasoline
AUDI,S5,SUBCOMPACT,3.0,6,A,Z,13.2,9.2,11.4,25,262,7,1.435,0.5,22.98,Compact/Small,Premium Gasoline
AUDI,S5,SUBCOMPACT,3.0,6,M,Z,14.6,9.8,12.4,23,285,6,1.49,0.5,22.98,Compact/Small,Premium Gasoline
AUDI,S5 CABRIOLET,SUBCOMPACT,3.0,6,A,Z,13.3,9.5,11.6,24,267,7,1.4,0.5,23.02,Compact/Small,Premium Gasoline
AUDI,S6,MID-SIZE,4.0,8,A,Z,14.2,9.7,12.2,23,281,7,1.464,0.5,23.03,Mid-size,Premium Gasoline
AUDI,S7,MID-SIZE,4.0,8,A,Z,14.2,9.7,12.2,23,281,7,1.464,0.5,23.03,Mid-size,Premium Gasoline
AUDI,S8,MID-SIZE,4.0,8,AS,Z,15.8,9.2,12.8,22,300,8,1.717,0.5,23.44,Mid-size,Premium Gasoline
AUDI,SQ5,SUV - SMALL,3.0,6,AS,Z,14.9,10.1,12.7,22,292,8,1.475,0.5,22.99,SUV,Premium Gasoline
AUDI,TT COUPE QUATTRO,SUBCOMPACT,2.0,4,A,Z,10.4,7.6,9.1,31,209,6,1.368,0.5,22.97,Compact/Small,Premium Gasoline
AUDI,TT ROADSTER QUATTRO,TWO-SEATER,2.0,4,A,Z,10.4,7.6,9.1,31,209,6,1.368,0.5,22.97,Compact/Small,Premium Gasoline
AUDI,TTS COUPE QUATTRO,SUBCOMPACT,2.0,4,A,Z,11.5,8.8,10.3,27,237,6,1.307,0.5,23.01,Compact/Small,Premium Gasoline
AUDI,TTS ROADSTER QUATTRO,TWO-SEATER,2.0,4,A,Z,11.5,8.8,10.3,27,237,6,1.307,0.5,23.01,Compact/Small,Premium Gasoline
BENTLEY,CONTINENTAL GT,SUBCOMPACT,4.0,8,AS,Z,16.3,9.8,13.4,21,314,8,1.663,0.5,23.43,Compact/Small,Premium Gasoline
BENTLEY,CONTINENTAL GT,SUBCOMPACT,6.0,12,AS,Z,18.8,11.5,15.5,18,356,8,1.635,0.5,22.97,Compact/Small,Premium Gasoline
BENTLEY,CONTINENTAL GTC,SUBCOMPACT,4.0,8,AS,Z,17.4,10.2,14.2,20,332,8,1.706,0.5,23.38,Compact/Small,Premium Gasoline
BENTLEY,CONTINENTAL GTC,SUBCOMPACT,6.0,12,AS,Z,20.0,12.2,16.5,17,380,8,1.639,0.5,23.03,Compact/Small,Premium Gasoline
BENTLEY,CONTINENTAL GT SPEED CONVERTIBLE,SUBCOMPACT,6.0,12,AS,Z,20.0,12.2,16.5,17,380,8,1.639,0.5,23.03,Compact/Small,Premium Gasoline
BENTLEY,FLYING SPUR,MID-SIZE,6.0,12,AS,Z,20.3,11.9,16.5,17,388,8,1.706,0.5,23.52,Mid-size,Premium Gasoline
BENTLEY,MULSANNE,MID-SIZE,6.8,8,AS,Z,22.3,14.9,19.0,15,437,8,1.497,0.85,23.0,Mid-size,Premium Gasoline
BMW,320i,COMPACT,2.0,4,A,Z,10.0,6.5,8.4,34,193,8,1.538,0.5,22.98,Compact/Small,Premium Gasoline
BMW,320i,COMPACT,2.0,4,M,Z,10.4,6.7,8.7,32,200,6,1.552,0.5,22.99,Compact/Small,Premium Gasoline
BMW,320i xDRIVE,COMPACT,2.0,4,A,Z,10.2,7.0,8.8,32,202,8,1.457,0.5,22.95,Compact/Small,Premium Gasoline
BMW,328d xDRIVE,COMPACT,2.0,4,A,D,7.6,5.5,6.7,42,181,8,1.382,0.5,27.01,Compact/Small,Diesel
BMW,328d xDRIVE TOURING,STATION WAGON - SMALL,2.0,4,A,D,7.6,5.5,6.7,42,181,8,1.382,0.5,27.01,Mid-size,Diesel
BMW,328i,COMPACT,2.0,4,A,Z,10.0,6.5,8.4,34,193,8,1.538,0.5,22.98,Compact/Small,Premium Gasoline
BMW,328i,COMPACT,2.0,4,M,Z,10.4,6.7,8.7,32,200,6,1.552,0.5,22.99,Compact/Small,Premium Gasoline
BMW,328i xDRIVE,COMPACT,2.0,4,A,Z,10.6,7.2,9.1,31,209,8,1.472,0.5,22.97,Compact/Small,Premium Gasoline
BMW,328i xDRIVE GRAN TURISMO,FULL-SIZE,2.0,4,A,Z,10.6,7.2,9.1,31,209,8,1.472,0.5,22.97,Mid-size,Premium Gasoline
BMW,328i xDRIVE TOURING,STATION WAGON - SMALL,2.0,4,A,Z,10.6,7.2,9.1,31,209,8,1.472,0.5,22.97,Mid-size,Premium Gasoline
BMW,335i,COMPACT,3.0,6,A,Z,11.4,7.3,9.6,29,221,8,1.562,0.5,23.02,Compact/Small,Premium Gasoline
BMW,335i,COMPACT,3.0,6,M,Z,11.8,7.9,10.0,28,230,6,1.494,0.5,23.0,Compact/Small,Premium Gasoline
BMW,335i xDRIVE,COMPACT,3.0,6,A,Z,11.7,7.8,9.9,29,228,8,1.5,0.5,23.03,Compact/Small,Premium Gasoline
BMW,335i xDRIVE,COMPACT,3.0,6,M,Z,11.9,8.3,10.3,27,237,6,1.434,0.5,23.01,Compact/Small,Premium Gasoline
BMW,335i xDRIVE GRAN TURISMO,FULL-SIZE,3.0,6,A,Z,11.9,8.0,10.1,28,232,8,1.488,0.5,22.97,Mid-size,Premium Gasoline
BMW,428i COUPE,COMPACT,2.0,4,A,Z,10.0,6.5,8.4,34,193,8,1.538,0.5,22.98,Compact/Small,Premium Gasoline
BMW,428i COUPE,COMPACT,2.0,4,M,Z,10.4,6.7,8.7,32,200,6,1.552,0.5,22.99,Compact/Small,Premium Gasoline
BMW,428i xDRIVE COUPE,COMPACT,2.0,4,A,Z,10.6,7.2,9.1,31,209,8,1.472,0.5,22.97,Compact/Small,Premium Gasoline
BMW,435i COUPE,COMPACT,3.0,6,A,Z,11.4,7.3,9.6,29,221,8,1.562,0.5,23.02,Compact/Small,Premium Gasoline
BMW,435i COUPE,COMPACT,3.0,6,M,Z,11.8,7.9,10.0,28,230,6,1.494,0.5,23.0,Compact/Small,Premium Gasoline
BMW,435i xDRIVE COUPE,COMPACT,3.0,6,A,Z,11.7,7.8,9.9,29,228,8,1.5,0.5,23.03,Compact/Small,Premium Gasoline
BMW,435i xDRIVE COUPE,COMPACT,3.0,6,M,Z,11.9,8.3,10.3,27,237,6,1.434,0.5,23.01,Compact/Small,Premium Gasoline
BMW,528i,MID-SIZE,2.0,4,A,Z,10.2,7.0,8.8,32,202,8,1.457,0.5,22.95,Mid-size,Premium Gasoline
BMW,528i xDRIVE,MID-SIZE,2.0,4,A,Z,10.6,7.2,9.1,31,209,8,1.472,0.5,22.97,Mid-size,Premium Gasoline
BMW,535d xDRIVE,MID-SIZE,3.0,6,A,D,9.2,6.4,7.9,36,213,8,1.437,0.5,26.96,Mid-size,Diesel
BMW,535i xDRIVE,MID-SIZE,3.0,6,A,Z,11.9,8.0,10.1,28,232,8,1.488,0.5,22.97,Mid-size,Premium Gasoline
BMW,535i xDRIVE GRAN TURISMO,FULL-SIZE,3.0,6,A,Z,12.5,8.6,10.7,26,246,8,1.453,0.5,22.99,Mid-size,Premium Gasoline
BMW,550i xDRIVE,MID-SIZE,4.4,8,A,Z,14.4,9.6,12.2,23,281,8,1.5,0.55,23.03,Mid-size,Premium Gasoline
BMW,550i xDRIVE GRAN TURISMO,FULL-SIZE,4.4,8,A,Z,15.0,9.8,12.7,22,292,8,1.531,0.55,22.99,Mid-size,Premium Gasoline
BMW,640i xDRIVE GRAN COUPE,COMPACT,3.0,6,A,Z,11.9,8.0,10.1,28,232,8,1.488,0.5,22.97,Compact/Small,Premium Gasoline
BMW,650i xDRIVE CABRIOLET,SUBCOMPACT,4.4,8,A,Z,15.0,9.8,12.7,22,292,8,1.531,0.55,22.99,Compact/Small,Premium Gasoline
BMW,650i xDRIVE COUPE,COMPACT,4.4,8,A,Z,14.4,9.6,12.2,23,281,8,1.5,0.55,23.03,Compact/Small,Premium Gasoline
BMW,650i xDRIVE GRAN COUPE,COMPACT,4.4,8,A,Z,15.0,9.8,12.7,22,292,8,1.531,0.55,22.99,Compact/Small,Premium Gasoline
BMW,740Li xDRIVE,FULL-SIZE,3.0,6,A,Z,12.5,8.6,10.7,26,246,8,1.453,0.5,22.99,Mid-size,Premium Gasoline
BMW,750i xDRIVE,FULL-SIZE,4.4,8,A,Z,15.0,9.8,12.7,22,292,8,1.531,0.55,22.99,Mid-size,Premium Gasoline
BMW,750Li xDRIVE,FULL-SIZE,4.4,8,A,Z,15.0,9.8,12.7,22,292,8,1.531,0.55,22.99,Mid-size,Premium Gasoline
BMW,760Li,FULL-SIZE,6.0,12,A,Z,18.7,11.5,15.5,18,356,8,1.626,0.5,22.97,Mid-size,Premium Gasoline
BMW,ACTIVEHYBRID 3,COMPACT,3.0,6,A,Z,9.2,7.1,8.3,34,191,8,1.296,0.5,23.01,Compact/Small,Premium Gasoline
BMW,ACTIVEHYBRID 5,MID-SIZE,3.0,6,A,Z,10.5,7.9,9.3,30,214,8,1.329,0.5,23.01,Mid-size,Premium Gasoline
BMW,ACTIVEHYBRID 7L,FULL-SIZE,3.0,6,A,Z,10.5,7.6,9.2,31,212,8,1.382,0.5,23.04,Mid-size,Premium Gasoline
BMW,ALPINA B7 xDRIVE LWB,FULL-SIZE,4.4,8,A,Z,15.0,9.8,12.7,22,292,8,1.531,0.55,22.99,Mid-size,Premium Gasoline
BMW,ALPINA B7 xDRIVE SWB,FULL-SIZE,4.4,8,A,Z,15.0,9.8,12.7,22,292,8,1.531,0.55,22.99,Mid-size,Premium Gasoline
BMW,M5,MID-SIZE,4.4,8,AM,Z,17.3,11.5,14.7,19,338,7,1.504,0.55,22.99,Mid-size,Premium Gasoline
BMW,M5,MID-SIZE,4.4,8,M,Z,16.2,10.9,13.8,20,317,6,1.486,0.55,22.97,Mid-size,Premium Gasoline
BMW,M6,COMPACT,4.4,8,AM,Z,17.3,11.5,14.7,19,338,7,1.504,0.55,22.99,Compact/Small,Premium Gasoline
BMW,M6,COMPACT,4.4,8,M,Z,16.2,10.9,13.8,20,317,6,1.486,0.55,22.97,Compact/Small,Premium Gasoline
BMW,M6 CABRIOLET,SUBCOMPACT,4.4,8,AM,Z,17.3,11.5,14.7,19,338,7,1.504,0.55,22.99,Compact/Small,Premium Gasoline
BMW,M6 CABRIOLET,SUBCOMPACT,4.4,8,M,Z,16.2,10.9,13.8,20,317,6,1.486,0.55,22.97,Compact/Small,Premium Gasoline
BMW,M6 GRAN COUPE,COMPACT,4.4,8,AM,Z,17.3,11.5,14.7,19,338,7,1.504,0.55,22.99,Compact/Small,Premium Gasoline
BMW,M6 GRAN COUPE,COMPACT,4.4,8,M,Z,16.2,10.9,13.8,20,317,6,1.486,0.55,22.97,Compact/Small,Premium Gasoline
BMW,X1 xDRIVE28i,SUV - SMALL,2.0,4,A,Z,10.6,7.2,9.1,31,209,8,1.472,0.5,22.97,SUV,Premium Gasoline
BMW,X1 xDRIVE35i,SUV - SMALL,3.0,6,A,Z,13.2,8.9,11.3,25,260,6,1.483,0.5,23.01,SUV,Premium Gasoline
BMW,X3 xDRIVE28i,SUV - SMALL,2.0,4,A,Z,11.2,8.5,10.0,28,230,8,1.318,0.5,23.0,SUV,Premium Gasoline
BMW,X3 xDRIVE35i,SUV - SMALL,3.0,6,A,Z,12.6,9.1,11.0,26,253,8,1.385,0.5,23.0,SUV,Premium Gasoline
BMW,X5 xDRIVE35i,SUV - STANDARD,3.0,6,A,Z,12.9,8.8,11.1,25,255,8,1.466,0.5,22.97,SUV,Premium Gasoline
BMW,X5 xDRIVE50i,SUV - STANDARD,4.4,8,A,Z,16.3,10.9,13.9,20,320,8,1.495,0.55,23.02,SUV,Premium Gasoline
BMW,X6 M,SUV - STANDARD,4.4,8,A,Z,18.1,13.7,16.1,18,370,6,1.321,0.55,22.98,SUV,Premium Gasoline
BMW,X6 xDRIVE35i,SUV - STANDARD,3.0,6,A,Z,13.6,9.8,11.9,24,274,8,1.388,0.5,23.03,SUV,Premium Gasoline
BMW,X6 xDRIVE50i,SUV - STANDARD,4.4,8,A,Z,16.4,11.3,14.1,20,324,8,1.451,0.55,22.98,SUV,Premium Gasoline
BMW,Z4 sDRIVE28i,TWO-SEATER,2.0,4,A,Z,10.8,7.1,9.1,31,209,8,1.521,0.5,22.97,Compact/Small,Premium Gasoline
BMW,Z4 sDRIVE28i,TWO-SEATER,2.0,4,M,Z,10.4,6.7,8.7,32,200,6,1.552,0.5,22.99,Compact/Small,Premium Gasoline
BMW,Z4 sDRIVE35i,TWO-SEATER,3.0,6,AM,Z,13.7,10.1,12.1,23,278,7,1.356,0.5,22.98,Compact/Small,Premium Gasoline
BMW,Z4 sDRIVE35i,TWO-SEATER,3.0,6,M,Z,12.7,9.0,11.0,26,253,6,1.411,0.5,23.0,Compact/Small,Premium Gasoline
BMW,Z4 sDRIVE35is,TWO-SEATER,3.0,6,AM,Z,13.7,10.1,12.1,23,278,7,1.356,0.5,22.98,Compact/Small,Premium Gasoline
BUICK,ENCLAVE,SUV - STANDARD,3.6,6,A,X,14.3,9.9,12.3,23,283,6,1.444,0.6,23.01,SUV,Regular Gasoline
BUICK,ENCLAVE AWD,SUV - STANDARD,3.6,6,A,X,14.6,10.2,12.6,22,290,6,1.431,0.6,23.02,SUV,Regular Gasoline
BUICK,ENCORE,SUV - SMALL,1.4,4,AS,X,9.5,7.2,8.5,33,196,6,1.319,0.35,23.06,SUV,Regular Gasoline
BUICK,ENCORE AWD,SUV - SMALL,1.4,4,AS,X,10.2,8.0,9.2,31,212,6,1.275,0.35,23.04,SUV,Regular Gasoline
BUICK,LACROSSE,MID-SIZE,3.6,6,AS,X,13.7,8.7,11.5,25,264,6,1.575,0.6,22.96,Mid-size,Regular Gasoline
BUICK,LACROSSE,MID-SIZE,3.6,6,AS,E,18.4,12.2,15.6,18,250,6,1.508,0.6,16.03,Mid-size,Ethanol (E85)
BUICK,LACROSSE AWD,MID-SIZE,3.6,6,AS,X,13.7,8.9,11.5,25,264,6,1.539,0.6,22.96,Mid-size,Regular Gasoline
BUICK,LACROSSE AWD,MID-SIZE,3.6,6,AS,E,19.4,13.0,16.5,17,264,6,1.492,0.6,16.0,Mid-size,Ethanol (E85)
BUICK,LACROSSE eASSIST,MID-SIZE,2.4,4,AS,X,9.6,6.5,8.2,34,189,6,1.477,0.6,23.05,Mid-size,Regular Gasoline
BUICK,REGAL,MID-SIZE,2.0,4,AS,Z,11.5,7.9,9.9,29,228,6,1.456,0.5,23.03,Mid-size,Premium Gasoline
BUICK,REGAL,MID-SIZE,2.0,4,M,Z,11.6,7.5,9.8,29,225,6,1.547,0.5,22.96,Mid-size,Premium Gasoline
BUICK,REGAL AWD,MID-SIZE,2.0,4,AS,Z,12.3,8.7,10.7,26,246,6,1.414,0.5,22.99,Mid-size,Premium Gasoline
BUICK,REGAL eASSIST,MID-SIZE,2.4,4,AS,X,9.6,6.5,8.2,34,189,6,1.477,0.6,23.05,Mid-size,Regular Gasoline
BUICK,VERANO,COMPACT,2.0,4,AS,Z,11.5,7.9,9.9,29,228,6,1.456,0.5,23.03,Compact/Small,Premium Gasoline
BUICK,VERANO,COMPACT,2.0,4,M,Z,11.6,7.5,9.8,29,225,6,1.547,0.5,22.96,Compact/Small,Premium Gasoline
BUICK,VERANO,COMPACT,2.4,4,AS,X,11.3,7.4,9.5,30,218,6,1.527,0.6,22.95,Compact/Small,Regular Gasoline
CADILLAC,ATS,COMPACT,2.0,4,AS,Z,11.3,7.5,9.6,29,221,6,1.507,0.5,23.02,Compact/Small,Premium Gasoline
CADILLAC,ATS,COMPACT,2.0,4,M,Z,12.1,7.9,10.2,28,235,6,1.532,0.5,23.04,Compact/Small,Premium Gasoline
CADILLAC,ATS,COMPACT,2.5,4,AS,X,10.5,7.2,9.0,31,207,6,1.458,0.625,23.0,Compact/Small,Regular Gasoline
CADILLAC,ATS,COMPACT,3.6,6,AS,X,12.8,8.5,10.9,26,251,6,1.506,0.6,23.03,Compact/Small,Regular Gasoline
CADILLAC,ATS AWD,COMPACT,2.0,4,AS,Z,11.8,8.1,10.1,28,232,6,1.457,0.5,22.97,Compact/Small,Premium Gasoline
CADILLAC,ATS AWD,COMPACT,3.6,6,AS,X,13.1,9.0,11.3,25,260,6,1.456,0.6,23.01,Compact/Small,Regular Gasoline
CADILLAC,CTS COUPE,MID-SIZE,3.6,6,AS,X,13.2,8.7,11.2,25,258,6,1.517,0.6,23.04,Mid-size,Regular Gasoline
CADILLAC,CTS COUPE AWD,MID-SIZE,3.6,6,AS,X,13.3,9.0,11.4,25,262,6,1.478,0.6,22.98,Mid-size,Regular Gasoline
CADILLAC,CTS SEDAN,MID-SIZE,2.0,4,AS,Z,11.9,7.9,10.1,28,232,6,1.506,0.5,22.97,Mid-size,Premium Gasoline
CADILLAC,CTS SEDAN,MID-SIZE,3.6,6,AS,X,12.9,8.2,10.8,26,248,8,1.573,0.6,22.96,Mid-size,Regular Gasoline
CADILLAC,CTS SEDAN AWD,MID-SIZE,2.0,4,AS,Z,12.6,8.5,10.8,26,248,6,1.482,0.5,22.96,Mid-size,Premium Gasoline
CADILLAC,CTS SEDAN AWD,MID-SIZE,3.6,6,AS,X,13.1,9.0,11.3,25,260,6,1.456,0.6,23.01,Mid-size,Regular Gasoline
CADILLAC,CTS SEDAN Vsport,MID-SIZE,3.6,6,AS,Z,15.1,9.9,12.8,22,294,8,1.525,0.6,22.97,Mid-size,Premium Gasoline
CADILLAC,CTS SPORT WAGON,STATION WAGON - SMALL,3.0,6,AS,X,12.7,8.9,11.0,26,253,6,1.427,0.5,23.0,Mid-size,Regular Gasoline
CADILLAC,CTS SPORT WAGON,STATION WAGON - SMALL,3.6,6,AS,X,13.3,8.9,11.3,25,260,6,1.494,0.6,23.01,Mid-size,Regular Gasoline
CADILLAC,CTS SPORT WAGON AWD,STATION WAGON - SMALL,3.0,6,AS,X,12.8,9.1,11.1,25,255,6,1.407,0.5,22.97,Mid-size,Regular Gasoline
CADILLAC,CTS SPORT WAGON AWD,STATION WAGON - SMALL,3.6,6,AS,X,13.3,9.0,11.4,25,262,6,1.478,0.6,22.98,Mid-size,Regular Gasoline
CADILLAC,CTS-V COUPE,MID-SIZE,6.2,8,AS,Z,19.7,12.9,16.6,17,382,6,1.527,0.775,23.01,Mid-size,Premium Gasoline
CADILLAC,CTS-V COUPE,MID-SIZE,6.2,8,M,Z,16.7,12.5,14.8,19,340,6,1.336,0.775,22.97,Mid-size,Premium Gasoline
CADILLAC,CTS-V SEDAN,MID-SIZE,6.2,8,AS,Z,19.7,12.9,16.6,17,382,6,1.527,0.775,23.01,Mid-size,Premium Gasoline
CADILLAC,CTS-V SEDAN,MID-SIZE,6.2,8,M,Z,16.7,12.5,14.8,19,340,6,1.336,0.775,22.97,Mid-size,Premium Gasoline
CADILLAC,CTS-V SPORT WAGON,STATION WAGON - SMALL,6.2,8,AS,Z,19.7,12.9,16.6,17,382,6,1.527,0.775,23.01,Mid-size,Premium Gasoline
CADILLAC,CTS-V SPORT WAGON,STATION WAGON - SMALL,6.2,8,M,Z,16.7,12.5,14.8,19,340,6,1.336,0.775,22.97,Mid-size,Premium Gasoline
CADILLAC,ESCALADE AWD,SUV - STANDARD,6.2,8,A,Z,17.0,11.8,14.7,19,338,6,1.441,0.775,22.99,SUV,Premium Gasoline
CADILLAC,ESCALADE AWD,SUV - STANDARD,6.2,8,A,E,23.3,16.1,20.1,14,322,6,1.447,0.775,16.02,SUV,Ethanol (E85)
CADILLAC,ESCALADE ESV AWD,SUV - STANDARD,6.2,8,A,Z,18.8,13.4,16.4,17,377,6,1.403,0.775,22.99,SUV,Premium Gasoline
CADILLAC,ESCALADE ESV AWD,SUV - STANDARD,6.2,8,A,E,25.7,17.8,22.1,13,354,6,1.444,0.775,16.02,SUV,Ethanol (E85)
CADILLAC,SRX,SUV - STANDARD,3.6,6,AS,X,14.3,9.8,12.3,23,283,6,1.459,0.6,23.01,SUV,Regular Gasoline
CADILLAC,SRX AWD,SUV - STANDARD,3.6,6,AS,X,14.8,10.4,12.8,22,294,6,1.423,0.6,22.97,SUV,Regular Gasoline
CADILLAC,XTS,FULL-SIZE,3.6,6,AS,X,13.6,8.6,11.4,25,262,6,1.581,0.6,22.98,Mid-size,Regular Gasoline
CADILLAC,XTS AWD,FULL-SIZE,3.6,6,AS,X,14.0,9.1,11.8,24,271,6,1.538,0.6,22.97,Mid-size,Regular Gasoline
CADILLAC,XTS Vsport AWD,FULL-SIZE,3.6,6,AS,Z,14.8,9.8,12.6,22,290,6,1.51,0.6,23.02,Mid-size,Premium Gasoline
CHEVROLET,CAMARO,COMPACT,3.6,6,AS,X,13.2,8.7,11.2,25,258,6,1.517,0.6,23.04,Compact/Small,Regular Gasoline
CHEVROLET,CAMARO,COMPACT,3.6,6,M,X,14.2,8.6,11.7,24,269,6,1.651,0.6,22.99,Compact/Small,Regular Gasoline
CHEVROLET,CAMARO 2LS,COMPACT,3.6,6,AS,X,12.7,7.9,10.5,27,242,6,1.608,0.6,23.05,Compact/Small,Regular Gasoline
CHEVROLET,CAMARO SS,COMPACT,6.2,8,AS,Z,15.3,9.8,12.8,22,294,6,1.561,0.775,22.97,Compact/Small,Premium Gasoline
CHEVROLET,CAMARO SS,COMPACT,6.2,8,M,Z,15.0,9.9,12.7,22,292,6,1.515,0.775,22.99,Compact/Small,Premium Gasoline
CHEVROLET,CAMARO ZL1,COMPACT,6.2,8,AS,Z,19.7,12.9,16.6,17,382,6,1.527,0.775,23.01,Compact/Small,Premium Gasoline
CHEVROLET,CAMARO ZL1,COMPACT,6.2,8,M,Z,16.7,12.5,14.8,19,340,6,1.336,0.775,22.97,Compact/Small,Premium Gasoline
CHEVROLET,CORVETTE,TWO-SEATER,6.2,8,AS,Z,14.9,8.5,12.0,24,276,6,1.753,0.775,23.0,Compact/Small,Premium Gasoline
CHEVROLET,CORVETTE,TWO-SEATER,6.2,8,M,Z,13.7,8.2,11.2,25,258,7,1.671,0.775,23.04,Compact/Small,Premium Gasoline
CHEVROLET,CRUZE,MID-SIZE,1.4,4,AS,X,9.1,6.3,7.8,36,179,6,1.444,0.35,22.95,Mid-size,Regular Gasoline
CHEVROLET,CRUZE,MID-SIZE,1.4,4,M,X,9.1,6.3,7.8,36,179,6,1.444,0.35,22.95,Mid-size,Regular Gasoline
CHEVROLET,CRUZE,MID-SIZE,1.8,4,AS,X,10.5,6.7,8.8,32,202,6,1.567,0.45,22.95,Mid-size,Regular Gasoline
CHEVROLET,CRUZE,MID-SIZE,1.8,4,M,X,9.5,6.5,8.2,34,189,6,1.462,0.45,23.05,Mid-size,Regular Gasoline
CHEVROLET,CRUZE DIESEL,MID-SIZE,2.0,4,AS,D,8.7,5.1,7.1,40,192,6,1.706,0.5,27.04,Mid-size,Diesel
CHEVROLET,CRUZE ECO,MID-SIZE,1.4,4,A,X,9.1,6.0,7.7,37,177,6,1.517,0.35,22.99,Mid-size,Regular Gasoline
CHEVROLET,CRUZE ECO,MID-SIZE,1.4,4,M,X,8.4,5.6,7.1,40,163,6,1.5,0.35,22.96,Mid-size,Regular Gasoline
CHEVROLET,EQUINOX,SUV - SMALL,2.4,4,A,X,10.5,7.3,9.1,31,209,6,1.438,0.6,22.97,SUV,Regular Gasoline
CHEVROLET,EQUINOX,SUV - SMALL,3.6,6,A,X,13.9,9.6,12.0,24,276,6,1.448,0.6,23.0,SUV,Regular Gasoline
CHEVROLET,EQUINOX,SUV - SMALL,3.6,6,A,E,18.8,13.1,16.2,17,259,6,1.435,0.6,15.99,SUV,Ethanol (E85)
CHEVROLET,EQUINOX AWD,SUV - SMALL,2.4,4,A,X,11.5,8.2,10.0,28,230,6,1.402,0.6,23.0,SUV,Regular Gasoline
CHEVROLET,EQUINOX AWD,SUV - SMALL,3.6,6,A,X,14.8,9.9,12.6,22,290,6,1.495,0.6,23.02,SUV,Regular Gasoline
CHEVROLET,EQUINOX AWD,SUV - SMALL,3.6,6,A,E,19.8,13.6,17.0,17,272,6,1.456,0.6,16.0,SUV,Ethanol (E85)
CHEVROLET,EXPRESS 1500 CARGO,VAN - CARGO,4.3,6,A,X,17.1,12.7,15.1,19,347,4,1.346,0.717,22.98,Truck/Van,Regular Gasoline
CHEVROLET,EXPRESS 1500 CARGO,VAN - CARGO,5.3,8,A,X,18.0,13.4,15.9,18,366,4,1.343,0.662,23.02,Truck/Van,Regular Gasoline
CHEVROLET,EXPRESS 1500 CARGO,VAN - CARGO,5.3,8,A,E,23.5,17.7,20.9,14,334,4,1.328,0.662,15.98,Truck/Van,Ethanol (E85)
CHEVROLET,EXPRESS 1500 CARGO AWD,VAN - CARGO,5.3,8,A,X,18.3,14.2,16.5,17,380,4,1.289,0.662,23.03,Truck/Van,Regular Gasoline
CHEVROLET,EXPRESS 1500 CARGO AWD,VAN - CARGO,5.3,8,A,E,23.7,18.8,21.5,13,344,4,1.261,0.662,16.0,Truck/Van,Ethanol (E85)
CHEVROLET,EXPRESS 1500 CARGO CONV,VAN - CARGO,5.3,8,A,X,18.6,13.9,16.5,17,380,4,1.338,0.662,23.03,Truck/Van,Regular Gasoline
CHEVROLET,EXPRESS 1500 CARGO CONV,VAN - CARGO,5.3,8,A,E,23.9,18.5,21.5,13,344,4,1.292,0.662,16.0,Truck/Van,Ethanol (E85)
CHEVROLET,EXPRESS 1500 CARGO CONV AWD,VAN - CARGO,5.3,8,A,X,18.3,14.2,16.5,17,380,4,1.289,0.662,23.03,Truck/Van,Regular Gasoline
CHEVROLET,EXPRESS 1500 CARGO CONV AWD,VAN - CARGO,5.3,8,A,E,25.3,19.3,22.6,12,362,4,1.311,0.662,16.02,Truck/Van,Ethanol (E85)
CHEVROLET,EXPRESS 1500 PASSENGER,VAN - PASSENGER,5.3,8,A,X,18.6,13.9,16.5,17,380,4,1.338,0.662,23.03,Truck/Van,Regular Gasoline
CHEVROLET,EXPRESS 1500 PASSENGER,VAN - PASSENGER,5.3,8,A,E,23.9,18.5,21.5,13,344,4,1.292,0.662,16.0,Truck/Van,Ethanol (E85)
CHEVROLET,EXPRESS 1500 PASSENGER AWD,VAN - PASSENGER,5.3,8,A,X,18.3,14.2,16.5,17,380,4,1.289,0.662,23.03,Truck/Van,Regular Gasoline
CHEVROLET,EXPRESS 1500 PASSENGER AWD,VAN - PASSENGER,5.3,8,A,E,25.3,19.3,22.6,12,362,4,1.311,0.662,16.02,Truck/Van,Ethanol (E85)
CHEVROLET,EXPRESS 2500 PASSENGER,VAN - PASSENGER,4.8,8,A,X,21.1,14.2,18.0,16,414,6,1.486,0.6,23.0,Truck/Van,Regular Gasoline
CHEVROLET,EXPRESS 2500 PASSENGER,VAN - PASSENGER,6.0,8,A,X,21.9,15.0,18.8,15,432,6,1.46,0.75,22.98,Truck/Van,Regular Gasoline
CHEVROLET,EXPRESS 2500 PASSENGER,VAN - PASSENGER,6.0,8,A,E,30.0,20.4,25.7,11,411,6,1.471,0.75,15.99,Truck/Van,Ethanol (E85)
CHEVROLET,EXPRESS 3500 PASSENGER,VAN - PASSENGER,4.8,8,A,X,21.3,14.3,18.2,16,419,6,1.49,0.6,23.02,Truck/Van,Regular Gasoline
CHEVROLET,EXPRESS 3500 PASSENGER,VAN - PASSENGER,6.0,8,A,X,22.1,15.0,18.9,15,435,6,1.473,0.75,23.02,Truck/Van,Regular Gasoline
CHEVROLET,EXPRESS 3500 PASSENGER,VAN - PASSENGER,6.0,8,A,E,30.2,20.5,25.8,11,413,6,1.473,0.75,16.01,Truck/Van,Ethanol (E85)
CHEVROLET,IMPALA,FULL-SIZE,2.5,4,AS,X,11.3,7.5,9.6,29,221,6,1.507,0.625,23.02,Mid-size,Regular Gasoline
CHEVROLET,IMPALA,FULL-SIZE,3.6,6,AS,X,12.6,8.2,10.6,27,244,6,1.537,0.6,23.02,Mid-size,Regular Gasoline
CHEVROLET,IMPALA,FULL-SIZE,3.6,6,AS,E,16.7,11.3,14.3,20,229,6,1.478,0.6,16.01,Mid-size,Ethanol (E85)
CHEVROLET,IMPALA ECO,FULL-SIZE,2.4,4,AS,X,10.0,7.0,8.7,32,200,6,1.429,0.6,22.99,Mid-size,Regular Gasoline
CHEVROLET,MALIBU,MID-SIZE,2.0,4,AS,Z,11.5,7.9,9.9,29,228,6,1.456,0.5,23.03,Mid-size,Premium Gasoline
CHEVROLET,MALIBU,MID-SIZE,2.5,4,AS,X,9.3,6.4,8.0,35,184,6,1.453,0.625,23.0,Mid-size,Regular Gasoline
CHEVROLET,ORLANDO,SUV - SMALL,2.4,4,AS,X,12.2,8.6,10.6,27,244,6,1.419,0.6,23.02,SUV,Regular Gasoline
CHEVROLET,ORLANDO,SUV - SMALL,2.4,4,M,X,11.8,8.3,10.2,28,235,6,1.422,0.6,23.04,SUV,Regular Gasoline
CHEVROLET,SILVERADO,PICKUP TRUCK - STANDARD,4.3,6,A,X,13.4,9.9,11.8,24,271,6,1.354,0.717,22.97,Truck/Van,Regular Gasoline
CHEVROLET,SILVERADO,PICKUP TRUCK - STANDARD,4.3,6,A,E,18.9,14.2,16.8,17,269,6,1.331,0.717,16.01,Truck/Van,Ethanol (E85)
CHEVROLET,SILVERADO,PICKUP TRUCK - STANDARD,5.3,8,A,X,14.6,10.3,12.7,22,292,6,1.417,0.662,22.99,Truck/Van,Regular Gasoline
CHEVROLET,SILVERADO,PICKUP TRUCK - STANDARD,5.3,8,A,E,19.5,13.7,16.9,17,270,6,1.423,0.662,15.98,Truck/Van,Ethanol (E85)
CHEVROLET,SILVERADO,PICKUP TRUCK - STANDARD,6.2,8,A,Z,16.3,11.4,14.1,20,324,6,1.43,0.775,22.98,Truck/Van,Premium Gasoline
CHEVROLET,SILVERADO 4WD,PICKUP TRUCK - STANDARD,4.3,6,A,X,14.2,10.6,12.6,22,290,6,1.34,0.717,23.02,Truck/Van,Regular Gasoline
CHEVROLET,SILVERADO 4WD,PICKUP TRUCK - STANDARD,4.3,6,A,E,20.0,15.1,17.8,16,285,6,1.325,0.717,16.01,Truck/Van,Ethanol (E85)
CHEVROLET,SILVERADO 4WD,PICKUP TRUCK - STANDARD,5.3,8,A,X,14.9,10.6,13.0,22,299,6,1.406,0.662,23.0,Truck/Van,Regular Gasoline
CHEVROLET,SILVERADO 4WD,PICKUP TRUCK - STANDARD,5.3,8,A,E,19.9,14.2,17.3,16,277,6,1.401,0.662,16.01,Truck/Van,Ethanol (E85)
CHEVROLET,SILVERADO 4WD,PICKUP TRUCK - STANDARD,6.2,8,A,Z,16.4,11.7,14.3,20,329,6,1.402,0.775,23.01,Truck/Van,Premium Gasoline
CHEVROLET,SONIC,COMPACT,1.4,4,AS,X,9.1,6.7,8.0,35,184,6,1.358,0.35,23.0,Compact/Small,Regular Gasoline
CHEVROLET,SONIC,COMPACT,1.4,4,M,X,8.5,6.2,7.5,38,173,6,1.371,0.35,23.07,Compact/Small,Regular Gasoline
CHEVROLET,SONIC,COMPACT,1.8,4,AS,X,9.6,6.6,8.3,34,191,6,1.455,0.45,23.01,Compact/Small,Regular Gasoline
CHEVROLET,SONIC,COMPACT,1.8,4,M,X,8.9,6.7,7.9,36,182,5,1.328,0.45,23.04,Compact/Small,Regular Gasoline
CHEVROLET,SONIC RS,COMPACT,1.4,4,AS,X,9.4,7.0,8.3,34,191,6,1.343,0.35,23.01,Compact/Small,Regular Gasoline
CHEVROLET,SONIC RS,COMPACT,1.4,4,M,X,8.8,7.0,8.0,35,184,6,1.257,0.35,23.0,Compact/Small,Regular Gasoline
CHEVROLET,SONIC 5,MID-SIZE,1.4,4,AS,X,9.1,6.7,8.0,35,184,6,1.358,0.35,23.0,Mid-size,Regular Gasoline
CHEVROLET,SONIC 5,MID-SIZE,1.4,4,M,X,8.5,6.2,7.5,38,172,6,1.371,0.35,22.93,Mid-size,Regular Gasoline
CHEVROLET,SONIC 5,MID-SIZE,1.8,4,AS,X,9.6,6.6,8.3,34,191,6,1.455,0.45,23.01,Mid-size,Regular Gasoline
CHEVROLET,SONIC 5,MID-SIZE,1.8,4,M,X,8.9,6.7,7.9,36,182,5,1.328,0.45,23.04,Mid-size,Regular Gasoline
CHEVROLET,SONIC 5 RS,MID-SIZE,1.4,4,AS,X,9.4,7.0,8.3,34,191,6,1.343,0.35,23.01,Mid-size,Regular Gasoline
CHEVROLET,SONIC 5 RS,MID-SIZE,1.4,4,M,X,8.8,7.0,8.0,35,184,6,1.257,0.35,23.0,Mid-size,Regular Gasoline
CHEVROLET,SPARK,SUBCOMPACT,1.2,4,AV,X,7.7,6.0,6.9,41,159,,1.283,0.3,23.04,Compact/Small,Regular Gasoline
CHEVROLET,SPARK,SUBCOMPACT,1.2,4,M,X,7.6,6.0,6.9,41,159,5,1.267,0.3,23.04,Compact/Small,Regular Gasoline
CHEVROLET,SUBURBAN,SUV - STANDARD,5.3,8,A,X,16.0,11.1,13.8,20,317,6,1.441,0.662,22.97,SUV,Regular Gasoline
CHEVROLET,SUBURBAN,SUV - STANDARD,5.3,8,A,E,21.5,14.6,18.4,15,294,6,1.473,0.662,15.98,SUV,Ethanol (E85)
CHEVROLET,SUBURBAN 4WD,SUV - STANDARD,5.3,8,A,X,16.0,11.1,13.8,20,317,6,1.441,0.662,22.97,SUV,Regular Gasoline
CHEVROLET,SUBURBAN 4WD,SUV - STANDARD,5.3,8,A,E,21.5,14.6,18.4,15,294,6,1.473,0.662,15.98,SUV,Ethanol (E85)
CHEVROLET,TAHOE,SUV - STANDARD,5.3,8,A,X,16.0,11.1,13.8,20,317,6,1.441,0.662,22.97,SUV,Regular Gasoline
CHEVROLET,TAHOE,SUV - STANDARD,5.3,8,A,E,21.5,14.6,18.4,15,294,6,1.473,0.662,15.98,SUV,Ethanol (E85)
CHEVROLET,TAHOE 4WD,SUV - STANDARD,5.3,8,A,X,16.0,11.1,13.8,20,317,6,1.441,0.662,22.97,SUV,Regular Gasoline
CHEVROLET,TAHOE 4WD,SUV - STANDARD,5.3,8,A,E,21.5,14.6,18.4,15,294,6,1.473,0.662,15.98,SUV,Ethanol (E85)
CHEVROLET,TRAVERSE,SUV - STANDARD,3.6,6,A,X,14.3,9.9,12.3,23,283,6,1.444,0.6,23.01,SUV,Regular Gasoline
CHEVROLET,TRAVERSE AWD,SUV - STANDARD,3.6,6,A,X,14.6,10.2,12.6,22,290,6,1.431,0.6,23.02,SUV,Regular Gasoline
CHEVROLET,TRAX,SUV - SMALL,1.4,4,AS,X,9.4,7.1,8.4,34,193,6,1.324,0.35,22.98,SUV,Regular Gasoline
CHEVROLET,TRAX,SUV - SMALL,1.4,4,M,X,9.1,6.8,8.1,35,186,6,1.338,0.35,22.96,SUV,Regular Gasoline
CHEVROLET,TRAX AWD,SUV - SMALL,1.4,4,AS,X,10.0,7.8,9.0,31,207,6,1.282,0.35,23.0,SUV,Regular Gasoline
CHRYSLER,300,FULL-SIZE,3.6,6,A,X,12.4,7.7,10.3,27,237,8,1.61,0.6,23.01,Mid-size,Regular Gasoline
CHRYSLER,200 CONVERTIBLE,COMPACT,2.4,4,A,X,11.7,8.2,10.1,28,232,4,1.427,0.6,22.97,Compact/Small,Regular Gasoline
CHRYSLER,200 CONVERTIBLE,COMPACT,2.4,4,A,X,12.9,8.1,10.7,26,246,6,1.593,0.6,22.99,Compact/Small,Regular Gasoline
CHRYSLER,200 CONVERTIBLE FFV,COMPACT,3.6,6,A,X,12.5,8.1,10.5,27,242,6,1.543,0.6,23.05,Compact/Small,Regular Gasoline
CHRYSLER,200 CONVERTIBLE FFV,COMPACT,3.6,6,A,E,17.0,11.2,14.4,20,230,6,1.518,0.6,15.97,Compact/Small,Ethanol (E85)
CHRYSLER,200 SEDAN,MID-SIZE,2.4,4,A,X,11.2,8.0,9.8,29,225,4,1.4,0.6,22.96,Mid-size,Regular Gasoline
CHRYSLER,200 SEDAN,MID-SIZE,2.4,4,A,X,12.0,7.6,10.0,28,230,6,1.579,0.6,23.0,Mid-size,Regular Gasoline
CHRYSLER,200 SEDAN FFV,MID-SIZE,3.6,6,A,X,12.5,8.1,10.5,27,242,6,1.543,0.6,23.05,Mid-size,Regular Gasoline
CHRYSLER,200 SEDAN FFV,MID-SIZE,3.6,6,A,E,17.0,11.2,14.4,20,230,6,1.518,0.6,15.97,Mid-size,Ethanol (E85)
CHRYSLER,300 (MDS),FULL-SIZE,5.7,8,A,X,15.8,9.2,12.8,22,294,5,1.717,0.712,22.97,Mid-size,Regular Gasoline
CHRYSLER,300 AWD,FULL-SIZE,3.6,6,A,X,12.8,8.6,10.9,26,251,8,1.488,0.6,23.03,Mid-size,Regular Gasoline
CHRYSLER,300 AWD (MDS),FULL-SIZE,5.7,8,A,X,16.1,10.0,13.4,21,308,5,1.61,0.712,22.99,Mid-size,Regular Gasoline
CHRYSLER,300 AWD FFV,FULL-SIZE,3.6,6,A,X,12.8,8.6,10.9,26,251,8,1.488,0.6,23.03,Mid-size,Regular Gasoline
CHRYSLER,300 AWD FFV,FULL-SIZE,3.6,6,A,E,17.3,11.7,14.8,19,237,8,1.479,0.6,16.01,Mid-size,Ethanol (E85)
CHRYSLER,300 FFV,FULL-SIZE,3.6,6,A,X,12.4,7.7,10.3,27,237,8,1.61,0.6,23.01,Mid-size,Regular Gasoline
CHRYSLER,300 FFV,FULL-SIZE,3.6,6,A,E,16.8,10.3,13.9,20,222,8,1.631,0.6,15.97,Mid-size,Ethanol (E85)
CHRYSLER,300 SRT (MDS),FULL-SIZE,6.4,8,A,Z,16.7,10.3,13.8,20,317,5,1.621,0.8,22.97,Mid-size,Premium Gasoline
CHRYSLER,TOWN & COUNTRY FFV,MINIVAN,3.6,6,A,X,14.1,9.5,12.0,24,276,6,1.484,0.6,23.0,Truck/Van,Regular Gasoline
CHRYSLER,TOWN & COUNTRY FFV,MINIVAN,3.6,6,A,E,19.7,13.3,16.8,17,269,6,1.481,0.6,16.01,Truck/Van,Ethanol (E85)
DODGE,AVENGER,MID-SIZE,2.4,4,A,X,11.2,8.0,9.8,29,225,4,1.4,0.6,22.96,Mid-size,Regular Gasoline
DODGE,AVENGER,MID-SIZE,2.4,4,A,X,12.0,7.6,10.0,28,230,6,1.579,0.6,23.0,Mid-size,Regular Gasoline
DODGE,AVENGER FFV,MID-SIZE,3.6,6,A,X,12.5,8.1,10.5,27,242,6,1.543,0.6,23.05,Mid-size,Regular Gasoline
DODGE,AVENGER FFV,MID-SIZE,3.6,6,A,E,17.0,11.2,14.4,20,230,6,1.518,0.6,15.97,Mid-size,Ethanol (E85)
DODGE,CHALLENGER,MID-SIZE,3.6,6,A,X,13.2,8.7,11.2,25,258,5,1.517,0.6,23.04,Mid-size,Regular Gasoline
DODGE,CHALLENGER,MID-SIZE,5.7,8,M,X,15.6,10.0,13.1,22,301,6,1.56,0.712,22.98,Mid-size,Regular Gasoline
DODGE,CHALLENGER (MDS),MID-SIZE,5.7,8,A,X,15.8,9.2,12.8,22,294,5,1.717,0.712,22.97,Mid-size,Regular Gasoline
DODGE,CHALLENGER SRT,MID-SIZE,6.4,8,M,Z,16.8,10.4,13.9,20,320,6,1.615,0.8,23.02,Mid-size,Premium Gasoline
DODGE,CHALLENGER SRT (MDS),MID-SIZE,6.4,8,A,Z,16.7,10.3,13.8,20,317,5,1.621,0.8,22.97,Mid-size,Premium Gasoline
DODGE,CHARGER,FULL-SIZE,3.6,6,A,X,13.2,8.7,11.2,25,258,5,1.517,0.6,23.04,Mid-size,Regular Gasoline
DODGE,CHARGER,FULL-SIZE,3.6,6,A,X,12.4,7.7,10.3,27,237,8,1.61,0.6,23.01,Mid-size,Regular Gasoline
DODGE,CHARGER (MDS),FULL-SIZE,5.7,8,A,X,15.8,9.2,12.8,22,294,5,1.717,0.712,22.97,Mid-size,Regular Gasoline
DODGE,CHARGER AWD,FULL-SIZE,3.6,6,A,X,12.8,8.6,10.9,26,251,8,1.488,0.6,23.03,Mid-size,Regular Gasoline
DODGE,CHARGER AWD (MDS),FULL-SIZE,5.7,8,A,X,16.1,10.0,13.4,21,308,5,1.61,0.712,22.99,Mid-size,Regular Gasoline
DODGE,CHARGER AWD FFV,FULL-SIZE,3.6,6,A,X,12.8,8.6,10.9,26,251,8,1.488,0.6,23.03,Mid-size,Regular Gasoline
DODGE,CHARGER AWD FFV,FULL-SIZE,3.6,6,A,E,17.3,11.7,14.8,19,237,8,1.479,0.6,16.01,Mid-size,Ethanol (E85)
DODGE,CHARGER FFV,FULL-SIZE,3.6,6,A,X,13.2,8.7,11.2,25,258,5,1.517,0.6,23.04,Mid-size,Regular Gasoline
DODGE,CHARGER FFV,FULL-SIZE,3.6,6,A,E,18.3,12.6,15.7,18,251,5,1.452,0.6,15.99,Mid-size,Ethanol (E85)
DODGE,CHARGER FFV,FULL-SIZE,3.6,6,A,X,12.3,7.6,10.2,28,235,8,1.618,0.6,23.04,Mid-size,Regular Gasoline
DODGE,CHARGER FFV,FULL-SIZE,3.6,6,A,E,16.8,10.3,13.9,20,222,8,1.631,0.6,15.97,Mid-size,Ethanol (E85)
DODGE,CHARGER SRT (MDS),FULL-SIZE,6.4,8,A,Z,16.7,10.3,13.8,20,317,5,1.621,0.8,22.97,Mid-size,Premium Gasoline
DODGE,DART,MID-SIZE,2.0,4,M,X,9.4,6.5,8.1,35,186,6,1.446,0.5,22.96,Mid-size,Regular Gasoline
DODGE,DART,MID-SIZE,2.4,4,A,X,10.1,6.8,8.6,33,198,6,1.485,0.6,23.02,Mid-size,Regular Gasoline
DODGE,DART,MID-SIZE,2.4,4,M,X,10.5,6.7,8.8,32,202,6,1.567,0.6,22.95,Mid-size,Regular Gasoline
DODGE,DART FFV,MID-SIZE,2.0,4,A,X,9.9,7.0,8.6,33,198,6,1.414,0.5,23.02,Mid-size,Regular Gasoline
DODGE,DART FFV,MID-SIZE,2.0,4,A,E,14.2,9.8,12.2,23,195,6,1.449,0.5,15.98,Mid-size,Ethanol (E85)
DODGE,DART GT,MID-SIZE,2.4,4,A,X,10.6,7.5,9.2,31,212,6,1.413,0.6,23.04,Mid-size,Regular Gasoline
DODGE,DART GT,MID-SIZE,2.4,4,M,X,10.2,7.0,8.8,32,202,6,1.457,0.6,22.95,Mid-size,Regular Gasoline
DODGE,DART TURBO AERO,MID-SIZE,1.4,4,AM,X,8.4,5.9,7.3,39,168,6,1.424,0.35,23.01,Mid-size,Regular Gasoline
DODGE,DART TURBO AERO,MID-SIZE,1.4,4,M,X,8.5,5.8,7.3,39,168,6,1.466,0.35,23.01,Mid-size,Regular Gasoline
DODGE,DURANGO AWD (MDS),SUV - STANDARD,5.7,8,A,X,17.3,10.8,14.4,20,331,8,1.602,0.712,22.99,SUV,Regular Gasoline
DODGE,DURANGO AWD FFV,SUV - STANDARD,3.6,6,A,X,13.9,9.8,12.1,23,278,8,1.418,0.6,22.98,SUV,Regular Gasoline
DODGE,DURANGO AWD FFV,SUV - STANDARD,3.6,6,A,E,17.7,13.0,15.6,18,250,8,1.362,0.6,16.03,SUV,Ethanol (E85)
DODGE,GRAND CARAVAN FFV,MINIVAN,3.6,6,A,X,13.7,9.4,11.8,24,271,6,1.457,0.6,22.97,Truck/Van,Regular Gasoline
DODGE,GRAND CARAVAN FFV,MINIVAN,3.6,6,A,E,19.2,13.1,16.5,17,264,6,1.466,0.6,16.0,Truck/Van,Ethanol (E85)
DODGE,JOURNEY,SUV - SMALL,2.4,4,A,X,12.7,9.1,11.1,25,255,4,1.396,0.6,22.97,SUV,Regular Gasoline
DODGE,JOURNEY AWD,SUV - SMALL,3.6,6,A,X,14.5,9.9,12.4,23,285,6,1.465,0.6,22.98,SUV,Regular Gasoline
DODGE,JOURNEY FFV,SUV - SMALL,3.6,6,A,X,14.2,9.4,12.0,24,276,6,1.511,0.6,23.0,SUV,Regular Gasoline
DODGE,JOURNEY FFV,SUV - SMALL,3.6,6,A,E,18.9,12.9,16.2,17,259,6,1.465,0.6,15.99,SUV,Ethanol (E85)
FIAT,500 ABARTH CABRIO,MINICOMPACT,1.4,4,M,X,8.5,6.9,7.8,36,179,5,1.232,0.35,22.95,Compact/Small,Regular Gasoline
FIAT,500 ABARTH HATCHBACK,MINICOMPACT,1.4,4,M,X,8.5,6.9,7.8,36,179,5,1.232,0.35,22.95,Compact/Small,Regular Gasoline
FIAT,500 CABRIO,MINICOMPACT,1.4,4,A,X,8.7,6.9,7.9,36,182,6,1.261,0.35,23.04,Compact/Small,Regular Gasoline
FIAT,500 CABRIO,MINICOMPACT,1.4,4,M,X,7.9,6.3,7.2,39,166,5,1.254,0.35,23.06,Compact/Small,Regular Gasoline
FIAT,500 CABRIO TURBO,MINICOMPACT,1.4,4,M,X,8.5,6.9,7.8,36,179,5,1.232,0.35,22.95,Compact/Small,Regular Gasoline
FIAT,500 HATCHBACK,MINICOMPACT,1.4,4,A,X,8.7,6.9,7.9,36,182,6,1.261,0.35,23.04,Compact/Small,Regular Gasoline
FIAT,500 HATCHBACK,MINICOMPACT,1.4,4,M,X,7.6,5.9,6.8,42,156,5,1.288,0.35,22.94,Compact/Small,Regular Gasoline
FIAT,500 HATCHBACK TURBO,MINICOMPACT,1.4,4,M,X,8.5,6.9,7.8,36,179,5,1.232,0.35,22.95,Compact/Small,Regular Gasoline
FIAT,500L TURBO,STATION WAGON - SMALL,1.4,4,AM,X,10.0,7.2,8.7,32,200,6,1.389,0.35,22.99,Mid-size,Regular Gasoline
FIAT,500L TURBO,STATION WAGON - SMALL,1.4,4,M,X,9.3,7.2,8.4,34,193,6,1.292,0.35,22.98,Mid-size,Regular Gasoline
FORD,C-MAX HYBRID,FULL-SIZE,2.0,4,AV,X,5.6,6.4,6.0,47,138,,0.875,0.5,23.0,Mid-size,Regular Gasoline
FORD,E150 VAN FFV,VAN - CARGO,4.6,8,A,X,17.7,14.4,16.2,17,373,4,1.229,0.575,23.02,Truck/Van,Regular Gasoline
FORD,E150 VAN FFV,VAN - CARGO,4.6,8,A,E,24.1,19.2,21.9,13,350,4,1.255,0.575,15.98,Truck/Van,Ethanol (E85)
FORD,E150 VAN FFV,VAN - CARGO,5.4,8,A,X,19.3,14.7,17.2,16,396,4,1.313,0.675,23.02,Truck/Van,Regular Gasoline
FORD,E150 VAN FFV,VAN - CARGO,5.4,8,A,E,24.9,19.6,22.5,13,360,4,1.27,0.675,16.0,Truck/Van,Ethanol (E85)
FORD,E150 WAGON FFV,VAN - PASSENGER,4.6,8,A,X,18.6,14.6,16.8,17,386,4,1.274,0.575,22.98,Truck/Van,Regular Gasoline
FORD,E150 WAGON FFV,VAN - PASSENGER,4.6,8,A,E,25.5,20.0,23.0,12,368,4,1.275,0.575,16.0,Truck/Van,Ethanol (E85)
FORD,E350 WAGON,VAN - PASSENGER,6.8,10,A,X,23.9,17.8,21.2,13,488,5,1.343,0.68,23.02,Truck/Van,Regular Gasoline
FORD,E350 WAGON FFV,VAN - PASSENGER,5.4,8,A,X,20.6,15.5,18.3,15,421,4,1.329,0.675,23.01,Truck/Van,Regular Gasoline
FORD,E350 WAGON FFV,VAN - PASSENGER,5.4,8,A,E,26.7,20.5,23.9,12,382,4,1.302,0.675,15.98,Truck/Van,Ethanol (E85)
FORD,EDGE,SUV - SMALL,2.0,4,A,X,11.3,7.9,9.8,29,225,6,1.43,0.5,22.96,SUV,Regular Gasoline
FORD,EDGE,SUV - SMALL,3.5,6,AS,X,12.6,8.7,10.8,26,248,6,1.448,0.583,22.96,SUV,Regular Gasoline
FORD,EDGE AWD,SUV - SMALL,3.5,6,AS,X,13.3,9.3,11.5,25,264,6,1.43,0.583,22.96,SUV,Regular Gasoline
FORD,EDGE AWD,SUV - SMALL,3.7,6,AS,X,13.7,10.4,12.2,23,281,6,1.317,0.617,23.03,SUV,Regular Gasoline
FORD,ESCAPE,SUV - SMALL,1.6,4,AS,X,10.4,7.4,9.1,31,209,6,1.405,0.4,22.97,SUV,Regular Gasoline
FORD,ESCAPE,SUV - SMALL,2.0,4,AS,X,10.9,8.0,9.6,29,221,6,1.362,0.5,23.02,SUV,Regular Gasoline
FORD,ESCAPE,SUV - SMALL,2.5,4,AS,X,10.9,7.5,9.4,30,216,6,1.453,0.625,22.98,SUV,Regular Gasoline
FORD,ESCAPE AWD,SUV - SMALL,1.6,4,AS,X,10.5,7.9,9.3,30,214,6,1.329,0.4,23.01,SUV,Regular Gasoline
FORD,ESCAPE AWD,SUV - SMALL,2.0,4,AS,X,11.2,8.5,10.0,28,230,6,1.318,0.5,23.0,SUV,Regular Gasoline
FORD,EXPEDITION 4X4 FFV,SUV - STANDARD,5.4,8,A,X,18.2,13.3,16.0,18,368,6,1.368,0.675,23.0,SUV,Regular Gasoline
FORD,EXPEDITION 4X4 FFV,SUV - STANDARD,5.4,8,A,E,24.5,18.0,21.6,13,346,6,1.361,0.675,16.02,SUV,Ethanol (E85)
FORD,EXPLORER,SUV - STANDARD,2.0,4,A,X,11.8,8.3,10.2,28,235,6,1.422,0.5,23.04,SUV,Regular Gasoline
FORD,EXPLORER AWD,SUV - STANDARD,3.5,6,AS,X,14.8,10.7,13.0,22,299,6,1.383,0.583,23.0,SUV,Regular Gasoline
FORD,EXPLORER FFV,SUV - STANDARD,3.5,6,AS,X,13.7,9.7,11.9,24,274,6,1.412,0.583,23.03,SUV,Regular Gasoline
FORD,EXPLORER FFV,SUV - STANDARD,3.5,6,AS,E,18.3,12.9,15.9,18,254,6,1.419,0.583,15.97,SUV,Ethanol (E85)
FORD,EXPLORER FFV AWD,SUV - STANDARD,3.5,6,AS,X,14.3,10.3,12.5,23,288,6,1.388,0.583,23.04,SUV,Regular Gasoline
FORD,EXPLORER FFV AWD,SUV - STANDARD,3.5,6,AS,E,18.9,13.9,16.7,17,267,6,1.36,0.583,15.99,SUV,Ethanol (E85)
FORD,F-150,PICKUP TRUCK - STANDARD,3.5,6,A,X,14.5,10.6,12.7,22,292,6,1.368,0.583,22.99,Truck/Van,Regular Gasoline
FORD,F-150,PICKUP TRUCK - STANDARD,3.5,6,AS,X,14.6,10.6,12.8,22,294,6,1.377,0.583,22.97,Truck/Van,Regular Gasoline
FORD,F-150,PICKUP TRUCK - STANDARD,6.2,8,AS,X,18.3,12.9,15.9,18,366,6,1.419,0.775,23.02,Truck/Van,Regular Gasoline
FORD,F-150 4X4,PICKUP TRUCK - STANDARD,3.5,6,A,X,15.9,11.3,13.8,20,317,6,1.407,0.583,22.97,Truck/Van,Regular Gasoline
FORD,F-150 4X4,PICKUP TRUCK - STANDARD,3.5,6,AS,X,15.4,11.0,13.4,21,308,6,1.4,0.583,22.99,Truck/Van,Regular Gasoline
FORD,F-150 4X4,PICKUP TRUCK - STANDARD,6.2,8,AS,X,20.1,14.4,17.5,16,402,6,1.396,0.775,22.97,Truck/Van,Regular Gasoline
FORD,F-150 FFV,PICKUP TRUCK - STANDARD,3.7,6,A,X,14.0,10.3,12.3,23,283,6,1.359,0.617,23.01,Truck/Van,Regular Gasoline
FORD,F-150 FFV,PICKUP TRUCK - STANDARD,3.7,6,A,E,18.8,13.7,16.5,17,264,6,1.372,0.617,16.0,Truck/Van,Ethanol (E85)
FORD,F-150 FFV,PICKUP TRUCK - STANDARD,3.7,6,AS,X,14.0,10.3,12.3,23,283,6,1.359,0.617,23.01,Truck/Van,Regular Gasoline
FORD,F-150 FFV,PICKUP TRUCK - STANDARD,3.7,6,AS,E,18.8,13.7,16.5,17,264,6,1.372,0.617,16.0,Truck/Van,Ethanol (E85)
FORD,F-150 FFV,PICKUP TRUCK - STANDARD,5.0,8,A,X,16.4,12.3,14.6,19,336,6,1.333,0.625,23.01,Truck/Van,Regular Gasoline
FORD,F-150 FFV,PICKUP TRUCK - STANDARD,5.0,8,A,E,22.1,16.7,19.7,14,315,6,1.323,0.625,15.99,Truck/Van,Ethanol (E85)
FORD,F-150 FFV,PICKUP TRUCK - STANDARD,5.0,8,AS,X,16.4,12.3,14.6,19,336,6,1.333,0.625,23.01,Truck/Van,Regular Gasoline
FORD,F-150 FFV,PICKUP TRUCK - STANDARD,5.0,8,AS,E,22.1,16.7,19.7,14,315,6,1.323,0.625,15.99,Truck/Van,Ethanol (E85)
FORD,F-150 FFV 4X4,PICKUP TRUCK - STANDARD,3.7,6,A,X,15.0,11.4,13.4,21,308,6,1.316,0.617,22.99,Truck/Van,Regular Gasoline
FORD,F-150 FFV 4X4,PICKUP TRUCK - STANDARD,3.7,6,A,E,20.2,15.3,18.0,16,288,6,1.32,0.617,16.0,Truck/Van,Ethanol (E85)
FORD,F-150 FFV 4X4,PICKUP TRUCK - STANDARD,3.7,6,AS,X,15.0,11.4,13.4,21,308,6,1.316,0.617,22.99,Truck/Van,Regular Gasoline
FORD,F-150 FFV 4X4,PICKUP TRUCK - STANDARD,3.7,6,AS,E,20.2,15.3,18.0,16,288,6,1.32,0.617,16.0,Truck/Van,Ethanol (E85)
FORD,F-150 FFV 4X4,PICKUP TRUCK - STANDARD,5.0,8,A,X,16.8,12.6,14.9,19,343,6,1.333,0.625,23.02,Truck/Van,Regular Gasoline
FORD,F-150 FFV 4X4,PICKUP TRUCK - STANDARD,5.0,8,A,E,22.4,17.0,20.0,14,320,6,1.318,0.625,16.0,Truck/Van,Ethanol (E85)
FORD,F-150 FFV 4X4,PICKUP TRUCK - STANDARD,5.0,8,AS,X,16.7,12.5,14.8,19,340,6,1.336,0.625,22.97,Truck/Van,Regular Gasoline
FORD,F-150 FFV 4X4,PICKUP TRUCK - STANDARD,5.0,8,AS,E,22.4,16.9,19.9,14,318,6,1.325,0.625,15.98,Truck/Van,Ethanol (E85)
FORD,F-150 RAPTOR 4X4,PICKUP TRUCK - STANDARD,6.2,8,AS,X,20.4,15.0,18.0,16,414,6,1.36,0.775,23.0,Truck/Van,Regular Gasoline
FORD,FIESTA,SUBCOMPACT,1.6,4,AS,X,8.5,6.5,7.6,37,175,6,1.308,0.4,23.03,Compact/Small,Regular Gasoline
FORD,FIESTA,SUBCOMPACT,1.6,4,M,X,8.6,6.4,7.6,37,175,5,1.344,0.4,23.03,Compact/Small,Regular Gasoline
FORD,FIESTA SFE,SUBCOMPACT,1.0,4,M,X,7.5,5.5,6.6,43,152,5,1.364,0.25,23.03,Compact/Small,Regular Gasoline
FORD,FIESTA SFE,SUBCOMPACT,1.6,4,AS,X,8.0,5.8,7.0,40,161,6,1.379,0.4,23.0,Compact/Small,Regular Gasoline
FORD,FIESTA ST,COMPACT,1.6,4,M,X,8.9,6.8,8.0,35,184,6,1.309,0.4,23.0,Compact/Small,Regular Gasoline
FORD,FLEX,SUV - STANDARD,3.5,6,AS,X,13.2,9.4,11.5,25,264,6,1.404,0.583,22.96,SUV,Regular Gasoline
FORD,FLEX AWD,SUV - STANDARD,3.5,6,AS,X,13.7,10.2,12.1,23,278,6,1.343,0.583,22.98,SUV,Regular Gasoline
FORD,FLEX AWD (EcoBoost),SUV - STANDARD,3.5,6,AS,X,14.8,10.4,12.8,22,294,6,1.423,0.583,22.97,SUV,Regular Gasoline
FORD,FOCUS,COMPACT,2.0,4,M,X,10.2,7.4,8.9,32,205,6,1.378,0.5,23.03,Compact/Small,Regular Gasoline
FORD,FOCUS FFV,COMPACT,2.0,4,A,X,8.8,6.4,7.7,37,177,6,1.375,0.5,22.99,Compact/Small,Regular Gasoline
FORD,FOCUS FFV,COMPACT,2.0,4,A,E,11.7,8.5,10.3,27,165,6,1.376,0.5,16.02,Compact/Small,Ethanol (E85)
FORD,FOCUS FFV,COMPACT,2.0,4,AS,X,8.9,6.4,7.8,36,179,6,1.391,0.5,22.95,Compact/Small,Regular Gasoline
FORD,FOCUS FFV,COMPACT,2.0,4,AS,E,11.7,8.5,10.3,27,165,6,1.376,0.5,16.02,Compact/Small,Ethanol (E85)
FORD,FOCUS FFV,COMPACT,2.0,4,M,X,9.1,6.6,8.0,35,184,5,1.379,0.5,23.0,Compact/Small,Regular Gasoline
FORD,FOCUS FFV,COMPACT,2.0,4,M,E,11.9,8.9,10.6,27,170,5,1.337,0.5,16.04,Compact/Small,Ethanol (E85)
FORD,FOCUS SFE FFV,COMPACT,2.0,4,A,X,8.4,5.8,7.2,39,166,6,1.448,0.5,23.06,Compact/Small,Regular Gasoline
FORD,FOCUS SFE FFV,COMPACT,2.0,4,A,E,11.6,8.3,10.1,28,162,6,1.398,0.5,16.04,Compact/Small,Ethanol (E85)
FORD,FUSION,MID-SIZE,1.5,4,AS,X,10.1,6.6,8.5,33,196,6,1.53,0.375,23.06,Mid-size,Regular Gasoline
FORD,FUSION,MID-SIZE,1.6,4,M,X,9.4,6.4,8.1,35,186,6,1.469,0.4,22.96,Mid-size,Regular Gasoline
FORD,FUSION,MID-SIZE,2.0,4,AS,X,10.5,7.1,9.0,31,207,6,1.479,0.5,23.0,Mid-size,Regular Gasoline
FORD,FUSION,MID-SIZE,2.5,4,AS,X,10.5,7.0,8.9,32,205,6,1.5,0.625,23.03,Mid-size,Regular Gasoline
FORD,FUSION (Start/Stop),MID-SIZE,1.5,4,AS,X,9.5,6.3,8.1,35,186,6,1.508,0.375,22.96,Mid-size,Regular Gasoline
FORD,FUSION AWD,MID-SIZE,2.0,4,AS,X,10.9,7.5,9.4,30,216,6,1.453,0.5,22.98,Mid-size,Regular Gasoline
FORD,FUSION HYBRID,MID-SIZE,2.0,4,AV,X,5.3,5.7,5.5,51,126,,0.93,0.5,22.91,Mid-size,Regular Gasoline
FORD,MUSTANG,SUBCOMPACT,3.7,6,A,X,12.1,7.8,10.2,28,235,6,1.551,0.617,23.04,Compact/Small,Regular Gasoline
FORD,MUSTANG,SUBCOMPACT,3.7,6,M,X,12.7,8.1,10.6,27,244,6,1.568,0.617,23.02,Compact/Small,Regular Gasoline
FORD,MUSTANG,SUBCOMPACT,5.0,8,A,X,13.3,9.3,11.5,25,264,6,1.43,0.625,22.96,Compact/Small,Regular Gasoline
FORD,MUSTANG,SUBCOMPACT,5.0,8,M,X,15.4,9.4,12.7,22,292,6,1.638,0.625,22.99,Compact/Small,Regular Gasoline
FORD,MUSTANG,SUBCOMPACT,5.8,8,M,Z,15.9,9.9,13.2,21,304,6,1.606,0.725,23.03,Compact/Small,Premium Gasoline
FORD,MUSTANG CONVERTIBLE,SUBCOMPACT,3.7,6,A,X,12.5,8.2,10.6,27,244,6,1.524,0.617,23.02,Compact/Small,Regular Gasoline
FORD,TAURUS,FULL-SIZE,2.0,4,AS,X,10.5,7.3,9.1,31,209,6,1.438,0.5,22.97,Mid-size,Regular Gasoline
FORD,TAURUS AWD,FULL-SIZE,3.5,6,AS,X,13.7,9.4,11.8,24,271,6,1.457,0.583,22.97,Mid-size,Regular Gasoline
FORD,TAURUS FFV,FULL-SIZE,3.5,6,AS,X,12.1,8.1,10.3,27,237,6,1.494,0.583,23.01,Mid-size,Regular Gasoline
FORD,TAURUS FFV,FULL-SIZE,3.5,6,AS,E,17.0,11.1,14.3,20,229,6,1.532,0.583,16.01,Mid-size,Ethanol (E85)
FORD,TAURUS FFV AWD,FULL-SIZE,3.5,6,AS,X,13.0,9.1,11.2,25,258,6,1.429,0.583,23.04,Mid-size,Regular Gasoline
FORD,TAURUS FFV AWD,FULL-SIZE,3.5,6,AS,E,18.4,12.5,15.7,18,251,6,1.472,0.583,15.99,Mid-size,Ethanol (E85)
FORD,TRANSIT CONNECT,SPECIAL PURPOSE VEHICLE,1.6,4,AS,X,10.8,8.0,9.5,30,218,6,1.35,0.4,22.95,Other,Regular Gasoline
FORD,TRANSIT CONNECT,SPECIAL PURPOSE VEHICLE,2.5,4,AS,X,11.3,8.2,9.9,29,228,6,1.378,0.625,23.03,Other,Regular Gasoline
FORD,TRANSIT CONNECT TAXI,SPECIAL PURPOSE VEHICLE,1.6,4,AS,X,11.5,8.3,10.1,28,232,6,1.386,0.4,22.97,Other,Regular Gasoline
FORD,TRANSIT CONNECT WAGON,SPECIAL PURPOSE VEHICLE,2.5,4,AS,X,11.9,8.5,10.4,27,239,6,1.4,0.625,22.98,Other,Regular Gasoline
GMC,ACADIA,SUV - STANDARD,3.6,6,A,X,14.3,9.9,12.3,23,283,6,1.444,0.6,23.01,SUV,Regular Gasoline
GMC,ACADIA AWD,SUV - STANDARD,3.6,6,A,X,14.9,10.4,12.9,22,297,6,1.433,0.6,23.02,SUV,Regular Gasoline
GMC,SAVANA 1500 CARGO,VAN - CARGO,4.3,6,A,X,17.1,12.7,15.1,19,347,4,1.346,0.717,22.98,Truck/Van,Regular Gasoline
GMC,SAVANA 1500 CARGO,VAN - CARGO,5.3,8,A,X,18.0,13.4,15.9,18,366,4,1.343,0.662,23.02,Truck/Van,Regular Gasoline
GMC,SAVANA 1500 CARGO,VAN - CARGO,5.3,8,A,E,23.5,17.7,20.9,14,334,4,1.328,0.662,15.98,Truck/Van,Ethanol (E85)
GMC,SAVANA 1500 CARGO AWD,VAN - CARGO,5.3,8,A,X,18.3,14.2,16.5,17,380,4,1.289,0.662,23.03,Truck/Van,Regular Gasoline
GMC,SAVANA 1500 CARGO AWD,VAN - CARGO,5.3,8,A,E,23.7,18.8,21.5,13,344,4,1.261,0.662,16.0,Truck/Van,Ethanol (E85)
GMC,SAVANA 1500 CARGO CONV,VAN - CARGO,5.3,8,A,X,18.6,13.9,16.5,17,380,4,1.338,0.662,23.03,Truck/Van,Regular Gasoline
GMC,SAVANA 1500 CARGO CONV,VAN - CARGO,5.3,8,A,E,23.9,18.5,21.5,13,344,4,1.292,0.662,16.0,Truck/Van,Ethanol (E85)
GMC,SAVANA 1500 CARGO CONV AWD,VAN - CARGO,5.3,8,A,X,18.3,14.2,16.5,17,380,4,1.289,0.662,23.03,Truck/Van,Regular Gasoline
GMC,SAVANA 1500 CARGO CONV AWD,VAN - CARGO,5.3,8,A,E,25.3,19.3,22.6,12,362,4,1.311,0.662,16.02,Truck/Van,Ethanol (E85)
GMC,SAVANA 1500 PASSENGER,VAN - PASSENGER,5.3,8,A,X,18.6,13.9,16.5,17,380,4,1.338,0.662,23.03,Truck/Van,Regular Gasoline
GMC,SAVANA 1500 PASSENGER,VAN - PASSENGER,5.3,8,A,E,23.9,18.5,21.5,13,344,4,1.292,0.662,16.0,Truck/Van,Ethanol (E85)
GMC,SAVANA 1500 PASSENGER AWD,VAN - PASSENGER,5.3,8,A,X,18.3,14.2,16.5,17,380,4,1.289,0.662,23.03,Truck/Van,Regular Gasoline
GMC,SAVANA 1500 PASSENGER AWD,VAN - PASSENGER,5.3,8,A,E,25.3,19.3,22.6,12,362,4,1.311,0.662,16.02,Truck/Van,Ethanol (E85)
GMC,SAVANA 2500 PASSENGER,VAN - PASSENGER,4.8,8,A,X,21.1,14.2,18.0,16,414,6,1.486,0.6,23.0,Truck/Van,Regular Gasoline
GMC,SAVANA 2500 PASSENGER,VAN - PASSENGER,6.0,8,A,X,21.9,15.0,18.8,15,432,6,1.46,0.75,22.98,Truck/Van,Regular Gasoline
GMC,SAVANA 2500 PASSENGER,VAN - PASSENGER,6.0,8,A,E,30.0,20.4,25.7,11,411,6,1.471,0.75,15.99,Truck/Van,Ethanol (E85)
GMC,SAVANA 3500 PASSENGER,VAN - PASSENGER,4.8,8,A,X,21.3,14.3,18.2,16,419,6,1.49,0.6,23.02,Truck/Van,Regular Gasoline
GMC,SAVANA 3500 PASSENGER,VAN - PASSENGER,6.0,8,A,X,22.1,15.0,18.9,15,435,6,1.473,0.75,23.02,Truck/Van,Regular Gasoline
GMC,SAVANA 3500 PASSENGER,VAN - PASSENGER,6.0,8,A,E,30.2,20.5,25.8,11,413,6,1.473,0.75,16.01,Truck/Van,Ethanol (E85)
GMC,SIERRA,PICKUP TRUCK - STANDARD,4.3,6,A,X,13.4,9.9,11.8,24,271,6,1.354,0.717,22.97,Truck/Van,Regular Gasoline
GMC,SIERRA,PICKUP TRUCK - STANDARD,4.3,6,A,E,18.9,14.2,16.8,17,269,6,1.331,0.717,16.01,Truck/Van,Ethanol (E85)
GMC,SIERRA,PICKUP TRUCK - STANDARD,5.3,8,A,X,14.6,10.3,12.7,22,292,6,1.417,0.662,22.99,Truck/Van,Regular Gasoline
GMC,SIERRA,PICKUP TRUCK - STANDARD,5.3,8,A,E,19.5,13.7,16.9,17,270,6,1.423,0.662,15.98,Truck/Van,Ethanol (E85)
GMC,SIERRA,PICKUP TRUCK - STANDARD,6.2,8,A,Z,16.3,11.4,14.1,20,324,6,1.43,0.775,22.98,Truck/Van,Premium Gasoline
GMC,SIERRA 4WD,PICKUP TRUCK - STANDARD,4.3,6,A,X,14.2,10.6,12.6,22,290,6,1.34,0.717,23.02,Truck/Van,Regular Gasoline
GMC,SIERRA 4WD,PICKUP TRUCK - STANDARD,4.3,6,A,E,20.0,15.1,17.8,16,285,6,1.325,0.717,16.01,Truck/Van,Ethanol (E85)
GMC,SIERRA 4WD,PICKUP TRUCK - STANDARD,5.3,8,A,X,14.9,10.6,13.0,22,299,6,1.406,0.662,23.0,Truck/Van,Regular Gasoline
GMC,SIERRA 4WD,PICKUP TRUCK - STANDARD,5.3,8,A,E,19.9,14.2,17.3,16,277,6,1.401,0.662,16.01,Truck/Van,Ethanol (E85)
GMC,SIERRA 4WD,PICKUP TRUCK - STANDARD,6.2,8,A,Z,16.4,11.7,14.3,20,329,6,1.402,0.775,23.01,Truck/Van,Premium Gasoline
GMC,TERRAIN,SUV - SMALL,2.4,4,A,X,10.5,7.3,9.1,31,209,6,1.438,0.6,22.97,SUV,Regular Gasoline
GMC,TERRAIN,SUV - SMALL,3.6,6,A,X,13.9,9.6,12.0,24,276,6,1.448,0.6,23.0,SUV,Regular Gasoline
GMC,TERRAIN,SUV - SMALL,3.6,6,A,E,18.8,13.1,16.2,17,259,6,1.435,0.6,15.99,SUV,Ethanol (E85)
GMC,TERRAIN AWD,SUV - SMALL,2.4,4,A,X,11.5,8.2,10.0,28,230,6,1.402,0.6,23.0,SUV,Regular Gasoline
GMC,TERRAIN AWD,SUV - SMALL,3.6,6,A,X,14.8,9.9,12.6,22,290,6,1.495,0.6,23.02,SUV,Regular Gasoline
GMC,TERRAIN AWD,SUV - SMALL,3.6,6,A,E,19.8,13.6,17.0,17,272,6,1.456,0.6,16.0,SUV,Ethanol (E85)
GMC,YUKON,SUV - STANDARD,5.3,8,A,X,16.0,11.1,13.8,20,317,6,1.441,0.662,22.97,SUV,Regular Gasoline
GMC,YUKON,SUV - STANDARD,5.3,8,A,E,21.5,14.6,18.4,15,294,6,1.473,0.662,15.98,SUV,Ethanol (E85)
GMC,YUKON 4WD,SUV - STANDARD,5.3,8,A,X,16.0,11.1,13.8,20,317,6,1.441,0.662,22.97,SUV,Regular Gasoline
GMC,YUKON 4WD,SUV - STANDARD,5.3,8,A,E,21.5,14.6,18.4,15,294,6,1.473,0.662,15.98,SUV,Ethanol (E85)
GMC,YUKON DENALI AWD,SUV - STANDARD,6.2,8,A,Z,17.0,11.8,14.7,19,338,6,1.441,0.775,22.99,SUV,Premium Gasoline
GMC,YUKON DENALI AWD,SUV - STANDARD,6.2,8,A,E,23.3,16.1,20.1,14,322,6,1.447,0.775,16.02,SUV,Ethanol (E85)
GMC,YUKON DENALI XL AWD,SUV - STANDARD,6.2,8,A,Z,18.8,13.4,16.4,17,377,6,1.403,0.775,22.99,SUV,Premium Gasoline
GMC,YUKON DENALI XL AWD,SUV - STANDARD,6.2,8,A,E,25.7,17.8,22.1,13,354,6,1.444,0.775,16.02,SUV,Ethanol (E85)
GMC,YUKON XL,SUV - STANDARD,5.3,8,A,X,16.0,11.1,13.8,20,317,6,1.441,0.662,22.97,SUV,Regular Gasoline
GMC,YUKON XL,SUV - STANDARD,5.3,8,A,E,21.5,14.6,18.4,15,294,6,1.473,0.662,15.98,SUV,Ethanol (E85)
GMC,YUKON XL 4WD,SUV - STANDARD,5.3,8,A,X,16.0,11.1,13.8,20,317,6,1.441,0.662,22.97,SUV,Regular Gasoline
GMC,YUKON XL 4WD,SUV - STANDARD,5.3,8,A,E,21.5,14.6,18.4,15,294,6,1.473,0.662,15.98,SUV,Ethanol (E85)
HONDA,ACCORD,MID-SIZE,2.4,4,AV,X,9.0,6.6,7.9,36,182,,1.364,0.6,23.04,Mid-size,Regular Gasoline
HONDA,ACCORD,MID-SIZE,2.4,4,AV,X,9.1,6.9,8.1,35,186,7,1.319,0.6,22.96,Mid-size,Regular Gasoline
HONDA,ACCORD,MID-SIZE,2.4,4,M,X,10.1,6.9,8.7,32,200,6,1.464,0.6,22.99,Mid-size,Regular Gasoline
HONDA,ACCORD,MID-SIZE,3.5,6,A,X,11.0,6.8,9.1,31,209,6,1.618,0.583,22.97,Mid-size,Regular Gasoline
HONDA,ACCORD,MID-SIZE,3.5,6,AS,X,11.4,7.3,9.6,29,221,6,1.562,0.583,23.02,Mid-size,Regular Gasoline
HONDA,ACCORD,MID-SIZE,3.5,6,M,X,13.0,8.4,10.9,26,251,6,1.548,0.583,23.03,Mid-size,Regular Gasoline
HONDA,ACCORD HYBRID,MID-SIZE,2.0,4,AV,X,4.7,4.9,4.8,59,110,,0.959,0.5,22.92,Mid-size,Regular Gasoline
HONDA,CIVIC,COMPACT,1.8,4,AV,X,7.9,6.0,7.0,40,161,,1.317,0.45,23.0,Compact/Small,Regular Gasoline
HONDA,CIVIC,COMPACT,1.8,4,AV,X,8.1,6.2,7.2,39,166,7,1.306,0.45,23.06,Compact/Small,Regular Gasoline
HONDA,CIVIC,COMPACT,1.8,4,M,X,8.5,6.6,7.6,37,175,5,1.288,0.45,23.03,Compact/Small,Regular Gasoline
HONDA,CROSSTOUR AWD,SUV - SMALL,3.5,6,A,X,12.5,8.5,10.7,26,246,6,1.471,0.583,22.99,SUV,Regular Gasoline
HONDA,CR-V,SUV - SMALL,2.4,4,A,X,10.3,7.6,9.1,31,209,5,1.355,0.6,22.97,SUV,Regular Gasoline
HONDA,CR-V AWD,SUV - SMALL,2.4,4,A,X,10.6,7.9,9.4,30,216,5,1.342,0.6,22.98,SUV,Regular Gasoline
HONDA,CR-Z,TWO-SEATER,1.5,4,AV,X,6.6,6.0,6.3,45,145,7,1.1,0.375,23.02,Compact/Small,Regular Gasoline
HONDA,CR-Z,TWO-SEATER,1.5,4,M,X,7.6,6.1,6.9,41,159,6,1.246,0.375,23.04,Compact/Small,Regular Gasoline
HONDA,FIT,STATION WAGON - SMALL,1.5,4,A,X,8.3,6.5,7.5,38,172,5,1.277,0.375,22.93,Mid-size,Regular Gasoline
HONDA,FIT,STATION WAGON - SMALL,1.5,4,M,X,8.3,6.9,7.7,37,177,5,1.203,0.375,22.99,Mid-size,Regular Gasoline
HONDA,ODYSSEY,MINIVAN,3.5,6,A,X,12.3,8.5,10.6,27,244,6,1.447,0.583,23.02,Truck/Van,Regular Gasoline
HONDA,PILOT,SUV - SMALL,3.5,6,A,X,13.3,9.3,11.5,25,265,5,1.43,0.583,23.04,SUV,Regular Gasoline
HONDA,PILOT AWD,SUV - SMALL,3.5,6,A,X,13.9,9.7,12.0,24,276,5,1.433,0.583,23.0,SUV,Regular Gasoline
HONDA,RIDGELINE AWD,PICKUP TRUCK - STANDARD,3.5,6,A,X,15.2,11.3,13.4,21,308,5,1.345,0.583,22.99,Truck/Van,Regular Gasoline
HYUNDAI,ACCENT,COMPACT,1.6,4,A,X,8.8,6.3,7.7,37,177,6,1.397,0.4,22.99,Compact/Small,Regular Gasoline
HYUNDAI,ACCENT,COMPACT,1.6,4,M,X,8.7,6.4,7.7,37,177,6,1.359,0.4,22.99,Compact/Small,Regular Gasoline
HYUNDAI,ELANTRA GT,MID-SIZE,2.0,4,A,X,9.8,7.2,8.6,33,198,6,1.361,0.5,23.02,Mid-size,Regular Gasoline
HYUNDAI,ELANTRA GT,MID-SIZE,2.0,4,M,X,9.8,7.0,8.5,33,196,6,1.4,0.5,23.06,Mid-size,Regular Gasoline
HYUNDAI,EQUUS,FULL-SIZE,5.0,8,A,Z,15.7,10.2,13.2,21,304,8,1.539,0.625,23.03,Mid-size,Premium Gasoline
HYUNDAI,GENESIS,FULL-SIZE,3.8,6,A,X,13.0,8.7,11.1,25,255,8,1.494,0.633,22.97,Mid-size,Regular Gasoline
HYUNDAI,SANTA FE,SUV - SMALL,3.3,6,A,X,13.0,9.1,11.2,25,258,6,1.429,0.55,23.04,SUV,Regular Gasoline
HYUNDAI,SANTA FE 4WD,SUV - SMALL,3.3,6,A,X,13.3,9.5,11.6,24,267,6,1.4,0.55,23.02,SUV,Regular Gasoline
HYUNDAI,SANTA FE SPORT,SUV - SMALL,2.4,4,A,X,11.6,8.7,10.3,27,237,6,1.333,0.6,23.01,SUV,Regular Gasoline
HYUNDAI,SANTA FE SPORT 4WD,SUV - SMALL,2.0,4,A,X,12.9,9.7,11.5,25,264,6,1.33,0.5,22.96,SUV,Regular Gasoline
HYUNDAI,SANTA FE SPORT 4WD,SUV - SMALL,2.4,4,A,X,12.5,9.4,11.1,25,255,6,1.33,0.6,22.97,SUV,Regular Gasoline
HYUNDAI,SONATA,FULL-SIZE,2.0,4,A,X,11.4,7.5,9.6,29,221,6,1.52,0.5,23.02,Mid-size,Regular Gasoline
HYUNDAI,SONATA,FULL-SIZE,2.4,4,A,X,9.8,7.0,8.5,33,196,6,1.4,0.6,23.06,Mid-size,Regular Gasoline
HYUNDAI,SONATA HYBRID,MID-SIZE,2.4,4,AS,X,6.5,5.9,6.2,46,143,6,1.102,0.6,23.06,Mid-size,Regular Gasoline
HYUNDAI,SONATA HYBRID LIMITED,MID-SIZE,2.4,4,AS,X,6.6,5.9,6.3,45,145,6,1.119,0.6,23.02,Mid-size,Regular Gasoline
HYUNDAI,TUCSON,SUV - SMALL,2.0,4,A,X,10.2,8.2,9.3,30,214,6,1.244,0.5,23.01,SUV,Regular Gasoline
HYUNDAI,TUCSON,SUV - SMALL,2.0,4,M,X,11.4,8.6,10.1,28,232,6,1.326,0.5,22.97,SUV,Regular Gasoline
HYUNDAI,TUCSON,SUV - SMALL,2.4,4,A,X,11.3,8.3,10.0,28,230,6,1.361,0.6,23.0,SUV,Regular Gasoline
HYUNDAI,TUCSON 4WD,SUV - SMALL,2.0,4,A,X,11.4,9.3,10.5,27,242,6,1.226,0.5,23.05,SUV,Regular Gasoline
HYUNDAI,TUCSON 4WD,SUV - SMALL,2.4,4,A,X,11.6,9.3,10.6,27,244,6,1.247,0.6,23.02,SUV,Regular Gasoline
HYUNDAI,VELOSTER,COMPACT,1.6,4,AM,X,8.6,6.6,7.7,37,177,6,1.303,0.4,22.99,Compact/Small,Regular Gasoline
HYUNDAI,VELOSTER,COMPACT,1.6,4,M,X,9.1,6.7,8.0,35,184,6,1.358,0.4,23.0,Compact/Small,Regular Gasoline
HYUNDAI,VELOSTER TURBO,COMPACT,1.6,4,A,X,9.9,7.5,8.8,32,202,6,1.32,0.4,22.95,Compact/Small,Regular Gasoline
HYUNDAI,VELOSTER TURBO,COMPACT,1.6,4,M,X,9.7,7.1,8.5,33,196,6,1.366,0.4,23.06,Compact/Small,Regular Gasoline
INFINITI,Q50,MID-SIZE,3.7,6,AS,Z,12.0,8.0,10.2,28,235,7,1.5,0.617,23.04,Mid-size,Premium Gasoline
INFINITI,Q50 AWD,MID-SIZE,3.7,6,AS,Z,12.6,8.7,10.8,26,248,7,1.448,0.617,22.96,Mid-size,Premium Gasoline
INFINITI,Q50 HYBRID,COMPACT,3.5,6,AS,Z,8.2,6.7,7.5,38,172,7,1.224,0.583,22.93,Compact/Small,Premium Gasoline
INFINITI,Q50 HYBRID AWD,COMPACT,3.5,6,AS,Z,8.7,7.5,8.2,34,189,7,1.16,0.583,23.05,Compact/Small,Premium Gasoline
INFINITI,Q60 AWD COUPE,SUBCOMPACT,3.7,6,AS,Z,13.3,9.4,11.5,25,265,7,1.415,0.617,23.04,Compact/Small,Premium Gasoline
INFINITI,Q60 CONVERTIBLE,SUBCOMPACT,3.7,6,AS,Z,13.6,9.3,11.7,24,269,7,1.462,0.617,22.99,Compact/Small,Premium Gasoline
INFINITI,Q60 CONVERTIBLE,SUBCOMPACT,3.7,6,M,Z,14.3,9.8,12.3,23,283,6,1.459,0.617,23.01,Compact/Small,Premium Gasoline
INFINITI,Q60 COUPE,SUBCOMPACT,3.7,6,AS,Z,12.9,8.9,11.1,25,255,7,1.449,0.617,22.97,Compact/Small,Premium Gasoline
INFINITI,Q60 COUPE,SUBCOMPACT,3.7,6,M,Z,13.5,9.3,11.6,24,267,6,1.452,0.617,23.02,Compact/Small,Premium Gasoline
INFINITI,Q70,MID-SIZE,3.7,6,AS,Z,12.8,8.9,11.0,26,253,7,1.438,0.617,23.0,Mid-size,Premium Gasoline
INFINITI,Q70,MID-SIZE,5.6,8,AS,Z,14.5,9.5,12.3,23,283,7,1.526,0.7,23.01,Mid-size,Premium Gasoline
INFINITI,Q70 AWD,MID-SIZE,3.7,6,AS,Z,13.2,9.6,11.6,24,267,7,1.375,0.617,23.02,Mid-size,Premium Gasoline
INFINITI,Q70 AWD,MID-SIZE,5.6,8,AS,Z,15.0,10.2,12.8,22,294,7,1.471,0.7,22.97,Mid-size,Premium Gasoline
INFINITI,Q70 HYBRID,MID-SIZE,3.5,6,AS,Z,8.0,7.0,7.6,37,175,7,1.143,0.583,23.03,Mid-size,Premium Gasoline
INFINITI,QX50 AWD,STATION WAGON - SMALL,3.7,6,AS,Z,13.6,9.6,11.8,24,271,7,1.417,0.617,22.97,Mid-size,Premium Gasoline
INFINITI,QX60,SUV - SMALL,3.5,6,AV,Z,11.9,9.0,10.6,27,244,,1.322,0.583,23.02,SUV,Premium Gasoline
INFINITI,QX60 AWD,SUV - SMALL,3.5,6,AV,Z,12.3,9.3,11.0,26,253,,1.323,0.583,23.0,SUV,Premium Gasoline
INFINITI,QX60 HYBRID AWD,SUV - STANDARD,2.5,4,AV,X,8.8,8.2,8.5,33,196,,1.073,0.625,23.06,SUV,Regular Gasoline
INFINITI,QX70 AWD,SUV - SMALL,3.7,6,AS,Z,14.5,10.7,12.8,22,294,7,1.355,0.617,22.97,SUV,Premium Gasoline
INFINITI,QX70 AWD,SUV - SMALL,5.0,8,AS,Z,16.6,11.9,14.5,19,334,7,1.395,0.625,23.03,SUV,Premium Gasoline
INFINITI,QX80 4WD,SUV - STANDARD,5.6,8,AS,Z,17.4,12.1,15.0,19,345,7,1.438,0.7,23.0,SUV,Premium Gasoline
JAGUAR,F-TYPE CONVERTIBLE,TWO-SEATER,3.0,6,AS,Z,11.8,8.4,10.3,27,237,8,1.405,0.5,23.01,Compact/Small,Premium Gasoline
JAGUAR,F-TYPE S CONVERTIBLE,TWO-SEATER,3.0,6,AS,Z,12.2,8.7,10.6,27,244,8,1.402,0.5,23.02,Compact/Small,Premium Gasoline
JAGUAR,F-TYPE V8 S CONVERTIBLE,TWO-SEATER,5.0,8,AS,Z,15.0,10.2,12.8,22,294,8,1.471,0.625,22.97,Compact/Small,Premium Gasoline
JAGUAR,XF,MID-SIZE,2.0,4,AS,Z,12.3,8.2,10.5,27,242,8,1.5,0.5,23.05,Mid-size,Premium Gasoline
JAGUAR,XF 3.0L AWD,MID-SIZE,3.0,6,AS,Z,14.7,9.1,12.2,23,281,8,1.615,0.5,23.03,Mid-size,Premium Gasoline
JAGUAR,XFR,MID-SIZE,5.0,8,AS,Z,15.7,10.3,13.3,21,306,8,1.524,0.625,23.01,Mid-size,Premium Gasoline
JAGUAR,XFR,MID-SIZE,5.0,8,AS,E,21.3,14.1,18.1,16,290,8,1.511,0.625,16.02,Mid-size,Ethanol (E85)
JAGUAR,XFR-S,MID-SIZE,5.0,8,AS,Z,15.7,10.3,13.3,21,306,8,1.524,0.625,23.01,Mid-size,Premium Gasoline
JAGUAR,XJ AWD,FULL-SIZE,3.0,6,AS,Z,14.6,9.6,12.4,23,285,8,1.521,0.5,22.98,Mid-size,Premium Gasoline
JAGUAR,XJ SUPERCHARGED,FULL-SIZE,5.0,8,AS,Z,15.8,10.2,13.3,21,306,8,1.549,0.625,23.01,Mid-size,Premium Gasoline
JAGUAR,XJ SUPERCHARGED,FULL-SIZE,5.0,8,AS,E,20.6,13.6,17.5,16,280,8,1.515,0.625,16.0,Mid-size,Ethanol (E85)
JAGUAR,XJL AWD PORTFOLIO,FULL-SIZE,3.0,6,AS,Z,14.7,9.6,12.4,23,285,8,1.531,0.5,22.98,Mid-size,Premium Gasoline
JAGUAR,XJL SUPERCHARGED,FULL-SIZE,5.0,8,AS,Z,15.8,10.2,13.3,21,306,8,1.549,0.625,23.01,Mid-size,Premium Gasoline
JAGUAR,XJL SUPERCHARGED,FULL-SIZE,5.0,8,AS,E,20.6,13.6,17.5,16,280,8,1.515,0.625,16.0,Mid-size,Ethanol (E85)
JAGUAR,XJR,FULL-SIZE,5.0,8,AS,Z,15.8,10.2,13.3,21,306,8,1.549,0.625,23.01,Mid-size,Premium Gasoline
JAGUAR,XJR LWB,FULL-SIZE,5.0,8,AS,Z,15.8,10.2,13.3,21,306,8,1.549,0.625,23.01,Mid-size,Premium Gasoline
JAGUAR,XK CONVERTIBLE,MINICOMPACT,5.0,8,AS,Z,15.1,10.6,13.1,22,301,6,1.425,0.625,22.98,Compact/Small,Premium Gasoline
JAGUAR,XK COUPE,MINICOMPACT,5.0,8,AS,Z,14.8,9.9,12.6,22,290,6,1.495,0.625,23.02,Compact/Small,Premium Gasoline
JAGUAR,XKR CONVERTIBLE,MINICOMPACT,5.0,8,AS,Z,15.9,10.9,13.7,21,315,6,1.459,0.625,22.99,Compact/Small,Premium Gasoline
JAGUAR,XKR COUPE,MINICOMPACT,5.0,8,AS,Z,15.6,10.9,13.5,21,310,6,1.431,0.625,22.96,Compact/Small,Premium Gasoline
JAGUAR,XKR-S CONVERTIBLE,MINICOMPACT,5.0,8,AS,Z,15.9,10.9,13.7,21,315,6,1.459,0.625,22.99,Compact/Small,Premium Gasoline
JAGUAR,XKR-S COUPE,MINICOMPACT,5.0,8,AS,Z,15.6,10.9,13.5,21,310,6,1.431,0.625,22.96,Compact/Small,Premium Gasoline
JEEP,CHEROKEE,SUV - SMALL,2.4,4,A,X,10.9,7.7,9.5,30,218,9,1.416,0.6,22.95,SUV,Regular Gasoline
JEEP,CHEROKEE,SUV - SMALL,3.2,6,A,X,12.3,8.3,10.5,27,242,9,1.482,0.533,23.05,SUV,Regular Gasoline
JEEP,CHEROKEE 4X4,SUV - SMALL,2.4,4,A,X,11.3,8.3,10.0,28,230,9,1.361,0.6,23.0,SUV,Regular Gasoline
JEEP,CHEROKEE 4X4,SUV - SMALL,3.2,6,A,X,12.5,8.8,10.8,26,248,9,1.42,0.533,22.96,SUV,Regular Gasoline
JEEP,CHEROKEE 4X4 ACTIVE DRIVE II,SUV - SMALL,2.4,4,A,X,11.4,8.6,10.1,28,232,9,1.326,0.6,22.97,SUV,Regular Gasoline
JEEP,CHEROKEE 4X4 ACTIVE DRIVE II,SUV - SMALL,3.2,6,A,X,12.5,9.1,11.0,26,253,9,1.374,0.533,23.0,SUV,Regular Gasoline
JEEP,CHEROKEE TRAILHAWK 4X4,SUV - SMALL,2.4,4,A,X,12.1,9.4,10.9,26,251,9,1.287,0.6,23.03,SUV,Regular Gasoline
JEEP,CHEROKEE TRAILHAWK 4X4,SUV - SMALL,3.2,6,A,X,13.4,9.5,11.6,24,267,9,1.411,0.533,23.02,SUV,Regular Gasoline
JEEP,COMPASS,SUV - SMALL,2.0,4,AV,X,10.7,8.8,9.9,29,228,,1.216,0.5,23.03,SUV,Regular Gasoline
JEEP,COMPASS,SUV - SMALL,2.0,4,A,X,11.1,8.3,9.8,29,225,6,1.337,0.5,22.96,SUV,Regular Gasoline
JEEP,COMPASS,SUV - SMALL,2.0,4,M,X,10.2,7.8,9.1,31,209,5,1.308,0.5,22.97,SUV,Regular Gasoline
JEEP,COMPASS,SUV - SMALL,2.4,4,A,X,11.1,8.3,9.8,29,225,6,1.337,0.6,22.96,SUV,Regular Gasoline
JEEP,COMPASS,SUV - SMALL,2.4,4,M,X,10.3,8.3,9.4,30,216,5,1.241,0.6,22.98,SUV,Regular Gasoline
JEEP,COMPASS 4X4,SUV - SMALL,2.4,4,A,X,11.4,8.7,10.2,28,235,6,1.31,0.6,23.04,SUV,Regular Gasoline
JEEP,COMPASS 4X4,SUV - SMALL,2.4,4,M,X,10.3,8.4,9.4,30,216,5,1.226,0.6,22.98,SUV,Regular Gasoline
JEEP,COMPASS 4X4 TRAIL RATED,SUV - SMALL,2.4,4,AV,X,11.7,10.3,11.1,25,255,,1.136,0.6,22.97,SUV,Regular Gasoline
JEEP,GRAND CHEROKEE 4X4 (MDS),SUV - STANDARD,5.7,8,A,X,17.3,11.7,14.8,19,340,8,1.479,0.712,22.97,SUV,Regular Gasoline
JEEP,GRAND CHEROKEE 4X4 DIESEL,SUV - STANDARD,3.0,6,A,D,11.2,8.4,9.9,29,267,8,1.333,0.5,26.97,SUV,Diesel
JEEP,GRAND CHEROKEE 4X4 FFV,SUV - STANDARD,3.6,6,A,X,13.9,9.8,12.1,23,278,8,1.418,0.6,22.98,SUV,Regular Gasoline
JEEP,GRAND CHEROKEE 4X4 FFV,SUV - STANDARD,3.6,6,A,E,17.7,13.0,15.6,18,250,8,1.362,0.6,16.03,SUV,Ethanol (E85)
JEEP,GRAND CHEROKEE SRT 4X4 (MDS),SUV - STANDARD,6.4,8,A,Z,18.5,12.6,15.8,18,363,8,1.468,0.8,22.97,SUV,Premium Gasoline
JEEP,PATRIOT,SUV - SMALL,2.0,4,AV,X,10.7,8.8,9.9,29,228,,1.216,0.5,23.03,SUV,Regular Gasoline
JEEP,PATRIOT,SUV - SMALL,2.0,4,A,X,11.1,8.3,9.8,29,225,6,1.337,0.5,22.96,SUV,Regular Gasoline
JEEP,PATRIOT,SUV - SMALL,2.0,4,M,X,10.2,7.8,9.1,31,209,5,1.308,0.5,22.97,SUV,Regular Gasoline
JEEP,PATRIOT,SUV - SMALL,2.4,4,A,X,11.1,8.3,9.8,29,225,6,1.337,0.6,22.96,SUV,Regular Gasoline
JEEP,PATRIOT,SUV - SMALL,2.4,4,M,X,10.3,8.3,9.4,30,216,5,1.241,0.6,22.98,SUV,Regular Gasoline
JEEP,PATRIOT 4X4,SUV - SMALL,2.4,4,A,X,11.4,8.7,10.2,28,235,6,1.31,0.6,23.04,SUV,Regular Gasoline
JEEP,PATRIOT 4X4,SUV - SMALL,2.4,4,M,X,10.3,8.4,9.4,30,216,5,1.226,0.6,22.98,SUV,Regular Gasoline
JEEP,PATRIOT 4X4 TRAIL RATED,SUV - SMALL,2.4,4,AV,X,11.7,10.3,11.1,25,255,,1.136,0.6,22.97,SUV,Regular Gasoline
JEEP,WRANGLER 4X4 (2-DOOR),SUV - SMALL,3.6,6,A,X,14.1,11.1,12.8,22,294,5,1.27,0.6,22.97,SUV,Regular Gasoline
JEEP,WRANGLER 4X4 (2-DOOR),SUV - SMALL,3.6,6,M,X,14.2,11.0,12.8,22,294,6,1.291,0.6,22.97,SUV,Regular Gasoline
JEEP,WRANGLER UNLIMITED 4X4 (4-DOOR),SUV - SMALL,3.6,6,A,X,14.8,11.7,13.4,21,308,5,1.265,0.6,22.99,SUV,Regular Gasoline
JEEP,WRANGLER UNLIMITED 4X4 (4-DOOR),SUV - SMALL,3.6,6,M,X,15.0,11.4,13.4,21,308,6,1.316,0.6,22.99,SUV,Regular Gasoline
KIA,CADENZA,FULL-SIZE,3.3,6,A,X,12.7,8.8,10.9,26,251,6,1.443,0.55,23.03,Mid-size,Regular Gasoline
KIA,FORTE,MID-SIZE,1.8,4,A,X,9.6,6.6,8.3,34,191,6,1.455,0.45,23.01,Mid-size,Regular Gasoline
KIA,FORTE,MID-SIZE,1.8,4,M,X,9.3,6.4,8.0,35,184,6,1.453,0.45,23.0,Mid-size,Regular Gasoline
KIA,FORTE,MID-SIZE,2.0,4,A,X,9.8,6.6,8.4,34,193,6,1.485,0.5,22.98,Mid-size,Regular Gasoline
KIA,FORTE,MID-SIZE,2.0,4,M,X,9.7,6.8,8.4,34,193,6,1.426,0.5,22.98,Mid-size,Regular Gasoline
KIA,FORTE 5,FULL-SIZE,1.6,4,A,X,11.1,8.0,9.7,29,223,6,1.388,0.4,22.99,Mid-size,Regular Gasoline
KIA,FORTE 5,FULL-SIZE,1.6,4,M,X,11.1,8.2,9.8,29,225,6,1.354,0.4,22.96,Mid-size,Regular Gasoline
KIA,FORTE 5,FULL-SIZE,2.0,4,A,X,9.7,6.8,8.4,34,193,6,1.426,0.5,22.98,Mid-size,Regular Gasoline
KIA,FORTE 5,FULL-SIZE,2.0,4,M,X,9.8,7.0,8.5,33,196,6,1.4,0.5,23.06,Mid-size,Regular Gasoline
KIA,FORTE KOUP,COMPACT,1.6,4,A,X,10.6,7.9,9.4,30,216,6,1.342,0.4,22.98,Compact/Small,Regular Gasoline
KIA,FORTE KOUP,COMPACT,1.6,4,M,X,10.8,8.1,9.6,29,221,6,1.333,0.4,23.02,Compact/Small,Regular Gasoline
KIA,FORTE KOUP,COMPACT,2.0,4,A,X,9.6,7.0,8.4,34,193,6,1.371,0.5,22.98,Compact/Small,Regular Gasoline
KIA,FORTE KOUP,COMPACT,2.0,4,M,X,9.8,7.2,8.6,33,198,6,1.361,0.5,23.02,Compact/Small,Regular Gasoline
KIA,OPTIMA,MID-SIZE,2.0,4,A,X,11.7,7.6,9.9,29,228,6,1.539,0.5,23.03,Mid-size,Regular Gasoline
KIA,OPTIMA,MID-SIZE,2.4,4,A,X,10.2,6.8,8.7,32,200,6,1.5,0.6,22.99,Mid-size,Regular Gasoline
KIA,OPTIMA HYBRID,MID-SIZE,2.4,4,AS,X,6.5,5.9,6.2,46,143,6,1.102,0.6,23.06,Mid-size,Regular Gasoline
KIA,OPTIMA HYBRID EX,MID-SIZE,2.4,4,AS,X,6.7,6.0,6.4,44,147,6,1.117,0.6,22.97,Mid-size,Regular Gasoline
KIA,RIO,COMPACT,1.6,4,A,X,8.7,6.3,7.6,37,175,6,1.381,0.4,23.03,Compact/Small,Regular Gasoline
KIA,RIO,COMPACT,1.6,4,M,X,8.7,6.4,7.7,37,177,6,1.359,0.4,22.99,Compact/Small,Regular Gasoline
KIA,RIO ECO,COMPACT,1.6,4,A,X,8.5,6.4,7.6,37,175,6,1.328,0.4,23.03,Compact/Small,Regular Gasoline
KIA,RONDO,STATION WAGON - MID-SIZE,2.0,4,A,X,10.5,7.5,9.2,31,212,6,1.4,0.5,23.04,Mid-size,Regular Gasoline
KIA,RONDO,STATION WAGON - MID-SIZE,2.0,4,M,X,10.8,7.4,9.3,30,214,6,1.459,0.5,23.01,Mid-size,Regular Gasoline
KIA,SEDONA,MINIVAN,3.5,6,A,X,13.7,9.9,12.0,24,276,6,1.384,0.583,23.0,Truck/Van,Regular Gasoline
KIA,SORENTO,SUV - SMALL,2.4,4,A,X,11.8,8.5,10.3,27,237,6,1.388,0.6,23.01,SUV,Regular Gasoline
KIA,SORENTO,SUV - SMALL,3.3,6,A,X,12.9,9.5,11.4,25,262,6,1.358,0.55,22.98,SUV,Regular Gasoline
KIA,SORENTO 4WD,SUV - SMALL,2.4,4,A,X,12.3,9.3,11.0,26,253,6,1.323,0.6,23.0,SUV,Regular Gasoline
KIA,SORENTO 4WD,SUV - SMALL,3.3,6,A,X,13.4,9.9,11.8,24,271,6,1.354,0.55,22.97,SUV,Regular Gasoline
KIA,SOUL,STATION WAGON - SMALL,1.6,4,A,X,9.8,7.9,8.9,32,205,6,1.241,0.4,23.03,Mid-size,Regular Gasoline
KIA,SOUL,STATION WAGON - SMALL,1.6,4,M,X,9.9,7.8,9.0,31,207,6,1.269,0.4,23.0,Mid-size,Regular Gasoline
KIA,SOUL,STATION WAGON - SMALL,2.0,4,A,X,10.1,7.8,9.1,31,209,6,1.295,0.5,22.97,Mid-size,Regular Gasoline
KIA,SOUL ECO Dynamics,STATION WAGON - SMALL,2.0,4,A,X,9.7,7.8,8.8,32,202,6,1.244,0.5,22.95,Mid-size,Regular Gasoline
KIA,SPORTAGE,SUV - SMALL,2.4,4,A,X,11.4,8.3,10.0,28,230,6,1.373,0.6,23.0,SUV,Regular Gasoline
KIA,SPORTAGE,SUV - SMALL,2.4,4,M,X,12.9,9.3,11.3,25,260,6,1.387,0.6,23.01,SUV,Regular Gasoline
KIA,SPORTAGE AWD,SUV - SMALL,2.0,4,A,X,12.7,9.7,11.4,25,262,6,1.309,0.5,22.98,SUV,Regular Gasoline
KIA,SPORTAGE AWD,SUV - SMALL,2.4,4,A,X,12.0,9.1,10.7,26,246,6,1.319,0.6,22.99,SUV,Regular Gasoline
LAMBORGHINI,AVENTADOR COUPE,TWO-SEATER,6.5,12,A,Z,22.8,12.9,18.3,15,421,7,1.767,0.542,23.01,Compact/Small,Premium Gasoline
LAMBORGHINI,GALLARDO COUPE,TWO-SEATER,5.2,10,A,Z,18.0,12.8,15.7,18,361,6,1.406,0.52,22.99,Compact/Small,Premium Gasoline
LAMBORGHINI,GALLARDO COUPE,TWO-SEATER,5.2,10,M,Z,20.6,13.5,17.4,16,400,6,1.526,0.52,22.99,Compact/Small,Premium Gasoline
LAND ROVER,LR2,SUV - SMALL,2.0,4,AS,Z,13.5,9.9,11.9,24,274,6,1.364,0.5,23.03,SUV,Premium Gasoline
LAND ROVER,LR4,SUV - STANDARD,3.0,6,AS,Z,16.3,12.4,14.5,19,334,8,1.315,0.5,23.03,SUV,Premium Gasoline
LAND ROVER,RANGE ROVER EVOQUE,SUV - SMALL,2.0,4,AS,Z,11.3,7.9,9.8,29,225,9,1.43,0.5,22.96,SUV,Premium Gasoline
LAND ROVER,RANGE ROVER EVOQUE COUPE,SUV - SMALL,2.0,4,AS,Z,11.3,7.9,9.8,29,225,9,1.43,0.5,22.96,SUV,Premium Gasoline
LAND ROVER,RANGE ROVER LWB V8 5.0 SC,SUV - STANDARD,5.0,8,AS,Z,18.0,12.2,15.4,18,354,8,1.475,0.625,22.99,SUV,Premium Gasoline
LAND ROVER,RANGE ROVER LWB V8 5.0 SC FFV,SUV - STANDARD,5.0,8,AS,Z,17.2,12.5,15.1,19,347,8,1.376,0.625,22.98,SUV,Premium Gasoline
LAND ROVER,RANGE ROVER LWB V8 5.0 SC FFV,SUV - STANDARD,5.0,8,AS,E,25.0,16.9,21.4,13,342,8,1.479,0.625,15.98,SUV,Ethanol (E85)
LAND ROVER,RANGE ROVER SPORT V6 3.0 SC,SUV - STANDARD,3.0,6,AS,Z,14.2,10.2,12.4,23,285,8,1.392,0.5,22.98,SUV,Premium Gasoline
LAND ROVER,RANGE ROVER SPORT V6 3.0 SC FFV,SUV - STANDARD,3.0,6,AS,Z,14.2,10.2,12.4,23,285,8,1.392,0.5,22.98,SUV,Premium Gasoline
LAND ROVER,RANGE ROVER SPORT V6 3.0 SC FFV,SUV - STANDARD,3.0,6,AS,E,19.4,14.9,17.4,16,278,8,1.302,0.5,15.98,SUV,Ethanol (E85)
LAND ROVER,RANGE ROVER SPORT V8 5.0 SC,SUV - STANDARD,5.0,8,AS,Z,17.3,12.2,15.0,19,345,8,1.418,0.625,23.0,SUV,Premium Gasoline
LAND ROVER,RANGE ROVER SPORT V8 5.0 SC FFV,SUV - STANDARD,5.0,8,AS,Z,16.6,12.3,14.7,19,338,8,1.35,0.625,22.99,SUV,Premium Gasoline
LAND ROVER,RANGE ROVER SPORT V8 5.0 SC FFV,SUV - STANDARD,5.0,8,AS,E,24.0,16.6,20.7,14,331,8,1.446,0.625,15.99,SUV,Ethanol (E85)
LAND ROVER,RANGE ROVER V6 3.0 SC,SUV - STANDARD,3.0,6,AS,Z,14.1,10.1,12.3,23,283,8,1.396,0.5,23.01,SUV,Premium Gasoline
LAND ROVER,RANGE ROVER V6 3.0 SC FFV,SUV - STANDARD,3.0,6,AS,Z,14.1,10.1,12.3,23,283,8,1.396,0.5,23.01,SUV,Premium Gasoline
LAND ROVER,RANGE ROVER V6 3.0 SC FFV,SUV - STANDARD,3.0,6,AS,E,19.4,14.8,17.3,16,277,8,1.311,0.5,16.01,SUV,Ethanol (E85)
LAND ROVER,RANGE ROVER V8 5.0 SC,SUV - STANDARD,5.0,8,AS,Z,18.0,12.2,15.4,18,354,8,1.475,0.625,22.99,SUV,Premium Gasoline
LAND ROVER,RANGE ROVER V8 5.0 SC FFV,SUV - STANDARD,5.0,8,AS,Z,17.2,12.5,15.1,19,347,8,1.376,0.625,22.98,SUV,Premium Gasoline
LAND ROVER,RANGE ROVER V8 5.0 SC FFV,SUV - STANDARD,5.0,8,AS,E,25.0,16.9,21.4,13,342,8,1.479,0.625,15.98,SUV,Ethanol (E85)
LEXUS,CT 200h,COMPACT,1.8,4,AV,X,5.5,5.8,5.6,50,129,,0.948,0.45,23.04,Compact/Small,Regular Gasoline
LEXUS,ES 300h,MID-SIZE,2.5,4,AV,X,5.8,6.2,6.0,47,138,6,0.935,0.625,23.0,Mid-size,Regular Gasoline
LEXUS,ES 350,MID-SIZE,3.5,6,AS,X,11.3,7.6,9.6,29,221,6,1.487,0.583,23.02,Mid-size,Regular Gasoline
LEXUS,GS 350,MID-SIZE,3.5,6,AS,Z,12.1,8.3,10.4,27,239,8,1.458,0.583,22.98,Mid-size,Premium Gasoline
LEXUS,GS 350 AWD,MID-SIZE,3.5,6,AS,Z,12.5,9.1,11.0,26,253,6,1.374,0.583,23.0,Mid-size,Premium Gasoline
LEXUS,GS 450h,MID-SIZE,3.5,6,AV,Z,7.7,7.4,7.6,37,175,8,1.041,0.583,23.03,Mid-size,Premium Gasoline
LEXUS,GX 460,SUV - STANDARD,4.6,8,AS,Z,15.7,11.8,13.9,20,320,6,1.331,0.575,23.02,SUV,Premium Gasoline
LEXUS,IS 250,COMPACT,2.5,6,AS,Z,11.2,7.8,9.7,29,223,6,1.436,0.417,22.99,Compact/Small,Premium Gasoline
LEXUS,IS 250 AWD,COMPACT,2.5,6,AS,Z,11.8,8.7,10.4,27,239,6,1.356,0.417,22.98,Compact/Small,Premium Gasoline
LEXUS,IS 250 C,SUBCOMPACT,2.5,6,AS,Z,11.2,7.8,9.7,29,223,6,1.436,0.417,22.99,Compact/Small,Premium Gasoline
LEXUS,IS 350,COMPACT,3.5,6,AS,Z,12.2,8.7,10.6,27,244,8,1.402,0.583,23.02,Compact/Small,Premium Gasoline
LEXUS,IS 350 AWD,COMPACT,3.5,6,AS,Z,12.5,9.1,11.0,26,253,6,1.374,0.583,23.0,Compact/Small,Premium Gasoline
LEXUS,IS 350 C,SUBCOMPACT,3.5,6,AS,Z,12.1,8.7,10.6,27,244,6,1.391,0.583,23.02,Compact/Small,Premium Gasoline
LEXUS,IS F,SUBCOMPACT,5.0,8,AS,Z,14.6,10.1,12.6,22,290,8,1.446,0.625,23.02,Compact/Small,Premium Gasoline
LEXUS,LS 460,MID-SIZE,4.6,8,AS,Z,14.5,9.6,12.3,23,283,8,1.51,0.575,23.01,Mid-size,Premium Gasoline
LEXUS,LS 460 AWD,MID-SIZE,4.6,8,AS,Z,15.1,10.3,12.9,22,297,8,1.466,0.575,23.02,Mid-size,Premium Gasoline
LEXUS,LS 460 L AWD,MID-SIZE,4.6,8,AS,Z,15.1,10.3,12.9,22,297,8,1.466,0.575,23.02,Mid-size,Premium Gasoline
LEXUS,LS 600h L,MID-SIZE,5.0,8,AV,Z,12.0,10.7,11.4,25,262,8,1.121,0.625,22.98,Mid-size,Premium Gasoline
LEXUS,LX 570,SUV - STANDARD,5.7,8,AS,Z,18.8,13.6,16.5,17,380,6,1.382,0.712,23.03,SUV,Premium Gasoline
LEXUS,RX 350 AWD,SUV - SMALL,3.5,6,AS,X,13.3,9.8,11.7,24,269,6,1.357,0.583,22.99,SUV,Regular Gasoline
LEXUS,RX 350 AWD,SUV - SMALL,3.5,6,AS,X,12.7,9.1,11.1,25,255,8,1.396,0.583,22.97,SUV,Regular Gasoline
LEXUS,RX 450h AWD,SUV - SMALL,3.5,6,AV,Z,7.9,8.6,8.2,34,189,6,0.919,0.583,23.05,SUV,Premium Gasoline
LINCOLN,MKS AWD,FULL-SIZE,3.5,6,AS,X,13.7,9.4,11.8,24,271,6,1.457,0.583,22.97,Mid-size,Regular Gasoline
LINCOLN,MKS AWD,FULL-SIZE,3.7,6,AS,X,13.1,9.0,11.3,25,260,6,1.456,0.617,23.01,Mid-size,Regular Gasoline
LINCOLN,MKT AWD,SUV - STANDARD,3.5,6,AS,X,14.8,10.4,12.8,22,294,6,1.423,0.583,22.97,SUV,Regular Gasoline
LINCOLN,MKT LIVERY,SPECIAL PURPOSE VEHICLE,2.0,4,AS,X,11.5,8.5,10.2,28,235,6,1.353,0.5,23.04,Other,Regular Gasoline
LINCOLN,MKT LIVERY AWD,SPECIAL PURPOSE VEHICLE,3.7,6,A,X,14.0,9.9,12.2,23,281,6,1.414,0.617,23.03,Other,Regular Gasoline
LINCOLN,MKX AWD,SUV - SMALL,3.7,6,AS,X,13.7,10.4,12.2,23,281,6,1.317,0.617,23.03,SUV,Regular Gasoline
LINCOLN,MKZ,MID-SIZE,2.0,4,AS,X,10.5,7.1,9.0,31,207,6,1.479,0.5,23.0,Mid-size,Regular Gasoline
LINCOLN,MKZ AWD,MID-SIZE,3.7,6,AS,X,13.1,9.3,11.4,25,262,6,1.409,0.617,22.98,Mid-size,Regular Gasoline
LINCOLN,MKZ HYBRID,MID-SIZE,2.0,4,AV,X,6.2,6.4,6.3,45,145,,0.969,0.5,23.02,Mid-size,Regular Gasoline
LINCOLN,NAVIGATOR 4X4 FFV,SUV - STANDARD,5.4,8,A,X,18.2,13.3,16.0,18,368,6,1.368,0.675,23.0,SUV,Regular Gasoline
LINCOLN,NAVIGATOR 4X4 FFV,SUV - STANDARD,5.4,8,A,E,24.5,18.0,21.6,13,346,6,1.361,0.675,16.02,SUV,Ethanol (E85)
MASERATI,GHIBLI,MID-SIZE,3.0,6,AS,Z,15.2,9.6,12.7,22,292,8,1.583,0.5,22.99,Mid-size,Premium Gasoline
MASERATI,GHIBLI AWD,MID-SIZE,3.0,6,AS,Z,15.2,9.6,12.7,22,292,8,1.583,0.5,22.99,Mid-size,Premium Gasoline
MASERATI,GRANTURISMO,SUBCOMPACT,4.7,8,AS,Z,18.2,11.4,15.1,19,347,6,1.596,0.588,22.98,Compact/Small,Premium Gasoline
MASERATI,GRANTURISMO CONVERTIBLE,SUBCOMPACT,4.7,8,AS,Z,18.2,11.7,15.3,18,352,6,1.556,0.588,23.01,Compact/Small,Premium Gasoline
MASERATI,QUATTROPORTE GTS,FULL-SIZE,3.8,8,AS,Z,17.6,10.7,14.5,19,334,8,1.645,0.475,23.03,Mid-size,Premium Gasoline
MASERATI,QUATTROPORTE SQ4,FULL-SIZE,3.0,6,AS,Z,15.9,9.7,13.1,22,301,8,1.639,0.5,22.98,Mid-size,Premium Gasoline
MAZDA,CX-5,SUV - SMALL,2.0,4,AS,X,8.9,7.3,8.2,34,189,6,1.219,0.5,23.05,SUV,Regular Gasoline
MAZDA,CX-5,SUV - SMALL,2.0,4,M,X,9.0,6.8,8.0,35,184,6,1.324,0.5,23.0,SUV,Regular Gasoline
MAZDA,CX-5,SUV - SMALL,2.5,4,AS,X,9.6,7.4,8.6,33,198,6,1.297,0.625,23.02,SUV,Regular Gasoline
MAZDA,CX-5 4WD,SUV - SMALL,2.0,4,AS,X,9.3,7.6,8.5,33,196,6,1.224,0.5,23.06,SUV,Regular Gasoline
MAZDA,CX-5 4WD,SUV - SMALL,2.5,4,AS,X,9.8,7.9,8.9,32,205,6,1.241,0.625,23.03,SUV,Regular Gasoline
MAZDA,CX-9,SUV - SMALL,3.7,6,AS,X,14.2,10.0,12.3,23,283,6,1.42,0.617,23.01,SUV,Regular Gasoline
MAZDA,CX-9 4WD,SUV - SMALL,3.7,6,AS,X,14.3,10.6,12.6,22,290,6,1.349,0.617,23.02,SUV,Regular Gasoline
MAZDA,MAZDA2,COMPACT,1.5,4,A,X,8.4,6.9,7.7,37,177,4,1.217,0.375,22.99,Compact/Small,Regular Gasoline
MAZDA,MAZDA2,COMPACT,1.5,4,M,X,8.0,6.7,7.4,38,170,5,1.194,0.375,22.97,Compact/Small,Regular Gasoline
MAZDA,MAZDA3 4-DOOR,COMPACT,2.0,4,AS,X,7.9,5.7,6.9,41,159,6,1.386,0.5,23.04,Compact/Small,Regular Gasoline
MAZDA,MAZDA3 4-DOOR,COMPACT,2.0,4,M,X,8.0,5.8,7.0,40,161,6,1.379,0.5,23.0,Compact/Small,Regular Gasoline
MAZDA,MAZDA3 4-DOOR,COMPACT,2.5,4,AS,X,8.4,6.1,7.4,38,170,6,1.377,0.625,22.97,Compact/Small,Regular Gasoline
MAZDA,MAZDA3 4-DOOR (i-ELOOP),COMPACT,2.5,4,AS,X,8.3,6.1,7.3,39,168,6,1.361,0.625,23.01,Compact/Small,Regular Gasoline
MAZDA,MAZDA3 4-DOOR (SIL),COMPACT,2.0,4,M,X,8.0,5.8,7.0,40,161,6,1.379,0.5,23.0,Compact/Small,Regular Gasoline
MAZDA,MAZDA3 5-DOOR,MID-SIZE,2.0,4,AS,X,8.0,5.9,7.1,40,163,6,1.356,0.5,22.96,Mid-size,Regular Gasoline
MAZDA,MAZDA3 5-DOOR,MID-SIZE,2.0,4,M,X,8.2,5.9,7.2,39,166,6,1.39,0.5,23.06,Mid-size,Regular Gasoline
MAZDA,MAZDA3 5-DOOR,MID-SIZE,2.5,4,AS,X,8.7,6.5,7.7,37,177,6,1.338,0.625,22.99,Mid-size,Regular Gasoline
MAZDA,MAZDA3 5-DOOR (i-ELOOP),MID-SIZE,2.5,4,AS,X,8.2,6.1,7.3,39,168,6,1.344,0.625,23.01,Mid-size,Regular Gasoline
MAZDA,MAZDA3 5-DOOR (SIL),MID-SIZE,2.0,4,M,X,8.2,5.9,7.2,39,166,6,1.39,0.5,23.06,Mid-size,Regular Gasoline
MAZDA,MAZDA5,MINIVAN,2.5,4,AS,X,10.8,8.4,9.7,29,223,5,1.286,0.625,22.99,Truck/Van,Regular Gasoline
MAZDA,MAZDA5,MINIVAN,2.5,4,M,X,11.1,8.3,9.8,29,225,6,1.337,0.625,22.96,Truck/Van,Regular Gasoline
MAZDA,MAZDA6,MID-SIZE,2.5,4,AS,X,8.8,6.2,7.6,37,175,6,1.419,0.625,23.03,Mid-size,Regular Gasoline
MAZDA,MAZDA6,MID-SIZE,2.5,4,M,X,9.4,6.4,8.1,35,186,6,1.469,0.625,22.96,Mid-size,Regular Gasoline
MAZDA,MAZDA6 (i-ELOOP),MID-SIZE,2.5,4,AS,X,8.4,5.9,7.3,39,168,6,1.424,0.625,23.01,Mid-size,Regular Gasoline
MAZDA,MX-5,TWO-SEATER,2.0,4,AS,Z,11.5,8.5,10.2,28,235,6,1.353,0.5,23.04,Compact/Small,Premium Gasoline
MAZDA,MX-5,TWO-SEATER,2.0,4,M,Z,10.5,8.5,9.6,29,221,5,1.235,0.5,23.02,Compact/Small,Premium Gasoline
MAZDA,MX-5,TWO-SEATER,2.0,4,M,Z,11.1,8.4,9.9,29,228,6,1.321,0.5,23.03,Compact/Small,Premium Gasoline
MERCEDES-BENZ,B 250,STATION WAGON - SMALL,2.0,4,AS,Z,9.2,6.6,8.0,35,184,7,1.394,0.5,23.0,Mid-size,Premium Gasoline
MERCEDES-BENZ,C 250,COMPACT,1.8,4,AS,Z,10.9,7.5,9.4,30,216,7,1.453,0.45,22.98,Compact/Small,Premium Gasoline
MERCEDES-BENZ,C 250 COUPE,SUBCOMPACT,1.8,4,AS,Z,11.0,7.4,9.4,30,216,7,1.486,0.45,22.98,Compact/Small,Premium Gasoline
MERCEDES-BENZ,C 300 4MATIC FFV,COMPACT,3.5,6,AS,Z,12.2,8.5,10.5,27,242,7,1.435,0.583,23.05,Compact/Small,Premium Gasoline
MERCEDES-BENZ,C 300 4MATIC FFV,COMPACT,3.5,6,AS,E,16.4,11.1,14.0,20,224,7,1.477,0.583,16.0,Compact/Small,Ethanol (E85)
MERCEDES-BENZ,C 350,COMPACT,3.5,6,AS,Z,12.0,8.6,10.5,27,242,7,1.395,0.583,23.05,Compact/Small,Premium Gasoline
MERCEDES-BENZ,C 350 4MATIC,COMPACT,3.5,6,AS,Z,11.9,8.6,10.4,27,239,7,1.384,0.583,22.98,Compact/Small,Premium Gasoline
MERCEDES-BENZ,C 350 4MATIC COUPE,SUBCOMPACT,3.5,6,AS,Z,12.1,8.7,10.6,27,244,7,1.391,0.583,23.02,Compact/Small,Premium Gasoline
MERCEDES-BENZ,C 350 COUPE,SUBCOMPACT,3.5,6,AS,Z,12.1,8.6,10.5,27,242,7,1.407,0.583,23.05,Compact/Small,Premium Gasoline
MERCEDES-BENZ,C 63 AMG,COMPACT,6.2,8,AS,Z,17.7,11.9,15.1,19,347,7,1.487,0.775,22.98,Compact/Small,Premium Gasoline
MERCEDES-BENZ,C 63 AMG COUPE,SUBCOMPACT,6.2,8,AS,Z,17.9,12.2,15.3,18,352,7,1.467,0.775,23.01,Compact/Small,Premium Gasoline
MERCEDES-BENZ,CL 550 4MATIC,COMPACT,4.7,8,AS,Z,15.4,10.4,13.2,21,304,7,1.481,0.588,23.03,Compact/Small,Premium Gasoline
MERCEDES-BENZ,CL 63 AMG,COMPACT,5.5,8,AS,Z,15.4,11.0,13.4,21,308,7,1.4,0.688,22.99,Compact/Small,Premium Gasoline
MERCEDES-BENZ,CLA 250,COMPACT,2.0,4,AS,Z,9.1,6.2,7.8,36,179,7,1.468,0.5,22.95,Compact/Small,Premium Gasoline
MERCEDES-BENZ,CLA 45 AMG 4MATIC,COMPACT,2.0,4,AS,Z,10.3,7.8,9.2,31,212,7,1.321,0.5,23.04,Compact/Small,Premium Gasoline
MERCEDES-BENZ,CLS 550 4MATIC,COMPACT,4.7,8,AS,Z,13.3,9.4,11.5,25,264,7,1.415,0.588,22.96,Compact/Small,Premium Gasoline
MERCEDES-BENZ,CLS 63 AMG 4MATIC,COMPACT,5.5,8,AS,Z,15.1,10.7,13.1,22,301,7,1.411,0.688,22.98,Compact/Small,Premium Gasoline
MERCEDES-BENZ,CLS 63 AMG S 4MATIC,COMPACT,5.5,8,AS,Z,15.1,10.7,13.1,22,301,7,1.411,0.688,22.98,Compact/Small,Premium Gasoline
MERCEDES-BENZ,E 250 BLUETEC 4MATIC,MID-SIZE,2.1,4,AS,D,8.5,5.7,7.2,39,194,7,1.491,0.525,26.94,Mid-size,Diesel
MERCEDES-BENZ,E 300 4MATIC,MID-SIZE,3.5,6,AS,Z,11.8,8.2,10.2,28,235,7,1.439,0.583,23.04,Mid-size,Premium Gasoline
MERCEDES-BENZ,E 350 4MATIC,MID-SIZE,3.5,6,AS,Z,11.6,8.1,10.0,28,230,7,1.432,0.583,23.0,Mid-size,Premium Gasoline
MERCEDES-BENZ,E 350 4MATIC COUPE,SUBCOMPACT,3.5,6,AS,Z,11.9,8.5,10.4,27,239,7,1.4,0.583,22.98,Compact/Small,Premium Gasoline
MERCEDES-BENZ,E 350 4MATIC WAGON,STATION WAGON - MID-SIZE,3.5,6,AS,Z,12.1,8.6,10.5,27,242,7,1.407,0.583,23.05,Mid-size,Premium Gasoline
MERCEDES-BENZ,E 350 CABRIOLET,SUBCOMPACT,3.5,6,AS,Z,12.0,8.5,10.4,27,239,7,1.412,0.583,22.98,Compact/Small,Premium Gasoline
MERCEDES-BENZ,E 350 COUPE,SUBCOMPACT,3.5,6,AS,Z,11.9,8.2,10.2,28,235,7,1.451,0.583,23.04,Compact/Small,Premium Gasoline
MERCEDES-BENZ,E 400 HYBRID,MID-SIZE,3.5,6,AS,Z,9.6,7.9,8.8,32,202,7,1.215,0.583,22.95,Mid-size,Premium Gasoline
MERCEDES-BENZ,E 550 4MATIC,MID-SIZE,4.7,8,AS,Z,13.6,9.1,11.6,24,267,7,1.495,0.588,23.02,Mid-size,Premium Gasoline
MERCEDES-BENZ,E 550 CABRIOLET,SUBCOMPACT,4.7,8,AS,Z,13.7,9.3,11.7,24,269,7,1.473,0.588,22.99,Compact/Small,Premium Gasoline
MERCEDES-BENZ,E 550 COUPE,SUBCOMPACT,4.7,8,AS,Z,13.4,8.9,11.4,25,262,7,1.506,0.588,22.98,Compact/Small,Premium Gasoline
MERCEDES-BENZ,E 63 AMG 4MATIC,MID-SIZE,5.5,8,AS,Z,15.0,10.3,12.9,22,297,7,1.456,0.688,23.02,Mid-size,Premium Gasoline
MERCEDES-BENZ,E 63 AMG 4MATIC WAGON,STATION WAGON - MID-SIZE,5.5,8,AS,Z,15.5,11.0,13.5,21,310,7,1.409,0.688,22.96,Mid-size,Premium Gasoline
MERCEDES-BENZ,E 63 AMG S 4MATIC,MID-SIZE,5.5,8,AS,Z,15.0,10.3,12.9,22,297,7,1.456,0.688,23.02,Mid-size,Premium Gasoline
MERCEDES-BENZ,E 63 AMG S 4MATIC WAGON,STATION WAGON - MID-SIZE,5.5,8,AS,Z,15.5,11.0,13.5,21,310,7,1.409,0.688,22.96,Mid-size,Premium Gasoline
MERCEDES-BENZ,G 550,SUV - STANDARD,5.5,8,AS,Z,20.0,15.9,18.2,16,419,7,1.258,0.688,23.02,SUV,Premium Gasoline
MERCEDES-BENZ,G 63 AMG,SUV - STANDARD,5.5,8,AS,Z,19.4,15.7,17.7,16,407,7,1.236,0.688,22.99,SUV,Premium Gasoline
MERCEDES-BENZ,GL 350 BLUETEC 4MATIC,SUV - STANDARD,3.0,6,AS,D,13.4,10.2,12.0,24,324,7,1.314,0.5,27.0,SUV,Diesel
MERCEDES-BENZ,GL 450 4MATIC,SUV - STANDARD,4.7,8,AS,Z,17.1,12.8,15.2,19,350,7,1.336,0.588,23.03,SUV,Premium Gasoline
MERCEDES-BENZ,GL 550 4MATIC,SUV - STANDARD,4.7,8,AS,Z,17.6,13.1,15.6,18,359,7,1.344,0.588,23.01,SUV,Premium Gasoline
MERCEDES-BENZ,GL 63 AMG,SUV - STANDARD,5.5,8,AS,Z,17.7,13.4,15.8,18,363,7,1.321,0.688,22.97,SUV,Premium Gasoline
MERCEDES-BENZ,GLK 250 BLUETEC 4MATIC,SUV - SMALL,2.1,4,AS,D,9.6,7.1,8.5,33,230,7,1.352,0.525,27.06,SUV,Diesel
MERCEDES-BENZ,GLK 350 4MATIC,SUV - SMALL,3.5,6,AS,Z,12.6,9.6,11.3,25,260,7,1.312,0.583,23.01,SUV,Premium Gasoline
MERCEDES-BENZ,ML 350 4MATIC FFV,SUV - STANDARD,3.5,6,AS,Z,13.4,10.5,12.1,23,278,7,1.276,0.583,22.98,SUV,Premium Gasoline
MERCEDES-BENZ,ML 350 4MATIC FFV,SUV - STANDARD,3.5,6,AS,E,17.8,13.8,16.0,18,256,7,1.29,0.583,16.0,SUV,Ethanol (E85)
MERCEDES-BENZ,ML 350 BLUETEC 4MATIC,SUV - STANDARD,3.0,6,AS,D,11.8,8.5,10.3,27,278,7,1.388,0.5,26.99,SUV,Diesel
MERCEDES-BENZ,ML 550 4MATIC,SUV - STANDARD,4.7,8,AS,Z,16.2,11.8,14.2,20,327,7,1.373,0.588,23.03,SUV,Premium Gasoline
MERCEDES-BENZ,ML 63 AMG 4MATIC,SUV - STANDARD,5.5,8,AS,Z,17.2,13.5,15.5,18,356,7,1.274,0.688,22.97,SUV,Premium Gasoline
MERCEDES-BENZ,S 550 4MATIC LWB,FULL-SIZE,4.7,8,AS,Z,14.3,9.5,12.1,23,278,7,1.505,0.588,22.98,Mid-size,Premium Gasoline
MERCEDES-BENZ,S 550 4MATIC SWB,FULL-SIZE,4.7,8,AS,Z,14.2,9.4,12.0,24,276,7,1.511,0.588,23.0,Mid-size,Premium Gasoline
MERCEDES-BENZ,S 63 AMG 4MATIC,FULL-SIZE,5.5,8,AS,Z,15.6,10.3,13.2,21,304,7,1.515,0.688,23.03,Mid-size,Premium Gasoline
MERCEDES-BENZ,SL 550,TWO-SEATER,4.7,8,AS,Z,13.4,9.6,11.7,24,269,7,1.396,0.588,22.99,Compact/Small,Premium Gasoline
MERCEDES-BENZ,SL 63 AMG,TWO-SEATER,5.5,8,AS,Z,14.8,10.2,12.7,22,292,7,1.451,0.688,22.99,Compact/Small,Premium Gasoline
MERCEDES-BENZ,SL 65 AMG,TWO-SEATER,6.0,8,AS,Z,16.7,11.2,14.2,20,327,7,1.491,0.75,23.03,Compact/Small,Premium Gasoline
MERCEDES-BENZ,SLK 250,TWO-SEATER,1.8,4,AS,Z,10.3,7.2,8.9,32,205,7,1.431,0.45,23.03,Compact/Small,Premium Gasoline
MERCEDES-BENZ,SLK 250,TWO-SEATER,1.8,4,M,Z,10.4,7.3,9.0,31,207,6,1.425,0.45,23.0,Compact/Small,Premium Gasoline
MERCEDES-BENZ,SLK 350,TWO-SEATER,3.5,6,AS,Z,11.1,8.1,9.8,29,225,7,1.37,0.583,22.96,Compact/Small,Premium Gasoline
MERCEDES-BENZ,SLK 55 AMG,TWO-SEATER,5.5,8,AS,Z,12.3,8.7,10.7,26,246,7,1.414,0.688,22.99,Compact/Small,Premium Gasoline
MERCEDES-BENZ,SLS AMG BLACK SERIES COUPE,TWO-SEATER,6.2,8,AS,Z,18.7,13.9,16.5,17,380,7,1.345,0.775,23.03,Compact/Small,Premium Gasoline
MERCEDES-BENZ,SLS AMG GT COUPE,TWO-SEATER,6.2,8,AS,Z,18.2,12.6,15.7,18,361,7,1.444,0.775,22.99,Compact/Small,Premium Gasoline
MERCEDES-BENZ,SLS AMG ROADSTER,TWO-SEATER,6.2,8,AS,Z,18.2,12.6,15.7,18,361,7,1.444,0.775,22.99,Compact/Small,Premium Gasoline
MINI,COOPER CLUBMAN,SUBCOMPACT,1.6,4,A,Z,8.7,6.6,7.8,36,179,6,1.318,0.4,22.95,Compact/Small,Premium Gasoline
MINI,COOPER CLUBMAN,SUBCOMPACT,1.6,4,M,Z,8.6,6.8,7.8,36,179,6,1.265,0.4,22.95,Compact/Small,Premium Gasoline
MINI,COOPER CONVERTIBLE,MINICOMPACT,1.6,4,A,Z,8.7,6.6,7.8,36,179,6,1.318,0.4,22.95,Compact/Small,Premium Gasoline
MINI,COOPER CONVERTIBLE,MINICOMPACT,1.6,4,M,Z,8.6,6.8,7.8,36,179,6,1.265,0.4,22.95,Compact/Small,Premium Gasoline
MINI,COOPER COUNTRYMAN,COMPACT,1.6,4,A,Z,9.4,7.9,8.7,32,200,6,1.19,0.4,22.99,Compact/Small,Premium Gasoline
MINI,COOPER COUNTRYMAN,COMPACT,1.6,4,M,Z,8.6,6.8,7.8,36,179,6,1.265,0.4,22.95,Compact/Small,Premium Gasoline
MINI,COOPER COUPE,TWO-SEATER,1.6,4,A,Z,8.5,6.6,7.6,37,175,6,1.288,0.4,23.03,Compact/Small,Premium Gasoline
MINI,COOPER COUPE,TWO-SEATER,1.6,4,M,Z,8.0,6.4,7.3,39,168,6,1.25,0.4,23.01,Compact/Small,Premium Gasoline
MINI,COOPER PACEMAN,COMPACT,1.6,4,A,Z,9.4,7.9,8.7,32,200,6,1.19,0.4,22.99,Compact/Small,Premium Gasoline
MINI,COOPER PACEMAN,COMPACT,1.6,4,M,Z,8.6,6.8,7.8,36,179,6,1.265,0.4,22.95,Compact/Small,Premium Gasoline
MINI,COOPER ROADSTER,TWO-SEATER,1.6,4,A,Z,8.7,6.6,7.8,36,179,6,1.318,0.4,22.95,Compact/Small,Premium Gasoline
MINI,COOPER ROADSTER,TWO-SEATER,1.6,4,M,Z,8.6,6.8,7.8,36,179,6,1.265,0.4,22.95,Compact/Small,Premium Gasoline
MINI,COOPER S CLUBMAN,SUBCOMPACT,1.6,4,A,Z,9.3,7.0,8.3,34,191,6,1.329,0.4,23.01,Compact/Small,Premium Gasoline
MINI,COOPER S CLUBMAN,SUBCOMPACT,1.6,4,M,Z,9.1,6.7,8.0,35,184,6,1.358,0.4,23.0,Compact/Small,Premium Gasoline
MINI,COOPER S CONVERTIBLE,MINICOMPACT,1.6,4,A,Z,9.3,7.0,8.3,34,191,6,1.329,0.4,23.01,Compact/Small,Premium Gasoline
MINI,COOPER S CONVERTIBLE,MINICOMPACT,1.6,4,M,Z,9.1,6.7,8.0,35,184,6,1.358,0.4,23.0,Compact/Small,Premium Gasoline
MINI,COOPER S COUNTRYMAN ALL4,COMPACT,1.6,4,A,Z,10.0,7.8,9.0,31,207,6,1.282,0.4,23.0,Compact/Small,Premium Gasoline
MINI,COOPER S COUNTRYMAN ALL4,COMPACT,1.6,4,M,Z,9.3,7.5,8.5,33,196,6,1.24,0.4,23.06,Compact/Small,Premium Gasoline
MINI,COOPER S COUPE,TWO-SEATER,1.6,4,A,Z,9.3,7.0,8.3,34,191,6,1.329,0.4,23.01,Compact/Small,Premium Gasoline
MINI,COOPER S COUPE,TWO-SEATER,1.6,4,M,Z,9.1,6.7,8.0,35,184,6,1.358,0.4,23.0,Compact/Small,Premium Gasoline
MINI,COOPER S PACEMAN ALL4,COMPACT,1.6,4,A,Z,10.0,7.8,9.0,31,207,6,1.282,0.4,23.0,Compact/Small,Premium Gasoline
MINI,COOPER S PACEMAN ALL4,COMPACT,1.6,4,M,Z,9.3,7.5,8.5,33,196,6,1.24,0.4,23.06,Compact/Small,Premium Gasoline
MINI,COOPER S ROADSTER,TWO-SEATER,1.6,4,A,Z,9.3,7.0,8.3,34,191,6,1.329,0.4,23.01,Compact/Small,Premium Gasoline
MINI,COOPER S ROADSTER,TWO-SEATER,1.6,4,M,Z,9.1,6.7,8.0,35,184,6,1.358,0.4,23.0,Compact/Small,Premium Gasoline
MINI,JOHN COOPER WORKS CLUBMAN,SUBCOMPACT,1.6,4,A,Z,9.3,7.0,8.3,34,191,6,1.329,0.4,23.01,Compact/Small,Premium Gasoline
MINI,JOHN COOPER WORKS CLUBMAN,SUBCOMPACT,1.6,4,M,Z,9.1,6.7,8.0,35,184,6,1.358,0.4,23.0,Compact/Small,Premium Gasoline
MINI,JOHN COOPER WORKS CONVERTIBLE,MINICOMPACT,1.6,4,A,Z,9.3,7.0,8.3,34,191,6,1.329,0.4,23.01,Compact/Small,Premium Gasoline
MINI,JOHN COOPER WORKS CONVERTIBLE,MINICOMPACT,1.6,4,M,Z,9.1,6.7,8.0,35,184,6,1.358,0.4,23.0,Compact/Small,Premium Gasoline
MINI,JOHN COOPER WORKS COUNTRYMAN ALL4,COMPACT,1.6,4,A,Z,10.0,7.8,9.0,31,207,6,1.282,0.4,23.0,Compact/Small,Premium Gasoline
MINI,JOHN COOPER WORKS COUNTRYMAN ALL4,COMPACT,1.6,4,M,Z,9.3,7.5,8.5,33,196,6,1.24,0.4,23.06,Compact/Small,Premium Gasoline
MINI,JOHN COOPER WORKS COUPE,TWO-SEATER,1.6,4,A,Z,9.3,7.0,8.3,34,191,6,1.329,0.4,23.01,Compact/Small,Premium Gasoline
MINI,JOHN COOPER WORKS COUPE,TWO-SEATER,1.6,4,M,Z,9.1,6.7,8.0,35,184,6,1.358,0.4,23.0,Compact/Small,Premium Gasoline
MINI,JOHN COOPER WORKS PACEMAN ALL4,COMPACT,1.6,4,A,Z,10.0,7.8,9.0,31,207,6,1.282,0.4,23.0,Compact/Small,Premium Gasoline
MINI,JOHN COOPER WORKS PACEMAN ALL4,COMPACT,1.6,4,M,Z,9.3,7.5,8.5,33,196,6,1.24,0.4,23.06,Compact/Small,Premium Gasoline
MINI,JOHN COOPER WORKS ROADSTER,TWO-SEATER,1.6,4,A,Z,9.3,7.0,8.3,34,191,6,1.329,0.4,23.01,Compact/Small,Premium Gasoline
MINI,JOHN COOPER WORKS ROADSTER,TWO-SEATER,1.6,4,M,Z,9.1,6.7,8.0,35,184,6,1.358,0.4,23.0,Compact/Small,Premium Gasoline
MITSUBISHI,LANCER,COMPACT,2.0,4,AV,X,9.2,7.0,8.2,34,189,6,1.314,0.5,23.05,Compact/Small,Regular Gasoline
MITSUBISHI,LANCER,COMPACT,2.0,4,M,X,9.6,6.8,8.3,34,191,5,1.412,0.5,23.01,Compact/Small,Regular Gasoline
MITSUBISHI,LANCER AWD,COMPACT,2.4,4,AV,X,10.5,8.2,9.5,30,218,6,1.28,0.6,22.95,Compact/Small,Regular Gasoline
MITSUBISHI,LANCER EVOLUTION,COMPACT,2.0,4,AM,Z,14.2,10.5,12.5,23,288,6,1.352,0.5,23.04,Compact/Small,Premium Gasoline
MITSUBISHI,LANCER EVOLUTION,COMPACT,2.0,4,M,Z,14.0,10.3,12.3,23,283,5,1.359,0.5,23.01,Compact/Small,Premium Gasoline
MITSUBISHI,LANCER RALLIART,COMPACT,2.0,4,AM,Z,13.4,9.4,11.6,24,267,6,1.426,0.5,23.02,Compact/Small,Premium Gasoline
MITSUBISHI,LANCER SPORTBACK,STATION WAGON - SMALL,2.0,4,AV,X,9.6,7.3,8.6,33,198,6,1.315,0.5,23.02,Mid-size,Regular Gasoline
MITSUBISHI,LANCER SPORTBACK,STATION WAGON - SMALL,2.0,4,M,X,9.8,7.1,8.6,33,198,5,1.38,0.5,23.02,Mid-size,Regular Gasoline
MITSUBISHI,MIRAGE,COMPACT,1.2,3,AV,X,6.4,5.4,6.0,47,138,,1.185,0.4,23.0,Compact/Small,Regular Gasoline
MITSUBISHI,MIRAGE,COMPACT,1.2,3,M,X,7.0,5.6,6.4,44,147,5,1.25,0.4,22.97,Compact/Small,Regular Gasoline
MITSUBISHI,OUTLANDER,SUV - SMALL,2.4,4,AV,X,9.5,7.5,8.6,33,198,6,1.267,0.6,23.02,SUV,Regular Gasoline
MITSUBISHI,OUTLANDER 4WD,SUV - SMALL,2.4,4,AV,X,9.9,8.1,9.1,31,209,6,1.222,0.6,22.97,SUV,Regular Gasoline
MITSUBISHI,OUTLANDER 4WD,SUV - SMALL,3.0,6,AS,Z,11.5,8.5,10.2,28,235,6,1.353,0.5,23.04,SUV,Premium Gasoline
MITSUBISHI,RVR,SUV - SMALL,2.0,4,AV,X,9.6,7.6,8.7,32,200,6,1.263,0.5,22.99,SUV,Regular Gasoline
MITSUBISHI,RVR,SUV - SMALL,2.0,4,M,X,9.9,7.5,8.8,32,202,5,1.32,0.5,22.95,SUV,Regular Gasoline
MITSUBISHI,RVR 4WD,SUV - SMALL,2.0,4,AV,X,9.8,8.0,9.0,31,207,6,1.225,0.5,23.0,SUV,Regular Gasoline
NISSAN,370Z,TWO-SEATER,3.7,6,AS,Z,12.6,9.1,11.0,26,253,7,1.385,0.617,23.0,Compact/Small,Premium Gasoline
NISSAN,370Z,TWO-SEATER,3.7,6,M,Z,13.3,9.3,11.5,25,264,6,1.43,0.617,22.96,Compact/Small,Premium Gasoline
NISSAN,370Z ROADSTER,TWO-SEATER,3.7,6,AS,Z,13.0,9.5,11.4,25,262,7,1.368,0.617,22.98,Compact/Small,Premium Gasoline
NISSAN,370Z ROADSTER,TWO-SEATER,3.7,6,M,Z,13.5,9.6,11.7,24,269,6,1.406,0.617,22.99,Compact/Small,Premium Gasoline
NISSAN,ALTIMA,MID-SIZE,2.5,4,AV,X,8.7,6.2,7.6,37,175,,1.403,0.625,23.03,Mid-size,Regular Gasoline
NISSAN,ALTIMA,MID-SIZE,3.5,6,AV,X,10.8,7.4,9.3,30,214,,1.459,0.583,23.01,Mid-size,Regular Gasoline
NISSAN,ARMADA 4WD,SUV - STANDARD,5.6,8,A,X,19.1,13.4,16.5,17,380,5,1.425,0.7,23.03,SUV,Regular Gasoline
NISSAN,FRONTIER,PICKUP TRUCK - SMALL,2.5,4,A,X,13.7,10.6,12.3,23,283,5,1.292,0.625,23.01,Truck/Van,Regular Gasoline
NISSAN,FRONTIER,PICKUP TRUCK - SMALL,2.5,4,M,X,12.2,10.2,11.3,25,260,5,1.196,0.625,23.01,Truck/Van,Regular Gasoline
NISSAN,FRONTIER,PICKUP TRUCK - SMALL,4.0,6,A,X,14.7,10.2,12.7,22,292,5,1.441,0.667,22.99,Truck/Van,Regular Gasoline
NISSAN,FRONTIER 4WD,PICKUP TRUCK - SMALL,4.0,6,A,X,15.7,11.2,13.7,21,315,5,1.402,0.667,22.99,Truck/Van,Regular Gasoline
NISSAN,FRONTIER 4WD,PICKUP TRUCK - SMALL,4.0,6,M,X,14.8,11.0,13.1,22,301,6,1.345,0.667,22.98,Truck/Van,Regular Gasoline
NISSAN,GT-R,SUBCOMPACT,3.8,6,AM,Z,14.5,10.9,12.9,22,297,6,1.33,0.633,23.02,Compact/Small,Premium Gasoline
NISSAN,JUKE,STATION WAGON - SMALL,1.6,4,AV,Z,8.7,7.3,8.1,35,186,,1.192,0.4,22.96,Mid-size,Premium Gasoline
NISSAN,JUKE,STATION WAGON - SMALL,1.6,4,M,Z,9.5,7.6,8.6,33,198,6,1.25,0.4,23.02,Mid-size,Premium Gasoline
NISSAN,JUKE AWD,STATION WAGON - SMALL,1.6,4,AV,Z,9.3,7.9,8.7,32,200,,1.177,0.4,22.99,Mid-size,Premium Gasoline
NISSAN,MAXIMA,MID-SIZE,3.5,6,AV,Z,12.3,9.1,10.9,26,251,,1.352,0.583,23.03,Mid-size,Premium Gasoline
NISSAN,MURANO AWD,SUV - SMALL,3.5,6,AV,X,13.2,10.1,11.8,24,271,,1.307,0.583,22.97,SUV,Regular Gasoline
NISSAN,NV200 CARGO VAN,SPECIAL PURPOSE VEHICLE,2.0,4,AV,X,10.0,8.5,9.3,30,214,,1.176,0.5,23.01,Other,Regular Gasoline
NISSAN,PATHFINDER,SUV - SMALL,3.5,6,AV,X,12.0,8.9,10.6,27,244,,1.348,0.583,23.02,SUV,Regular Gasoline
NISSAN,PATHFINDER 4WD,SUV - SMALL,3.5,6,AV,X,12.3,9.3,11.0,26,253,,1.323,0.583,23.0,SUV,Regular Gasoline
NISSAN,PATHFINDER HYBRID 4WD,SUV - STANDARD,2.5,4,AV,X,9.1,8.5,8.8,32,202,,1.071,0.625,22.95,SUV,Regular Gasoline
NISSAN,QUEST,MINIVAN,3.5,6,AV,X,12.5,9.5,11.1,25,255,,1.316,0.583,22.97,Truck/Van,Regular Gasoline
NISSAN,ROGUE,SUV - SMALL,2.5,4,AV,X,9.2,7.2,8.3,34,191,,1.278,0.625,23.01,SUV,Regular Gasoline
NISSAN,ROGUE AWD,SUV - SMALL,2.5,4,AV,X,9.5,7.4,8.6,33,198,,1.284,0.625,23.02,SUV,Regular Gasoline
NISSAN,SENTRA,MID-SIZE,1.8,4,AV,X,7.8,6.0,7.0,40,161,,1.3,0.45,23.0,Mid-size,Regular Gasoline
NISSAN,SENTRA,MID-SIZE,1.8,4,M,X,8.7,6.6,7.8,36,179,6,1.318,0.45,22.95,Mid-size,Regular Gasoline
NISSAN,TITAN,PICKUP TRUCK - STANDARD,5.6,8,A,X,17.9,12.8,15.6,18,359,5,1.398,0.7,23.01,Truck/Van,Regular Gasoline
NISSAN,TITAN 4WD,PICKUP TRUCK - STANDARD,5.6,8,A,X,19.7,14.3,17.3,16,398,5,1.378,0.7,23.01,Truck/Van,Regular Gasoline
NISSAN,VERSA,COMPACT,1.6,4,AV,X,7.2,5.8,6.6,43,152,,1.241,0.4,23.03,Compact/Small,Regular Gasoline
NISSAN,VERSA,COMPACT,1.6,4,M,X,8.6,6.5,7.7,37,177,5,1.323,0.4,22.99,Compact/Small,Regular Gasoline
NISSAN,XTERRA 4WD,SUV - SMALL,4.0,6,A,X,16.1,11.9,14.2,20,327,5,1.353,0.667,23.03,SUV,Regular Gasoline
NISSAN,XTERRA 4WD,SUV - SMALL,4.0,6,M,X,15.2,11.9,13.7,21,315,6,1.277,0.667,22.99,SUV,Regular Gasoline
PORSCHE,911 CARRERA,MINICOMPACT,3.4,6,AM,Z,11.6,8.3,10.1,28,232,7,1.398,0.567,22.97,Compact/Small,Premium Gasoline
PORSCHE,911 CARRERA,MINICOMPACT,3.4,6,M,Z,12.5,8.6,10.7,26,246,7,1.453,0.567,22.99,Compact/Small,Premium Gasoline
PORSCHE,911 CARRERA 4,MINICOMPACT,3.4,6,AM,Z,11.8,8.5,10.3,27,237,7,1.388,0.567,23.01,Compact/Small,Premium Gasoline
PORSCHE,911 CARRERA 4,MINICOMPACT,3.4,6,M,Z,12.4,8.6,10.7,26,246,7,1.442,0.567,22.99,Compact/Small,Premium Gasoline
PORSCHE,911 CARRERA 4 CABRIOLET,MINICOMPACT,3.4,6,AM,Z,12.0,8.7,10.5,27,242,7,1.379,0.567,23.05,Compact/Small,Premium Gasoline
PORSCHE,911 CARRERA 4 CABRIOLET,MINICOMPACT,3.4,6,M,Z,12.6,9.0,11.0,26,253,7,1.4,0.567,23.0,Compact/Small,Premium Gasoline
PORSCHE,911 CARRERA 4S,MINICOMPACT,3.8,6,AM,Z,12.3,8.9,10.8,26,248,7,1.382,0.633,22.96,Compact/Small,Premium Gasoline
PORSCHE,911 CARRERA 4S,MINICOMPACT,3.8,6,M,Z,12.8,8.9,11.0,26,253,7,1.438,0.633,23.0,Compact/Small,Premium Gasoline
PORSCHE,911 CARRERA 4S CABRIOLET,MINICOMPACT,3.8,6,AM,Z,12.7,9.0,11.0,26,253,7,1.411,0.633,23.0,Compact/Small,Premium Gasoline
PORSCHE,911 CARRERA 4S CABRIOLET,MINICOMPACT,3.8,6,M,Z,12.9,9.1,11.2,25,258,7,1.418,0.633,23.04,Compact/Small,Premium Gasoline
PORSCHE,911 CARRERA CABRIOLET,MINICOMPACT,3.4,6,AM,Z,11.6,8.3,10.1,28,232,7,1.398,0.567,22.97,Compact/Small,Premium Gasoline
PORSCHE,911 CARRERA CABRIOLET,MINICOMPACT,3.4,6,M,Z,12.4,8.6,10.7,26,246,7,1.442,0.567,22.99,Compact/Small,Premium Gasoline
PORSCHE,911 CARRERA S,MINICOMPACT,3.8,6,AM,Z,12.1,8.7,10.6,27,244,7,1.391,0.633,23.02,Compact/Small,Premium Gasoline
PORSCHE,911 CARRERA S,MINICOMPACT,3.8,6,M,Z,12.6,8.6,10.8,26,248,7,1.465,0.633,22.96,Compact/Small,Premium Gasoline
PORSCHE,911 CARRERA S CABRIOLET,MINICOMPACT,3.8,6,AM,Z,12.4,8.7,10.7,26,246,7,1.425,0.633,22.99,Compact/Small,Premium Gasoline
PORSCHE,911 CARRERA S CABRIOLET,MINICOMPACT,3.8,6,M,Z,12.6,8.8,10.9,26,251,7,1.432,0.633,23.03,Compact/Small,Premium Gasoline
PORSCHE,911 GT3,TWO-SEATER,3.8,6,AM,Z,16.0,11.5,14.0,20,322,7,1.391,0.633,23.0,Compact/Small,Premium Gasoline
PORSCHE,911 TURBO,MINICOMPACT,3.8,6,AM,Z,13.7,9.6,11.9,24,274,7,1.427,0.633,23.03,Compact/Small,Premium Gasoline
PORSCHE,911 TURBO CABRIOLET,MINICOMPACT,3.8,6,AM,Z,13.7,9.6,11.9,24,274,7,1.427,0.633,23.03,Compact/Small,Premium Gasoline
PORSCHE,911 TURBO S,MINICOMPACT,3.8,6,AM,Z,13.7,9.6,11.9,24,274,7,1.427,0.633,23.03,Compact/Small,Premium Gasoline
PORSCHE,911 TURBO S CABRIOLET,MINICOMPACT,3.8,6,AM,Z,13.7,9.6,11.9,24,274,7,1.427,0.633,23.03,Compact/Small,Premium Gasoline
PORSCHE,BOXSTER,TWO-SEATER,2.7,6,AM,Z,10.7,7.4,9.2,31,212,7,1.446,0.45,23.04,Compact/Small,Premium Gasoline
PORSCHE,BOXSTER,TWO-SEATER,2.7,6,M,Z,11.5,7.9,9.9,29,228,6,1.456,0.45,23.03,Compact/Small,Premium Gasoline
PORSCHE,BOXSTER S,TWO-SEATER,3.4,6,AM,Z,11.3,7.9,9.8,29,225,7,1.43,0.567,22.96,Compact/Small,Premium Gasoline
PORSCHE,BOXSTER S,TWO-SEATER,3.4,6,M,Z,11.9,8.6,10.4,27,239,6,1.384,0.567,22.98,Compact/Small,Premium Gasoline
PORSCHE,CAYENNE,SUV - STANDARD,3.6,6,A,Z,14.1,10.2,12.4,23,290,8,1.382,0.6,23.39,SUV,Premium Gasoline
PORSCHE,CAYENNE,SUV - STANDARD,3.6,6,M,Z,15.8,10.9,13.6,21,313,6,1.45,0.6,23.01,SUV,Premium Gasoline
PORSCHE,CAYENNE DIESEL (modified),SUV - STANDARD,3.0,6,A,D,11.8,8.1,10.2,28,277,8,1.457,0.5,27.16,SUV,Diesel
PORSCHE,CAYENNE GTS,SUV - STANDARD,4.8,8,A,Z,16.7,11.5,14.4,20,338,8,1.452,0.6,23.47,SUV,Premium Gasoline
PORSCHE,CAYENNE S,SUV - STANDARD,4.8,8,A,Z,15.5,10.7,13.2,21,310,8,1.449,0.6,23.48,SUV,Premium Gasoline
PORSCHE,CAYENNE S HYBRID,SUV - STANDARD,3.0,6,A,Z,11.8,9.9,10.9,26,251,8,1.192,0.5,23.03,SUV,Premium Gasoline
PORSCHE,CAYENNE TURBO,SUV - STANDARD,4.8,8,A,Z,16.3,11.0,13.9,20,326,8,1.482,0.6,23.45,SUV,Premium Gasoline
PORSCHE,CAYENNE TURBO S,SUV - STANDARD,4.8,8,A,Z,18.0,11.9,15.2,19,358,8,1.513,0.6,23.55,SUV,Premium Gasoline
PORSCHE,CAYMAN,TWO-SEATER,2.7,6,AM,Z,10.7,7.4,9.2,31,212,7,1.446,0.45,23.04,Compact/Small,Premium Gasoline
PORSCHE,CAYMAN,TWO-SEATER,2.7,6,M,Z,11.5,7.9,9.9,29,228,6,1.456,0.45,23.03,Compact/Small,Premium Gasoline
PORSCHE,CAYMAN S,TWO-SEATER,3.4,6,AM,Z,11.3,7.9,9.8,29,225,7,1.43,0.567,22.96,Compact/Small,Premium Gasoline
PORSCHE,CAYMAN S,TWO-SEATER,3.4,6,M,Z,11.9,8.6,10.4,27,239,6,1.384,0.567,22.98,Compact/Small,Premium Gasoline
PORSCHE,PANAMERA,FULL-SIZE,3.6,6,AM,Z,12.9,8.4,10.9,26,251,7,1.536,0.6,23.03,Mid-size,Premium Gasoline
PORSCHE,PANAMERA 4,FULL-SIZE,3.6,6,AM,Z,13.1,8.7,11.1,25,255,7,1.506,0.6,22.97,Mid-size,Premium Gasoline
PORSCHE,PANAMERA 4S,FULL-SIZE,3.0,6,AM,Z,13.4,8.8,11.3,25,260,7,1.523,0.5,23.01,Mid-size,Premium Gasoline
PORSCHE,PANAMERA 4S EXECUTIVE,FULL-SIZE,3.0,6,AM,Z,13.7,8.9,11.5,25,264,7,1.539,0.5,22.96,Mid-size,Premium Gasoline
PORSCHE,PANAMERA GTS,FULL-SIZE,4.8,8,AM,Z,15.1,9.7,12.7,22,292,7,1.557,0.6,22.99,Mid-size,Premium Gasoline
PORSCHE,PANAMERA S,FULL-SIZE,3.0,6,AM,Z,13.4,8.8,11.3,25,260,7,1.523,0.5,23.01,Mid-size,Premium Gasoline
PORSCHE,PANAMERA TURBO,FULL-SIZE,4.8,8,AM,Z,15.3,9.7,12.8,22,294,7,1.577,0.6,22.97,Mid-size,Premium Gasoline
PORSCHE,PANAMERA TURBO EXECUTIVE,FULL-SIZE,4.8,8,AM,Z,15.4,9.8,12.9,22,297,7,1.571,0.6,23.02,Mid-size,Premium Gasoline
RAM,1500 (MDS),PICKUP TRUCK - STANDARD,5.7,8,A,X,17.1,12.0,14.8,19,340,6,1.425,0.712,22.97,Truck/Van,Regular Gasoline
RAM,1500 (MDS),PICKUP TRUCK - STANDARD,5.7,8,A,X,15.8,10.9,13.6,21,313,8,1.45,0.712,23.01,Truck/Van,Regular Gasoline
RAM,1500 4X4 (MDS),PICKUP TRUCK - STANDARD,5.7,8,A,X,17.6,12.7,15.4,18,354,6,1.386,0.712,22.99,Truck/Van,Regular Gasoline
RAM,1500 4X4 (MDS),PICKUP TRUCK - STANDARD,5.7,8,A,X,16.3,11.5,14.1,20,324,8,1.417,0.712,22.98,Truck/Van,Regular Gasoline
RAM,1500 4X4 DIESEL,PICKUP TRUCK - STANDARD,3.0,6,A,D,12.1,8.8,10.6,27,286,8,1.375,0.5,26.98,Truck/Van,Diesel
RAM,1500 4X4 FFV,PICKUP TRUCK - STANDARD,3.6,6,A,X,14.6,10.1,12.6,22,290,8,1.446,0.6,23.02,Truck/Van,Regular Gasoline
RAM,1500 4X4 FFV,PICKUP TRUCK - STANDARD,3.6,6,A,E,20.5,14.5,17.8,16,285,8,1.414,0.6,16.01,Truck/Van,Ethanol (E85)
RAM,1500 DIESEL,PICKUP TRUCK - STANDARD,3.0,6,A,D,11.6,8.4,10.2,28,275,8,1.381,0.5,26.96,Truck/Van,Diesel
RAM,1500 FFV,PICKUP TRUCK - STANDARD,3.6,6,A,X,13.9,9.5,11.9,24,274,8,1.463,0.6,23.03,Truck/Van,Regular Gasoline
RAM,1500 FFV,PICKUP TRUCK - STANDARD,3.6,6,A,E,19.4,13.6,16.8,17,269,8,1.426,0.6,16.01,Truck/Van,Ethanol (E85)
RAM,1500 HFE,PICKUP TRUCK - STANDARD,3.6,6,A,X,12.9,9.3,11.3,25,260,8,1.387,0.6,23.01,Truck/Van,Regular Gasoline
RAM,CARGO VAN FFV,MINIVAN,3.6,6,A,X,13.3,9.1,11.4,25,262,6,1.462,0.6,22.98,Truck/Van,Regular Gasoline
RAM,CARGO VAN FFV,MINIVAN,3.6,6,A,E,18.6,12.7,15.9,18,254,6,1.465,0.6,15.97,Truck/Van,Ethanol (E85)
ROLLS-ROYCE,GHOST,FULL-SIZE,6.6,12,A,Z,19.1,12.3,16.0,18,368,8,1.553,0.55,23.0,Mid-size,Premium Gasoline
ROLLS-ROYCE,GHOST EWB,FULL-SIZE,6.6,12,A,Z,19.1,12.3,16.0,18,368,8,1.553,0.55,23.0,Mid-size,Premium Gasoline
ROLLS-ROYCE,PHANTOM,FULL-SIZE,6.7,12,A,Z,20.7,12.8,17.1,17,393,8,1.617,0.558,22.98,Mid-size,Premium Gasoline
ROLLS-ROYCE,PHANTOM COUPE,COMPACT,6.7,12,A,Z,20.7,12.8,17.1,17,393,8,1.617,0.558,22.98,Compact/Small,Premium Gasoline
ROLLS-ROYCE,PHANTOM DROPHEAD COUPE,COMPACT,6.7,12,A,Z,20.7,12.7,17.1,17,393,8,1.63,0.558,22.98,Compact/Small,Premium Gasoline
ROLLS-ROYCE,PHANTOM EWB,FULL-SIZE,6.7,12,A,Z,20.7,12.7,17.1,17,393,8,1.63,0.558,22.98,Mid-size,Premium Gasoline
ROLLS-ROYCE,WRAITH,MID-SIZE,6.6,12,A,Z,18.7,11.8,15.6,18,359,8,1.585,0.55,23.01,Mid-size,Premium Gasoline
SCION,FR-S,MINICOMPACT,2.0,4,AS,Z,9.6,7.0,8.4,34,193,6,1.371,0.5,22.98,Compact/Small,Premium Gasoline
SCION,FR-S,MINICOMPACT,2.0,4,M,Z,10.9,7.8,9.5,30,218,6,1.397,0.5,22.95,Compact/Small,Premium Gasoline
SCION,iQ,MINICOMPACT,1.3,4,AV,X,6.6,5.7,6.2,46,143,,1.158,0.325,23.06,Compact/Small,Regular Gasoline
SCION,tC,COMPACT,2.5,4,AS,X,10.2,7.5,9.0,31,207,6,1.36,0.625,23.0,Compact/Small,Regular Gasoline
SCION,tC,COMPACT,2.5,4,M,X,10.2,7.6,9.0,31,207,6,1.342,0.625,23.0,Compact/Small,Regular Gasoline
SCION,xB,STATION WAGON - SMALL,2.4,4,AS,X,10.9,8.6,9.9,29,228,4,1.267,0.6,23.03,Mid-size,Regular Gasoline
SCION,xB,STATION WAGON - SMALL,2.4,4,M,X,10.9,8.6,9.9,29,228,5,1.267,0.6,23.03,Mid-size,Regular Gasoline
SCION,xD,SUBCOMPACT,1.8,4,A,X,8.8,7.1,8.0,35,184,4,1.239,0.45,23.0,Compact/Small,Regular Gasoline
SCION,xD,SUBCOMPACT,1.8,4,M,X,8.6,7.1,7.9,36,182,5,1.211,0.45,23.04,Compact/Small,Regular Gasoline
SMART,FORTWO CABRIOLET,TWO-SEATER,1.0,3,AM,Z,6.9,5.7,6.4,44,147,5,1.211,0.333,22.97,Compact/Small,Premium Gasoline
SMART,FORTWO COUPE,TWO-SEATER,1.0,3,AM,Z,6.9,5.7,6.4,44,147,5,1.211,0.333,22.97,Compact/Small,Premium Gasoline
SRT,VIPER COUPE,TWO-SEATER,8.4,10,M,Z,20.0,13.0,16.9,17,389,6,1.538,0.84,23.02,Compact/Small,Premium Gasoline
SRT,VIPER GTS COUPE,TWO-SEATER,8.4,10,M,Z,20.0,13.0,16.9,17,389,6,1.538,0.84,23.02,Compact/Small,Premium Gasoline
SUBARU,BRZ,MINICOMPACT,2.0,4,AS,Z,9.6,7.1,8.5,33,196,6,1.352,0.5,23.06,Compact/Small,Premium Gasoline
SUBARU,BRZ,MINICOMPACT,2.0,4,M,Z,11.0,7.9,9.6,29,221,6,1.392,0.5,23.02,Compact/Small,Premium Gasoline
SUBARU,FORESTER AWD,SUV - SMALL,2.0,4,AV,Z,10.2,8.6,9.5,30,218,,1.186,0.5,22.95,SUV,Premium Gasoline
SUBARU,FORESTER AWD,SUV - SMALL,2.5,4,AV,X,9.6,7.4,8.6,33,198,,1.297,0.625,23.02,SUV,Regular Gasoline
SUBARU,FORESTER AWD,SUV - SMALL,2.5,4,M,X,10.9,8.3,9.7,29,223,6,1.313,0.625,22.99,SUV,Regular Gasoline
SUBARU,IMPREZA AWD,COMPACT,2.0,4,AV,X,8.7,6.6,7.8,36,179,,1.318,0.5,22.95,Compact/Small,Regular Gasoline
SUBARU,IMPREZA AWD,COMPACT,2.0,4,M,X,9.6,7.1,8.5,33,196,5,1.352,0.5,23.06,Compact/Small,Regular Gasoline
SUBARU,IMPREZA AWD,COMPACT,2.5,4,M,Z,12.6,9.5,11.2,25,258,5,1.326,0.625,23.04,Compact/Small,Premium Gasoline
SUBARU,IMPREZA AWD,COMPACT,2.5,4,M,Z,14.2,10.4,12.5,23,288,6,1.365,0.625,23.04,Compact/Small,Premium Gasoline
SUBARU,IMPREZA WAGON AWD,STATION WAGON - SMALL,2.0,4,AV,X,8.7,6.6,7.8,36,179,,1.318,0.5,22.95,Mid-size,Regular Gasoline
SUBARU,IMPREZA WAGON AWD,STATION WAGON - SMALL,2.0,4,M,X,9.6,7.1,8.5,33,196,5,1.352,0.5,23.06,Mid-size,Regular Gasoline
SUBARU,IMPREZA WAGON AWD,STATION WAGON - SMALL,2.5,4,M,Z,12.6,9.5,11.2,25,258,5,1.326,0.625,23.04,Mid-size,Premium Gasoline
SUBARU,IMPREZA WAGON AWD,STATION WAGON - SMALL,2.5,4,M,Z,14.2,10.4,12.5,23,288,6,1.365,0.625,23.04,Mid-size,Premium Gasoline
SUBARU,LEGACY AWD,MID-SIZE,2.5,4,AV,X,9.7,7.3,8.6,33,198,,1.329,0.625,23.02,Mid-size,Regular Gasoline
SUBARU,LEGACY AWD,MID-SIZE,2.5,4,M,X,11.3,8.2,9.9,29,228,6,1.378,0.625,23.03,Mid-size,Regular Gasoline
SUBARU,LEGACY AWD,MID-SIZE,3.6,6,AS,X,13.3,9.5,11.6,24,267,5,1.4,0.6,23.02,Mid-size,Regular Gasoline
SUBARU,OUTBACK AWD,SUV - SMALL,2.5,4,AV,X,9.9,7.8,9.0,31,207,,1.269,0.625,23.0,SUV,Regular Gasoline
SUBARU,OUTBACK AWD,SUV - SMALL,2.5,4,M,X,10.8,8.5,9.8,29,225,6,1.271,0.625,22.96,SUV,Regular Gasoline
SUBARU,OUTBACK AWD,SUV - SMALL,3.6,6,AS,X,13.4,9.7,11.7,24,269,5,1.381,0.6,22.99,SUV,Regular Gasoline
SUBARU,TRIBECA AWD,SUV - SMALL,3.6,6,AS,X,14.7,11.1,13.1,22,301,5,1.324,0.6,22.98,SUV,Regular Gasoline
SUBARU,XV CROSSTREK AWD,SUV - SMALL,2.0,4,AV,X,9.5,7.2,8.5,33,196,,1.319,0.5,23.06,SUV,Regular Gasoline
SUBARU,XV CROSSTREK AWD,SUV - SMALL,2.0,4,M,X,10.2,8.0,9.2,31,212,5,1.275,0.5,23.04,SUV,Regular Gasoline
SUBARU,XV CROSSTREK HYBRID AWD,SUV - SMALL,2.0,4,AV,X,8.1,7.2,7.7,37,177,,1.125,0.5,22.99,SUV,Regular Gasoline
TOYOTA,4RUNNER (Part-Time 4WD),SUV - STANDARD,4.0,6,AS,X,14.3,11.1,12.9,22,297,5,1.288,0.667,23.02,SUV,Regular Gasoline
TOYOTA,4RUNNER 4WD,SUV - STANDARD,4.0,6,AS,X,14.3,11.1,12.9,22,297,5,1.288,0.667,23.02,SUV,Regular Gasoline
TOYOTA,AVALON,MID-SIZE,3.5,6,AS,X,11.3,7.6,9.6,29,221,6,1.487,0.583,23.02,Mid-size,Regular Gasoline
TOYOTA,CAMRY,MID-SIZE,2.5,4,AS,X,9.5,6.6,8.2,34,189,6,1.439,0.625,23.05,Mid-size,Regular Gasoline
TOYOTA,CAMRY,MID-SIZE,3.5,6,AS,X,11.1,7.8,9.6,29,221,6,1.423,0.583,23.02,Mid-size,Regular Gasoline
TOYOTA,CAMRY HYBRID LE,MID-SIZE,2.5,4,AV,X,5.5,5.9,5.7,50,131,,0.932,0.625,22.98,Mid-size,Regular Gasoline
TOYOTA,CAMRY HYBRID XLE/SE,MID-SIZE,2.5,4,AV,X,5.8,6.2,6.0,47,138,,0.935,0.625,23.0,Mid-size,Regular Gasoline
TOYOTA,COROLLA,MID-SIZE,1.8,4,A,X,8.6,6.5,7.7,37,177,4,1.323,0.45,22.99,Mid-size,Regular Gasoline
TOYOTA,COROLLA,MID-SIZE,1.8,4,AV,X,8.1,6.3,7.3,39,168,7,1.286,0.45,23.01,Mid-size,Regular Gasoline
TOYOTA,COROLLA,MID-SIZE,1.8,4,AV,X,8.0,5.9,7.1,40,163,,1.356,0.45,22.96,Mid-size,Regular Gasoline
TOYOTA,COROLLA,MID-SIZE,1.8,4,M,X,8.3,6.3,7.4,38,170,6,1.317,0.45,22.97,Mid-size,Regular Gasoline
TOYOTA,COROLLA LE ECO (1-mode),MID-SIZE,1.8,4,AV,X,7.7,5.6,6.8,42,156,,1.375,0.45,22.94,Mid-size,Regular Gasoline
TOYOTA,COROLLA LE ECO (2-mode),MID-SIZE,1.8,4,AV,X,7.8,5.9,6.9,41,159,,1.322,0.45,23.04,Mid-size,Regular Gasoline
TOYOTA,COROLLA MATRIX,STATION WAGON - SMALL,1.8,4,A,X,9.4,7.5,8.5,33,196,4,1.253,0.45,23.06,Mid-size,Regular Gasoline
TOYOTA,COROLLA MATRIX,STATION WAGON - SMALL,1.8,4,M,X,8.9,7.3,8.2,34,189,5,1.219,0.45,23.05,Mid-size,Regular Gasoline
TOYOTA,FJ CRUISER 4WD,SUV - SMALL,4.0,6,A,X,14.3,11.2,12.9,22,297,5,1.277,0.667,23.02,SUV,Regular Gasoline
TOYOTA,FJ CRUISER 4WD,SUV - SMALL,4.0,6,M,X,15.4,12.1,13.9,20,320,6,1.273,0.667,23.02,SUV,Regular Gasoline
TOYOTA,HIGHLANDER,SUV - SMALL,2.7,4,AS,X,11.7,8.6,10.3,27,237,6,1.36,0.675,23.01,SUV,Regular Gasoline
TOYOTA,HIGHLANDER,SUV - SMALL,3.5,6,AS,X,12.6,9.4,11.2,25,258,6,1.34,0.583,23.04,SUV,Regular Gasoline
TOYOTA,HIGHLANDER AWD,SUV - STANDARD,3.5,6,AS,X,13.0,9.7,11.5,25,264,6,1.34,0.583,22.96,SUV,Regular Gasoline
TOYOTA,HIGHLANDER HYBRID AWD,SUV - STANDARD,3.5,6,AV,X,8.0,8.6,8.3,34,191,6,0.93,0.583,23.01,SUV,Regular Gasoline
TOYOTA,HIGHLANDER HYBRID AWD LE,SUV - STANDARD,3.5,6,AV,X,7.9,8.6,8.2,34,189,6,0.919,0.583,23.05,SUV,Regular Gasoline
TOYOTA,PRIUS,MID-SIZE,1.8,4,AV,X,4.7,4.9,4.8,59,110,,0.959,0.45,22.92,Mid-size,Regular Gasoline
TOYOTA,PRIUS c,COMPACT,1.5,4,AV,X,4.6,4.9,4.7,60,108,,0.939,0.375,22.98,Compact/Small,Regular Gasoline
TOYOTA,PRIUS v,STATION WAGON - MID-SIZE,1.8,4,AV,X,5.3,5.8,5.5,51,126,,0.914,0.45,22.91,Mid-size,Regular Gasoline
TOYOTA,RAV4,SUV - SMALL,2.5,4,AS,X,10.0,7.6,8.9,32,205,6,1.316,0.625,23.03,SUV,Regular Gasoline
TOYOTA,RAV4 AWD,SUV - SMALL,2.5,4,AS,X,10.4,8.1,9.4,30,216,6,1.284,0.625,22.98,SUV,Regular Gasoline
TOYOTA,RAV4 LIMITED AWD,SUV - SMALL,2.5,4,AS,X,10.6,8.2,9.5,30,218,6,1.293,0.625,22.95,SUV,Regular Gasoline
TOYOTA,SEQUOIA 4WD,SUV - STANDARD,5.7,8,AS,X,19.0,13.9,16.7,17,384,6,1.367,0.712,22.99,SUV,Regular Gasoline
TOYOTA,SIENNA,MINIVAN,3.5,6,AS,X,12.9,9.4,11.3,25,260,6,1.372,0.583,23.01,Truck/Van,Regular Gasoline
TOYOTA,SIENNA AWD,MINIVAN,3.5,6,AS,X,14.2,10.3,12.4,23,285,6,1.379,0.583,22.98,Truck/Van,Regular Gasoline
TOYOTA,TACOMA,PICKUP TRUCK - SMALL,2.7,4,A,X,12.2,9.3,10.9,26,251,4,1.312,0.675,23.03,Truck/Van,Regular Gasoline
TOYOTA,TACOMA,PICKUP TRUCK - SMALL,2.7,4,M,X,11.3,8.9,10.2,28,235,5,1.27,0.675,23.04,Truck/Van,Regular Gasoline
TOYOTA,TACOMA,PICKUP TRUCK - SMALL,4.0,6,M,X,14.5,11.3,13.1,22,301,6,1.283,0.667,22.98,Truck/Van,Regular Gasoline
TOYOTA,TACOMA 4WD,PICKUP TRUCK - SMALL,2.7,4,A,X,13.1,10.5,11.9,24,274,4,1.248,0.675,23.03,Truck/Van,Regular Gasoline
TOYOTA,TACOMA 4WD,PICKUP TRUCK - SMALL,2.7,4,M,X,12.8,10.6,11.8,24,271,5,1.208,0.675,22.97,Truck/Van,Regular Gasoline
TOYOTA,TACOMA 4WD,PICKUP TRUCK - SMALL,4.0,6,A,X,14.7,11.5,13.3,21,306,5,1.278,0.667,23.01,Truck/Van,Regular Gasoline
TOYOTA,TACOMA 4WD,PICKUP TRUCK - SMALL,4.0,6,M,X,15.3,12.3,14.0,20,322,6,1.244,0.667,23.0,Truck/Van,Regular Gasoline
TOYOTA,TUNDRA,PICKUP TRUCK - STANDARD,4.0,6,AS,X,14.8,11.8,13.5,21,310,5,1.254,0.667,22.96,Truck/Van,Regular Gasoline
TOYOTA,TUNDRA,PICKUP TRUCK - STANDARD,4.6,8,AS,X,15.9,12.3,14.3,20,329,6,1.293,0.575,23.01,Truck/Van,Regular Gasoline
TOYOTA,TUNDRA,PICKUP TRUCK - STANDARD,5.7,8,AS,X,17.6,12.9,15.5,18,356,6,1.364,0.712,22.97,Truck/Van,Regular Gasoline
TOYOTA,TUNDRA 4WD,PICKUP TRUCK - STANDARD,4.6,8,AS,X,16.9,12.8,15.1,19,347,6,1.32,0.575,22.98,Truck/Van,Regular Gasoline
TOYOTA,TUNDRA 4WD,PICKUP TRUCK - STANDARD,5.7,8,AS,X,18.1,13.9,16.2,17,373,6,1.302,0.712,23.02,Truck/Van,Regular Gasoline
TOYOTA,VENZA,SUV - SMALL,2.7,4,AS,X,11.4,8.2,10.0,28,230,6,1.39,0.675,23.0,SUV,Regular Gasoline
TOYOTA,VENZA,SUV - SMALL,3.5,6,AS,X,12.6,9.1,11.0,26,253,6,1.385,0.583,23.0,SUV,Regular Gasoline
TOYOTA,VENZA 4WD,SUV - SMALL,2.7,4,AS,X,11.6,8.5,10.2,28,235,6,1.365,0.675,23.04,SUV,Regular Gasoline
TOYOTA,VENZA 4WD,SUV - SMALL,3.5,6,AS,X,12.9,9.4,11.3,25,260,6,1.372,0.583,23.01,SUV,Regular Gasoline
TOYOTA,YARIS,COMPACT,1.5,4,A,X,7.9,6.6,7.3,39,168,4,1.197,0.375,23.01,Compact/Small,Regular Gasoline
TOYOTA,YARIS,COMPACT,1.5,4,M,X,7.8,6.3,7.1,40,163,5,1.238,0.375,22.96,Compact/Small,Regular Gasoline
VOLKSWAGEN,BEETLE,COMPACT,1.8,4,A,X,9.5,7.2,8.5,33,196,6,1.319,0.45,23.06,Compact/Small,Regular Gasoline
VOLKSWAGEN,BEETLE,COMPACT,1.8,4,M,X,9.9,7.2,8.7,32,200,5,1.375,0.45,22.99,Compact/Small,Regular Gasoline
VOLKSWAGEN,BEETLE,COMPACT,2.0,4,A,Z,10.3,7.7,9.1,31,209,6,1.338,0.5,22.97,Compact/Small,Premium Gasoline
VOLKSWAGEN,BEETLE,COMPACT,2.0,4,M,Z,10.8,7.6,9.4,30,216,6,1.421,0.5,22.98,Compact/Small,Premium Gasoline
VOLKSWAGEN,BEETLE,COMPACT,2.5,5,A,X,10.9,8.4,9.8,29,225,6,1.298,0.5,22.96,Compact/Small,Regular Gasoline
VOLKSWAGEN,BEETLE,COMPACT,2.5,5,M,X,11.2,7.7,9.6,29,221,5,1.455,0.5,23.02,Compact/Small,Regular Gasoline
VOLKSWAGEN,BEETLE TDI (modified),COMPACT,2.0,4,A,D,8.4,5.9,7.4,38,200,6,1.424,0.5,27.03,Compact/Small,Diesel
VOLKSWAGEN,BEETLE TDI (modified),COMPACT,2.0,4,M,D,8.8,6.1,7.7,37,208,6,1.443,0.5,27.01,Compact/Small,Diesel
VOLKSWAGEN,BEETLE CONVERTIBLE,SUBCOMPACT,1.8,4,A,X,9.8,7.3,8.7,32,200,6,1.342,0.45,22.99,Compact/Small,Regular Gasoline
VOLKSWAGEN,BEETLE CONVERTIBLE,SUBCOMPACT,2.0,4,A,Z,10.3,8.1,9.3,30,214,6,1.272,0.5,23.01,Compact/Small,Premium Gasoline
VOLKSWAGEN,BEETLE CONVERTIBLE,SUBCOMPACT,2.0,4,M,Z,10.8,7.6,9.4,30,216,6,1.421,0.5,22.98,Compact/Small,Premium Gasoline
VOLKSWAGEN,BEETLE CONVERTIBLE,SUBCOMPACT,2.5,5,A,X,11.2,8.7,10.1,28,232,6,1.287,0.5,22.97,Compact/Small,Regular Gasoline
VOLKSWAGEN,CC,COMPACT,2.0,4,A,Z,11.1,7.9,9.7,29,223,6,1.405,0.5,22.99,Compact/Small,Premium Gasoline
VOLKSWAGEN,CC,COMPACT,2.0,4,M,Z,11.6,7.7,9.8,29,225,6,1.506,0.5,22.96,Compact/Small,Premium Gasoline
VOLKSWAGEN,CC 4MOTION,COMPACT,3.6,6,A,Z,14.3,9.8,12.3,23,283,6,1.459,0.6,23.01,Compact/Small,Premium Gasoline
VOLKSWAGEN,EOS,SUBCOMPACT,2.0,4,A,Z,10.9,8.0,9.6,29,221,6,1.362,0.5,23.02,Compact/Small,Premium Gasoline
VOLKSWAGEN,GOLF WAGON,STATION WAGON - SMALL,2.5,5,A,X,11.0,7.7,9.5,30,218,6,1.429,0.5,22.95,Mid-size,Regular Gasoline
VOLKSWAGEN,GOLF WAGON,STATION WAGON - SMALL,2.5,5,M,X,11.2,7.3,9.4,30,216,5,1.534,0.5,22.98,Mid-size,Regular Gasoline
VOLKSWAGEN,GOLF WAGON TDI (modified),STATION WAGON - SMALL,2.0,4,A,D,8.1,6.4,7.4,38,198,6,1.266,0.5,26.76,Mid-size,Diesel
VOLKSWAGEN,GOLF WAGON TDI (modified),STATION WAGON - SMALL,2.0,4,M,D,8.3,6.0,7.3,39,196,6,1.383,0.5,26.85,Mid-size,Diesel
VOLKSWAGEN,JETTA,COMPACT,1.8,4,A,X,9.5,6.7,8.2,34,189,6,1.418,0.45,23.05,Compact/Small,Regular Gasoline
VOLKSWAGEN,JETTA,COMPACT,1.8,4,M,X,9.4,6.7,8.2,34,189,5,1.403,0.45,23.05,Compact/Small,Regular Gasoline
VOLKSWAGEN,JETTA,COMPACT,2.0,4,A,X,10.6,8.0,9.4,30,216,6,1.325,0.5,22.98,Compact/Small,Regular Gasoline
VOLKSWAGEN,JETTA,COMPACT,2.0,4,M,X,10.4,7.2,9.0,31,207,5,1.444,0.5,23.0,Compact/Small,Regular Gasoline
VOLKSWAGEN,JETTA TDI (modified),COMPACT,2.0,4,A,D,8.1,6.4,7.4,38,198,6,1.266,0.5,26.76,Compact/Small,Diesel
VOLKSWAGEN,JETTA TDI (modified),COMPACT,2.0,4,M,D,8.3,6.0,7.3,39,196,6,1.383,0.5,26.85,Compact/Small,Diesel
VOLKSWAGEN,JETTA GLI,COMPACT,2.0,4,A,Z,10.2,7.5,9.0,31,207,6,1.36,0.5,23.0,Compact/Small,Premium Gasoline
VOLKSWAGEN,JETTA GLI,COMPACT,2.0,4,M,Z,10.6,7.4,9.2,31,212,6,1.432,0.5,23.04,Compact/Small,Premium Gasoline
VOLKSWAGEN,JETTA TURBO HYBRID,COMPACT,1.4,4,AM,Z,5.6,5.2,5.4,52,124,7,1.077,0.35,22.96,Compact/Small,Premium Gasoline
VOLKSWAGEN,PASSAT,MID-SIZE,1.8,4,A,X,9.9,6.9,8.6,33,198,6,1.435,0.45,23.02,Mid-size,Regular Gasoline
VOLKSWAGEN,PASSAT,MID-SIZE,1.8,4,M,X,10.0,6.9,8.6,33,198,5,1.449,0.45,23.02,Mid-size,Regular Gasoline
VOLKSWAGEN,PASSAT,MID-SIZE,2.5,5,A,X,11.0,8.0,9.7,29,223,6,1.375,0.5,22.99,Mid-size,Regular Gasoline
VOLKSWAGEN,PASSAT,MID-SIZE,2.5,5,M,X,11.4,7.8,9.8,29,225,5,1.462,0.5,22.96,Mid-size,Regular Gasoline
VOLKSWAGEN,PASSAT,MID-SIZE,3.6,6,A,Z,12.4,8.8,10.8,26,248,6,1.409,0.6,22.96,Mid-size,Premium Gasoline
VOLKSWAGEN,PASSAT TDI (modified),MID-SIZE,2.0,4,A,D,7.8,5.9,6.9,41,180,6,1.322,0.5,26.09,Mid-size,Diesel
VOLKSWAGEN,ROUTAN,MINIVAN,3.6,6,A,X,14.2,9.5,12.1,23,278,6,1.495,0.6,22.98,Truck/Van,Regular Gasoline
VOLKSWAGEN,TIGUAN,SUV - SMALL,2.0,4,A,Z,11.7,9.5,10.7,26,246,6,1.232,0.5,22.99,SUV,Premium Gasoline
VOLKSWAGEN,TIGUAN,SUV - SMALL,2.0,4,M,Z,13.6,9.2,11.6,24,267,6,1.478,0.5,23.02,SUV,Premium Gasoline
VOLKSWAGEN,TIGUAN 4MOTION,SUV - SMALL,2.0,4,A,Z,11.7,9.4,10.7,26,246,6,1.245,0.5,22.99,SUV,Premium Gasoline
VOLKSWAGEN,TOUAREG,SUV - STANDARD,3.6,6,AS,Z,14.4,10.4,12.6,22,296,8,1.385,0.6,23.49,SUV,Premium Gasoline
VOLKSWAGEN,TOUAREG TDI (modified),SUV - STANDARD,3.0,6,AS,D,11.8,8.1,10.2,28,277,8,1.457,0.5,27.16,SUV,Diesel
VOLVO,S60,COMPACT,2.5,5,AS,X,11.3,7.8,9.7,29,223,6,1.449,0.5,22.99,Compact/Small,Regular Gasoline
VOLVO,S60 AWD,COMPACT,2.5,5,AS,X,11.6,8.3,10.1,28,232,6,1.398,0.5,22.97,Compact/Small,Regular Gasoline
VOLVO,S60 AWD,COMPACT,3.0,6,AS,X,13.2,9.5,11.5,25,264,6,1.389,0.5,22.96,Compact/Small,Regular Gasoline
VOLVO,S80,MID-SIZE,3.2,6,AS,X,11.9,8.1,10.2,28,235,6,1.469,0.533,23.04,Mid-size,Regular Gasoline
VOLVO,S80 AWD,MID-SIZE,3.0,6,AS,X,13.2,9.5,11.5,25,264,6,1.389,0.5,22.96,Mid-size,Regular Gasoline
VOLVO,XC60,SUV - SMALL,3.2,6,AS,X,13.0,8.9,11.2,25,258,6,1.461,0.533,23.04,SUV,Regular Gasoline
VOLVO,XC60 AWD,SUV - SMALL,3.0,6,AS,X,13.4,9.8,11.8,24,271,6,1.367,0.5,22.97,SUV,Regular Gasoline
VOLVO,XC60 AWD,SUV - SMALL,3.2,6,AS,X,13.2,9.5,11.5,25,264,6,1.389,0.533,22.96,SUV,Regular Gasoline
VOLVO,XC70 AWD,SUV - SMALL,3.0,6,AS,X,13.4,9.8,11.8,24,271,6,1.367,0.5,22.97,SUV,Regular Gasoline
VOLVO,XC70 AWD,SUV - SMALL,3.2,6,AS,X,12.9,9.3,11.3,25,260,6,1.387,0.533,23.01,SUV,Regular Gasoline
VOLVO,XC90 AWD,SUV - STANDARD,3.2,6,AS,X,14.9,10.2,12.8,22,294,6,1.461,0.533,22.97,SUV,Regular Gasoline
ACURA,ILX,COMPACT,2.0,4,AS,Z,9.7,6.7,8.3,34,191,5,1.448,0.5,23.01,Compact/Small,Premium Gasoline
ACURA,ILX,COMPACT,2.4,4,M,Z,10.8,7.4,9.3,30,214,6,1.459,0.6,23.01,Compact/Small,Premium Gasoline
ACURA,ILX HYBRID,COMPACT,1.5,4,AV,Z,6.0,6.1,6.1,46,140,7,0.984,0.375,22.95,Compact/Small,Premium Gasoline
ACURA,MDX SH-AWD,SUV - SMALL,3.5,6,AS,Z,12.7,9.1,11.1,25,255,6,1.396,0.583,22.97,SUV,Premium Gasoline
ACURA,RLX HYBRID,MID-SIZE,3.5,6,AM,Z,8.0,7.5,7.7,37,177,7,1.067,0.583,22.99,Mid-size,Premium Gasoline
ACURA,TLX,COMPACT,2.4,4,AM,Z,9.6,6.6,8.3,34,191,8,1.455,0.6,23.01,Compact/Small,Premium Gasoline
ACURA,TLX,COMPACT,3.5,6,AS,Z,11.2,6.9,9.2,31,212,9,1.623,0.583,23.04,Compact/Small,Premium Gasoline
ACURA,TLX SH-AWD,COMPACT,3.5,6,AS,Z,11.2,7.5,9.6,29,221,9,1.493,0.583,23.02,Compact/Small,Premium Gasoline
ASTON MARTIN,RAPIDE S,SUBCOMPACT,6.0,12,A,Z,16.8,10.9,14.2,20,327,8,1.541,0.5,23.03,Compact/Small,Premium Gasoline
ASTON MARTIN,V8 VANTAGE,TWO-SEATER,4.7,8,M,Z,18.1,12.3,15.5,18,356,6,1.472,0.588,22.97,Compact/Small,Premium Gasoline
ASTON MARTIN,V8 VANTAGE S,TWO-SEATER,4.7,8,M,Z,18.1,12.3,15.5,18,356,6,1.472,0.588,22.97,Compact/Small,Premium Gasoline
ASTON MARTIN,V12 VANTAGE S,TWO-SEATER,6.0,12,AM,Z,19.5,12.8,16.5,17,379,7,1.523,0.5,22.97,Compact/Small,Premium Gasoline
ASTON MARTIN,VANTAGE GT,TWO-SEATER,4.7,8,AM,Z,17.4,11.3,14.7,19,338,7,1.54,0.588,22.99,Compact/Small,Premium Gasoline
ASTON MARTIN,VANTAGE GT,TWO-SEATER,4.7,8,M,Z,18.1,12.3,15.5,18,356,6,1.472,0.588,22.97,Compact/Small,Premium Gasoline
ASTON MARTIN,VANQUISH,MINICOMPACT,6.0,12,A,Z,17.6,11.4,14.8,19,340,8,1.544,0.5,22.97,Compact/Small,Premium Gasoline
AUDI,A3,SUBCOMPACT,1.8,4,AM,Z,10.0,7.1,8.7,32,200,6,1.408,0.45,22.99,Compact/Small,Premium Gasoline
AUDI,A3 TDI (modified),SUBCOMPACT,2.0,4,AM,D,7.6,5.5,6.5,43,177,6,1.382,0.5,27.23,Compact/Small,Diesel
AUDI,A3 QUATTRO,SUBCOMPACT,2.0,4,AM,Z,9.8,7.2,8.6,33,198,6,1.361,0.5,23.02,Compact/Small,Premium Gasoline
AUDI,A3 CABRIOLET QUATTRO,SUBCOMPACT,2.0,4,AM,Z,10.1,7.5,8.9,32,205,6,1.347,0.5,23.03,Compact/Small,Premium Gasoline
AUDI,A4,COMPACT,2.0,4,AV,Z,9.9,7.6,8.9,32,205,8,1.303,0.5,23.03,Compact/Small,Premium Gasoline
AUDI,A4 QUATTRO,COMPACT,2.0,4,AS,Z,11.0,7.8,9.6,29,221,8,1.41,0.5,23.02,Compact/Small,Premium Gasoline
AUDI,A4 QUATTRO,COMPACT,2.0,4,M,Z,10.6,7.3,9.1,31,209,6,1.452,0.5,22.97,Compact/Small,Premium Gasoline
AUDI,A4 ALLROAD QUATTRO,STATION WAGON - SMALL,2.0,4,AS,Z,11.2,8.4,9.9,28,228,8,1.333,0.5,23.03,Mid-size,Premium Gasoline
AUDI,A5 QUATTRO,SUBCOMPACT,2.0,4,AS,Z,11.0,7.8,9.6,29,221,8,1.41,0.5,23.02,Compact/Small,Premium Gasoline
AUDI,A5 QUATTRO,SUBCOMPACT,2.0,4,M,Z,10.6,7.3,9.1,31,209,6,1.452,0.5,22.97,Compact/Small,Premium Gasoline
AUDI,A5 CABRIOLET QUATTRO,SUBCOMPACT,2.0,4,AS,Z,11.3,8.0,9.8,29,225,8,1.412,0.5,22.96,Compact/Small,Premium Gasoline
AUDI,A6 QUATTRO,MID-SIZE,2.0,4,AS,Z,12.0,8.1,10.3,27,237,8,1.481,0.5,23.01,Mid-size,Premium Gasoline
AUDI,A7 QUATTRO,MID-SIZE,3.0,6,AS,Z,13.1,8.5,11.0,26,253,8,1.541,0.5,23.0,Mid-size,Premium Gasoline
AUDI,A8,MID-SIZE,3.0,6,AS,Z,12.6,8.0,10.5,27,242,8,1.575,0.5,23.05,Mid-size,Premium Gasoline
AUDI,A8,MID-SIZE,4.0,8,AS,Z,12.9,8.0,10.7,26,246,8,1.612,0.5,22.99,Mid-size,Premium Gasoline
AUDI,A8L,FULL-SIZE,3.0,6,AS,Z,12.6,8.0,10.5,27,242,8,1.575,0.5,23.05,Mid-size,Premium Gasoline
AUDI,A8L,FULL-SIZE,4.0,8,AS,Z,13.2,8.3,11.0,26,258,8,1.59,0.5,23.45,Mid-size,Premium Gasoline
AUDI,A8L,FULL-SIZE,6.3,12,AS,Z,17.8,10.8,14.6,19,344,8,1.648,0.525,23.56,Mid-size,Premium Gasoline
AUDI,Q3,COMPACT,2.0,4,AS,Z,12.0,8.2,10.3,27,237,6,1.463,0.5,23.01,Compact/Small,Premium Gasoline
AUDI,Q3 QUATTRO,COMPACT,2.0,4,AS,Z,11.9,8.4,10.3,27,237,6,1.417,0.5,23.01,Compact/Small,Premium Gasoline
AUDI,Q5,SUV - SMALL,3.0,6,AS,Z,13.2,9.2,11.4,25,262,8,1.435,0.5,22.98,SUV,Premium Gasoline
AUDI,Q5 HYBRID,SUV - SMALL,2.0,4,AS,Z,9.8,7.9,8.9,32,205,8,1.241,0.5,23.03,SUV,Premium Gasoline
AUDI,Q7,SUV - STANDARD,3.0,6,AS,Z,15.2,11.0,13.3,21,306,8,1.382,0.5,23.01,SUV,Premium Gasoline
AUDI,R8,TWO-SEATER,4.2,8,AM,Z,17.3,10.4,14.2,20,327,7,1.663,0.525,23.03,Compact/Small,Premium Gasoline
AUDI,R8,TWO-SEATER,4.2,8,M,Z,20.5,11.7,16.6,17,382,6,1.752,0.525,23.01,Compact/Small,Premium Gasoline
AUDI,R8,TWO-SEATER,5.2,10,AM,Z,18.2,10.6,14.8,19,347,7,1.717,0.52,23.45,Compact/Small,Premium Gasoline
AUDI,R8,TWO-SEATER,5.2,10,M,Z,19.9,12.0,16.4,17,377,6,1.658,0.52,22.99,Compact/Small,Premium Gasoline
AUDI,R8 SPYDER,TWO-SEATER,4.2,8,AM,Z,17.3,10.4,14.2,20,327,7,1.663,0.525,23.03,Compact/Small,Premium Gasoline
AUDI,R8 SPYDER,TWO-SEATER,4.2,8,M,Z,20.5,11.7,16.6,17,382,6,1.752,0.525,23.01,Compact/Small,Premium Gasoline
AUDI,R8 SPYDER,TWO-SEATER,5.2,10,AM,Z,18.2,10.6,14.8,19,347,7,1.717,0.52,23.45,Compact/Small,Premium Gasoline
AUDI,R8 SPYDER,TWO-SEATER,5.2,10,M,Z,19.9,12.0,16.4,17,377,6,1.658,0.52,22.99,Compact/Small,Premium Gasoline
AUDI,RS 5,SUBCOMPACT,4.2,8,AM,Z,14.9,10.1,12.8,22,294,7,1.475,0.525,22.97,Compact/Small,Premium Gasoline
AUDI,RS 5 CABRIOLET,SUBCOMPACT,4.2,8,AM,Z,14.8,10.6,12.9,22,297,7,1.396,0.525,23.02,Compact/Small,Premium Gasoline
AUDI,RS 7,MID-SIZE,4.0,8,AS,Z,16.6,9.4,13.3,21,313,8,1.766,0.5,23.53,Mid-size,Premium Gasoline
AUDI,S3,SUBCOMPACT,2.0,4,AM,Z,10.1,7.7,9.0,31,207,6,1.312,0.5,23.0,Compact/Small,Premium Gasoline
AUDI,S4,COMPACT,3.0,6,AM,Z,13.0,8.5,11.0,26,253,7,1.529,0.5,23.0,Compact/Small,Premium Gasoline
AUDI,S4,COMPACT,3.0,6,M,Z,13.8,9.0,11.7,24,269,6,1.533,0.5,22.99,Compact/Small,Premium Gasoline
AUDI,S5,SUBCOMPACT,3.0,6,AM,Z,13.0,8.5,11.0,26,253,7,1.529,0.5,23.0,Compact/Small,Premium Gasoline
AUDI,S5,SUBCOMPACT,3.0,6,M,Z,13.8,9.0,11.7,24,269,6,1.533,0.5,22.99,Compact/Small,Premium Gasoline
AUDI,S5 CABRIOLET,SUBCOMPACT,3.0,6,AM,Z,13.3,9.1,11.4,25,262,7,1.462,0.5,22.98,Compact/Small,Premium Gasoline
AUDI,S6,MID-SIZE,4.0,8,AM,Z,14.0,8.7,11.7,24,269,7,1.609,0.5,22.99,Mid-size,Premium Gasoline
AUDI,S7,MID-SIZE,4.0,8,AM,Z,14.0,8.7,11.7,24,269,7,1.609,0.5,22.99,Mid-size,Premium Gasoline
AUDI,S8,MID-SIZE,4.0,8,AS,Z,14.6,8.8,11.9,24,281,8,1.659,0.5,23.61,Mid-size,Premium Gasoline
AUDI,SQ5,SUV - SMALL,3.0,6,AS,Z,14.1,9.9,12.2,23,281,8,1.424,0.5,23.03,SUV,Premium Gasoline
AUDI,TT COUPE QUATTRO,SUBCOMPACT,2.0,4,AM,Z,10.4,7.6,9.1,31,209,6,1.368,0.5,22.97,Compact/Small,Premium Gasoline
AUDI,TT ROADSTER QUATTRO,TWO-SEATER,2.0,4,AM,Z,10.4,7.7,9.2,31,212,6,1.351,0.5,23.04,Compact/Small,Premium Gasoline
AUDI,TTS COUPE QUATTRO,SUBCOMPACT,2.0,4,AM,Z,11.7,8.4,10.2,28,235,6,1.393,0.5,23.04,Compact/Small,Premium Gasoline
AUDI,TTS ROADSTER QUATTRO,TWO-SEATER,2.0,4,AM,Z,11.7,8.5,10.2,28,235,6,1.376,0.5,23.04,Compact/Small,Premium Gasoline
BENTLEY,CONTINENTAL GT,COMPACT,4.0,8,AS,Z,16.1,9.4,13.1,22,307,8,1.713,0.5,23.44,Compact/Small,Premium Gasoline
BENTLEY,CONTINENTAL GT,COMPACT,6.0,12,AS,Z,18.9,11.2,15.4,18,354,8,1.688,0.5,22.99,Compact/Small,Premium Gasoline
BENTLEY,CONTINENTAL GT CONVERTIBLE,SUBCOMPACT,4.0,8,AS,Z,17.7,10.3,14.4,20,337,8,1.718,0.5,23.4,Compact/Small,Premium Gasoline
BENTLEY,CONTINENTAL GT CONVERTIBLE,SUBCOMPACT,6.0,12,AS,Z,19.6,11.7,16.0,18,368,8,1.675,0.5,23.0,Compact/Small,Premium Gasoline
BENTLEY,CONTINENTAL GT3-R,TWO-SEATER,4.0,8,AS,Z,17.6,10.1,14.2,20,327,8,1.743,0.5,23.03,Compact/Small,Premium Gasoline
BENTLEY,FLYING SPUR,MID-SIZE,4.0,8,AS,Z,17.7,10.0,14.2,20,334,8,1.77,0.5,23.52,Mid-size,Premium Gasoline
BENTLEY,MULSANNE,MID-SIZE,6.8,8,AS,Z,22.3,13.3,18.2,16,419,8,1.677,0.85,23.02,Mid-size,Premium Gasoline
BMW,228i CABRIOLET,SUBCOMPACT,2.0,4,AS,Z,10.4,7.1,8.9,32,205,8,1.465,0.5,23.03,Compact/Small,Premium Gasoline
BMW,228i COUPE,SUBCOMPACT,2.0,4,AS,Z,10.0,6.5,8.4,34,193,8,1.538,0.5,22.98,Compact/Small,Premium Gasoline
BMW,228i COUPE,SUBCOMPACT,2.0,4,M,Z,10.7,6.9,9.0,31,207,6,1.551,0.5,23.0,Compact/Small,Premium Gasoline
BMW,228i xDRIVE CABRIOLET,SUBCOMPACT,2.0,4,AS,Z,10.6,7.2,9.1,31,209,8,1.472,0.5,22.97,Compact/Small,Premium Gasoline
BMW,228i xDRIVE COUPE,SUBCOMPACT,2.0,4,AS,Z,10.3,6.7,8.7,32,200,8,1.537,0.5,22.99,Compact/Small,Premium Gasoline
BMW,320i SEDAN,COMPACT,2.0,4,AS,Z,10.0,6.5,8.4,34,193,8,1.538,0.5,22.98,Compact/Small,Premium Gasoline
BMW,320i SEDAN,COMPACT,2.0,4,M,Z,10.7,6.9,9.0,31,207,6,1.551,0.5,23.0,Compact/Small,Premium Gasoline
BMW,320i xDRIVE SEDAN,COMPACT,2.0,4,AS,Z,10.3,6.7,8.7,32,200,8,1.537,0.5,22.99,Compact/Small,Premium Gasoline
BMW,328d xDRIVE SEDAN,COMPACT,2.0,4,AS,D,7.6,5.5,6.7,42,181,8,1.382,0.5,27.01,Compact/Small,Diesel
BMW,328d xDRIVE TOURING,STATION WAGON - SMALL,2.0,4,AS,D,7.6,5.5,6.7,42,181,8,1.382,0.5,27.01,Mid-size,Diesel
BMW,328i SEDAN,COMPACT,2.0,4,AS,Z,10.0,6.5,8.4,34,193,8,1.538,0.5,22.98,Compact/Small,Premium Gasoline
BMW,328i SEDAN,COMPACT,2.0,4,M,Z,10.7,6.9,9.0,31,207,6,1.551,0.5,23.0,Compact/Small,Premium Gasoline
BMW,328i xDRIVE SEDAN,COMPACT,2.0,4,AS,Z,10.6,7.2,9.1,31,209,8,1.472,0.5,22.97,Compact/Small,Premium Gasoline
BMW,328i xDRIVE GRAN TURISMO,FULL-SIZE,2.0,4,AS,Z,10.6,7.2,9.1,31,209,8,1.472,0.5,22.97,Mid-size,Premium Gasoline
BMW,328i xDRIVE TOURING,STATION WAGON - SMALL,2.0,4,AS,Z,10.6,7.2,9.1,31,209,8,1.472,0.5,22.97,Mid-size,Premium Gasoline
BMW,335i SEDAN,COMPACT,3.0,6,AS,Z,11.4,7.4,9.6,29,221,8,1.541,0.5,23.02,Compact/Small,Premium Gasoline
BMW,335i SEDAN,COMPACT,3.0,6,M,Z,11.5,7.8,9.8,29,225,6,1.474,0.5,22.96,Compact/Small,Premium Gasoline
BMW,335i xDRIVE SEDAN,COMPACT,3.0,6,AS,Z,11.9,7.8,10.0,28,230,8,1.526,0.5,23.0,Compact/Small,Premium Gasoline
BMW,335i xDRIVE SEDAN,COMPACT,3.0,6,M,Z,12.0,8.3,10.3,27,237,6,1.446,0.5,23.01,Compact/Small,Premium Gasoline
BMW,335i xDRIVE GRAN TURISMO,FULL-SIZE,3.0,6,AS,Z,11.9,7.8,10.0,28,230,8,1.526,0.5,23.0,Mid-size,Premium Gasoline
BMW,428i CABRIOLET,SUBCOMPACT,2.0,4,AS,Z,10.4,7.1,8.9,32,205,8,1.465,0.5,23.03,Compact/Small,Premium Gasoline
BMW,428i COUPE,COMPACT,2.0,4,AS,Z,10.0,6.5,8.4,34,193,8,1.538,0.5,22.98,Compact/Small,Premium Gasoline
BMW,428i COUPE,COMPACT,2.0,4,M,Z,10.7,6.9,9.0,31,207,6,1.551,0.5,23.0,Compact/Small,Premium Gasoline
BMW,428i GRAN COUPE,COMPACT,2.0,4,AS,Z,10.4,7.1,8.9,32,205,8,1.465,0.5,23.03,Compact/Small,Premium Gasoline
BMW,428i GRAN COUPE,COMPACT,2.0,4,M,Z,10.9,6.8,9.0,31,207,6,1.603,0.5,23.0,Compact/Small,Premium Gasoline
BMW,428i xDRIVE CABRIOLET,SUBCOMPACT,2.0,4,AS,Z,11.2,7.5,9.6,29,221,8,1.493,0.5,23.02,Compact/Small,Premium Gasoline
BMW,428i xDRIVE COUPE,COMPACT,2.0,4,AS,Z,10.6,7.2,9.1,31,209,8,1.472,0.5,22.97,Compact/Small,Premium Gasoline
BMW,428i xDRIVE GRAN COUPE,COMPACT,2.0,4,AS,Z,10.6,7.2,9.1,31,209,8,1.472,0.5,22.97,Compact/Small,Premium Gasoline
BMW,435i CABRIOLET,SUBCOMPACT,3.0,6,AS,Z,11.8,7.6,9.9,29,228,8,1.553,0.5,23.03,Compact/Small,Premium Gasoline
BMW,435i COUPE,COMPACT,3.0,6,AS,Z,11.4,7.4,9.6,29,221,8,1.541,0.5,23.02,Compact/Small,Premium Gasoline
BMW,435i COUPE,COMPACT,3.0,6,M,Z,11.5,7.8,9.8,29,225,6,1.474,0.5,22.96,Compact/Small,Premium Gasoline
BMW,435i GRAN COUPE,COMPACT,3.0,6,AS,Z,11.4,7.4,9.6,29,221,8,1.541,0.5,23.02,Compact/Small,Premium Gasoline
BMW,435i xDRIVE CABRIOLET,SUBCOMPACT,3.0,6,AS,Z,12.1,8.1,10.3,27,237,8,1.494,0.5,23.01,Compact/Small,Premium Gasoline
BMW,435i xDRIVE COUPE,COMPACT,3.0,6,AS,Z,11.9,7.8,10.0,28,230,8,1.526,0.5,23.0,Compact/Small,Premium Gasoline
BMW,435i xDRIVE COUPE,COMPACT,3.0,6,M,Z,12.0,8.3,10.3,27,237,6,1.446,0.5,23.01,Compact/Small,Premium Gasoline
BMW,435i xDRIVE GRAN COUPE,COMPACT,3.0,6,AS,Z,11.9,7.8,10.0,28,230,8,1.526,0.5,23.0,Compact/Small,Premium Gasoline
BMW,528i SEDAN,MID-SIZE,2.0,4,AS,Z,10.4,7.1,8.9,32,205,8,1.465,0.5,23.03,Mid-size,Premium Gasoline
BMW,528i xDRIVE SEDAN,MID-SIZE,2.0,4,AS,Z,10.6,7.2,9.1,31,209,8,1.472,0.5,22.97,Mid-size,Premium Gasoline
BMW,535d xDRIVE SEDAN,MID-SIZE,3.0,6,AS,D,9.2,6.3,7.9,36,213,8,1.46,0.5,26.96,Mid-size,Diesel
BMW,535i xDRIVE SEDAN,MID-SIZE,3.0,6,AS,Z,12.1,8.1,10.3,27,237,8,1.494,0.5,23.01,Mid-size,Premium Gasoline
BMW,535i xDRIVE GRAN TURISMO,FULL-SIZE,3.0,6,AS,Z,12.8,8.9,11.0,26,253,8,1.438,0.5,23.0,Mid-size,Premium Gasoline
BMW,550i xDRIVE SEDAN,MID-SIZE,4.4,8,AS,Z,14.4,9.7,12.3,23,283,8,1.485,0.55,23.01,Mid-size,Premium Gasoline
BMW,550i xDRIVE GRAN TURISMO,FULL-SIZE,4.4,8,AS,Z,15.2,9.8,12.8,22,294,8,1.551,0.55,22.97,Mid-size,Premium Gasoline
BMW,640i xDRIVE CABRIOLET,SUBCOMPACT,3.0,6,AS,Z,12.1,8.1,10.3,27,237,8,1.494,0.5,23.01,Compact/Small,Premium Gasoline
BMW,640i xDRIVE GRAN COUPE,COMPACT,3.0,6,AS,Z,12.1,8.1,10.3,27,237,8,1.494,0.5,23.01,Compact/Small,Premium Gasoline
BMW,650i xDRIVE CABRIOLET,SUBCOMPACT,4.4,8,AS,Z,15.2,9.8,12.8,22,294,8,1.551,0.55,22.97,Compact/Small,Premium Gasoline
BMW,650i xDRIVE COUPE,COMPACT,4.4,8,AS,Z,14.4,9.7,12.3,23,283,8,1.485,0.55,23.01,Compact/Small,Premium Gasoline
BMW,650i xDRIVE GRAN COUPE,COMPACT,4.4,8,AS,Z,15.2,9.8,12.8,22,294,8,1.551,0.55,22.97,Compact/Small,Premium Gasoline
BMW,740Ld xDRIVE SEDAN,FULL-SIZE,3.0,6,AS,D,10.2,7.1,8.8,32,238,8,1.437,0.5,27.05,Mid-size,Diesel
BMW,740Li xDRIVE SEDAN,FULL-SIZE,3.0,6,AS,Z,12.1,8.1,10.3,27,237,8,1.494,0.5,23.01,Mid-size,Premium Gasoline
BMW,750i xDRIVE SEDAN,FULL-SIZE,4.4,8,AS,Z,15.2,9.8,12.8,22,294,8,1.551,0.55,22.97,Mid-size,Premium Gasoline
BMW,750Li xDRIVE SEDAN,FULL-SIZE,4.4,8,AS,Z,15.2,9.8,12.8,22,294,8,1.551,0.55,22.97,Mid-size,Premium Gasoline
BMW,760Li SEDAN,FULL-SIZE,6.0,12,AS,Z,18.7,11.6,15.5,18,356,8,1.612,0.5,22.97,Mid-size,Premium Gasoline
BMW,ACTIVEHYBRID 3,COMPACT,3.0,6,AS,Z,9.7,7.5,8.7,32,200,8,1.293,0.5,22.99,Compact/Small,Premium Gasoline
BMW,ACTIVEHYBRID 5,MID-SIZE,3.0,6,AS,Z,10.6,7.9,9.4,30,216,8,1.342,0.5,22.98,Mid-size,Premium Gasoline
BMW,ACTIVEHYBRID 7L,FULL-SIZE,3.0,6,AS,Z,10.6,7.7,9.3,30,214,8,1.377,0.5,23.01,Mid-size,Premium Gasoline
BMW,ALPINA B6 xDRIVE GRAN COUPE,COMPACT,4.4,8,AS,Z,15.2,9.8,12.8,22,294,8,1.551,0.55,22.97,Compact/Small,Premium Gasoline
BMW,ALPINA B7 xDRIVE LWB,FULL-SIZE,4.4,8,AS,Z,15.2,9.8,12.8,22,294,8,1.551,0.55,22.97,Mid-size,Premium Gasoline
BMW,ALPINA B7 xDRIVE SWB,FULL-SIZE,4.4,8,AS,Z,15.2,9.8,12.8,22,294,8,1.551,0.55,22.97,Mid-size,Premium Gasoline
BMW,M235i CABRIOLET,SUBCOMPACT,3.0,6,AS,Z,11.8,8.1,10.2,28,235,8,1.457,0.5,23.04,Compact/Small,Premium Gasoline
BMW,M235i CABRIOLET,SUBCOMPACT,3.0,6,M,Z,12.3,9.0,10.8,26,248,6,1.367,0.5,22.96,Compact/Small,Premium Gasoline
BMW,M235i COUPE,SUBCOMPACT,3.0,6,AS,Z,11.8,8.1,10.2,28,235,8,1.457,0.5,23.04,Compact/Small,Premium Gasoline
BMW,M235i COUPE,SUBCOMPACT,3.0,6,M,Z,11.9,8.5,10.4,27,239,6,1.4,0.5,22.98,Compact/Small,Premium Gasoline
BMW,M235i xDRIVE COUPE,SUBCOMPACT,3.0,6,AS,Z,11.9,7.8,10.0,28,230,8,1.526,0.5,23.0,Compact/Small,Premium Gasoline
BMW,M3 SEDAN,COMPACT,3.0,6,AM,Z,14.2,9.6,12.1,23,278,7,1.479,0.5,22.98,Compact/Small,Premium Gasoline
BMW,M3 SEDAN,COMPACT,3.0,6,M,Z,13.7,9.0,11.6,24,267,6,1.522,0.5,23.02,Compact/Small,Premium Gasoline
BMW,M4 CABRIOLET,SUBCOMPACT,3.0,6,AM,Z,14.1,9.7,12.1,23,278,7,1.454,0.5,22.98,Compact/Small,Premium Gasoline
BMW,M4 CABRIOLET,SUBCOMPACT,3.0,6,M,Z,14.1,9.0,11.8,24,271,6,1.567,0.5,22.97,Compact/Small,Premium Gasoline
BMW,M4 COUPE,COMPACT,3.0,6,AM,Z,14.1,9.7,12.1,23,278,7,1.454,0.5,22.98,Compact/Small,Premium Gasoline
BMW,M4 COUPE,COMPACT,3.0,6,M,Z,13.7,9.0,11.6,24,267,6,1.522,0.5,23.02,Compact/Small,Premium Gasoline
BMW,M5 SEDAN,MID-SIZE,4.4,8,AM,Z,17.3,11.5,14.7,19,338,7,1.504,0.55,22.99,Mid-size,Premium Gasoline
BMW,M5 SEDAN,MID-SIZE,4.4,8,M,Z,16.1,10.8,13.7,21,315,6,1.491,0.55,22.99,Mid-size,Premium Gasoline
BMW,M6 CABRIOLET,SUBCOMPACT,4.4,8,M,Z,16.1,10.8,13.7,21,315,6,1.491,0.55,22.99,Compact/Small,Premium Gasoline
BMW,M6 COUPE,COMPACT,4.4,8,AM,Z,17.3,11.5,14.7,19,338,7,1.504,0.55,22.99,Compact/Small,Premium Gasoline
BMW,M6 COUPE,COMPACT,4.4,8,M,Z,16.1,10.8,13.7,21,315,6,1.491,0.55,22.99,Compact/Small,Premium Gasoline
BMW,M6 GRAN COUPE,COMPACT,4.4,8,M,Z,16.1,10.8,13.7,21,315,6,1.491,0.55,22.99,Compact/Small,Premium Gasoline
BMW,X1 xDRIVE28i,SUV - SMALL,2.0,4,AS,Z,10.6,7.2,9.1,31,209,8,1.472,0.5,22.97,SUV,Premium Gasoline
BMW,X1 xDRIVE35i,SUV - SMALL,3.0,6,AS,Z,13.2,8.9,11.2,25,258,8,1.483,0.5,23.04,SUV,Premium Gasoline
BMW,X3 xDRIVE28d,SUV - SMALL,2.0,4,AS,D,8.6,6.9,7.9,36,213,8,1.246,0.5,26.96,SUV,Diesel
BMW,X3 xDRIVE28i,SUV - SMALL,2.0,4,AS,Z,11.1,8.4,9.9,29,228,8,1.321,0.5,23.03,SUV,Premium Gasoline
BMW,X3 xDRIVE35i,SUV - SMALL,3.0,6,AS,Z,12.7,8.8,10.9,26,251,8,1.443,0.5,23.03,SUV,Premium Gasoline
BMW,X4 xDRIVE28i,SUV - SMALL,2.0,4,AS,Z,11.7,8.4,10.2,28,235,8,1.393,0.5,23.04,SUV,Premium Gasoline
BMW,X4 xDRIVE35i,SUV - SMALL,3.0,6,AS,Z,12.7,8.8,10.9,26,251,8,1.443,0.5,23.03,SUV,Premium Gasoline
BMW,X5 M,SUV - STANDARD,4.4,8,AS,Z,16.6,12.1,14.6,19,336,8,1.372,0.55,23.01,SUV,Premium Gasoline
BMW,X5 xDRIVE35d,SUV - STANDARD,3.0,6,AS,D,9.9,7.2,8.7,32,235,8,1.375,0.5,27.01,SUV,Diesel
BMW,X5 xDRIVE35i,SUV - STANDARD,3.0,6,AS,Z,13.0,8.9,11.1,25,255,8,1.461,0.5,22.97,SUV,Premium Gasoline
BMW,X5 xDRIVE50i,SUV - STANDARD,4.4,8,AS,Z,16.1,10.9,13.8,20,317,8,1.477,0.55,22.97,SUV,Premium Gasoline
BMW,X6 M,SUV - STANDARD,4.4,8,AS,Z,16.6,12.1,14.6,19,336,8,1.372,0.55,23.01,SUV,Premium Gasoline
BMW,X6 xDRIVE35i,SUV - STANDARD,3.0,6,AS,Z,13.0,8.9,11.1,25,255,8,1.461,0.5,22.97,SUV,Premium Gasoline
BMW,X6 xDRIVE50i,SUV - STANDARD,4.4,8,AS,Z,16.1,10.9,13.8,20,317,8,1.477,0.55,22.97,SUV,Premium Gasoline
BMW,Z4 sDRIVE28i,TWO-SEATER,2.0,4,AS,Z,10.7,7.1,9.1,31,209,8,1.507,0.5,22.97,Compact/Small,Premium Gasoline
BMW,Z4 sDRIVE28i,TWO-SEATER,2.0,4,M,Z,10.7,6.9,9.0,31,207,6,1.551,0.5,23.0,Compact/Small,Premium Gasoline
BMW,Z4 sDRIVE35i,TWO-SEATER,3.0,6,AM,Z,13.7,10.0,12.1,23,278,7,1.37,0.5,22.98,Compact/Small,Premium Gasoline
BMW,Z4 sDRIVE35is,TWO-SEATER,3.0,6,AM,Z,13.7,10.0,12.1,23,278,7,1.37,0.5,22.98,Compact/Small,Premium Gasoline
BUICK,ENCLAVE,SUV - STANDARD,3.6,6,A,X,14.2,9.9,12.3,23,283,6,1.434,0.6,23.01,SUV,Regular Gasoline
BUICK,LACROSSE,MID-SIZE,3.6,6,AS,X,13.7,8.6,11.4,25,262,6,1.593,0.6,22.98,Mid-size,Regular Gasoline
BUICK,LACROSSE,MID-SIZE,3.6,6,AS,E,18.7,12.4,15.8,18,253,6,1.508,0.6,16.01,Mid-size,Ethanol (E85)
BUICK,LACROSSE AWD,MID-SIZE,3.6,6,AS,X,13.9,9.1,11.7,24,269,6,1.527,0.6,22.99,Mid-size,Regular Gasoline
BUICK,LACROSSE AWD,MID-SIZE,3.6,6,AS,E,18.6,12.6,15.9,18,254,6,1.476,0.6,15.97,Mid-size,Ethanol (E85)
BUICK,REGAL,MID-SIZE,2.0,4,AS,Z,11.4,7.9,9.8,29,225,6,1.443,0.5,22.96,Mid-size,Premium Gasoline
BUICK,REGAL,MID-SIZE,2.0,4,M,Z,11.6,7.6,9.8,29,225,6,1.526,0.5,22.96,Mid-size,Premium Gasoline
BUICK,REGAL AWD,MID-SIZE,2.0,4,AS,Z,12.4,8.7,10.7,26,246,6,1.425,0.5,22.99,Mid-size,Premium Gasoline
BUICK,VERANO,COMPACT,2.0,4,AS,Z,11.4,7.9,9.8,29,225,6,1.443,0.5,22.96,Compact/Small,Premium Gasoline
BUICK,VERANO,COMPACT,2.0,4,M,Z,11.6,7.6,9.8,29,225,6,1.526,0.5,22.96,Compact/Small,Premium Gasoline
BUICK,VERANO,COMPACT,2.4,4,AS,X,11.1,7.4,9.4,30,216,6,1.5,0.6,22.98,Compact/Small,Regular Gasoline
CADILLAC,ATS,COMPACT,2.0,4,AS,Z,11.1,7.9,9.7,29,223,6,1.405,0.5,22.99,Compact/Small,Premium Gasoline
CADILLAC,ATS,COMPACT,2.0,4,M,Z,12.2,7.9,10.3,27,237,6,1.544,0.5,23.01,Compact/Small,Premium Gasoline
CADILLAC,ATS,COMPACT,2.5,4,AS,X,11.1,7.2,9.3,30,214,6,1.542,0.625,23.01,Compact/Small,Regular Gasoline
CADILLAC,ATS,COMPACT,3.6,6,AS,X,12.8,8.4,10.8,26,248,6,1.524,0.6,22.96,Compact/Small,Regular Gasoline
CADILLAC,ATS AWD,COMPACT,2.0,4,AS,Z,11.5,8.5,10.2,28,235,6,1.353,0.5,23.04,Compact/Small,Premium Gasoline
CADILLAC,ATS AWD,COMPACT,3.6,6,AS,X,12.8,8.9,11.0,26,253,6,1.438,0.6,23.0,Compact/Small,Regular Gasoline
CADILLAC,CTS,MID-SIZE,2.0,4,AS,Z,11.5,7.9,9.9,29,228,6,1.456,0.5,23.03,Mid-size,Premium Gasoline
CADILLAC,CTS,MID-SIZE,3.6,6,AS,X,12.8,8.2,10.7,26,246,8,1.561,0.6,22.99,Mid-size,Regular Gasoline
CADILLAC,CTS AWD,MID-SIZE,2.0,4,AS,Z,12.3,8.5,10.6,27,244,6,1.447,0.5,23.02,Mid-size,Premium Gasoline
CADILLAC,CTS AWD,MID-SIZE,3.6,6,AS,X,12.8,8.9,11.0,26,253,6,1.438,0.6,23.0,Mid-size,Regular Gasoline
CADILLAC,CTS Vsport,MID-SIZE,3.6,6,AS,Z,15.1,9.9,12.7,22,292,8,1.525,0.6,22.99,Mid-size,Premium Gasoline
CADILLAC,ESCALADE 4WD,SUV - STANDARD,6.2,8,A,Z,16.2,11.4,14.0,20,322,6,1.421,0.775,23.0,SUV,Premium Gasoline
CADILLAC,ESCALADE 4WD,SUV - STANDARD,6.2,8,A,Z,15.9,11.1,13.8,20,317,8,1.432,0.775,22.97,SUV,Premium Gasoline
CADILLAC,ESCALADE ESV 4WD,SUV - STANDARD,6.2,8,A,Z,16.8,11.7,14.5,19,334,6,1.436,0.775,23.03,SUV,Premium Gasoline
CADILLAC,ESCALADE ESV 4WD,SUV - STANDARD,6.2,8,A,Z,16.4,11.7,14.3,20,329,8,1.402,0.775,23.01,SUV,Premium Gasoline
CADILLAC,SRX,SUV - STANDARD,3.6,6,AS,X,14.2,9.8,12.3,23,283,6,1.449,0.6,23.01,SUV,Regular Gasoline
CADILLAC,XTS,FULL-SIZE,3.6,6,AS,X,13.6,8.6,11.3,25,260,6,1.581,0.6,23.01,Mid-size,Regular Gasoline
CADILLAC,XTS AWD,FULL-SIZE,3.6,6,AS,X,13.7,8.9,11.6,24,267,6,1.539,0.6,23.02,Mid-size,Regular Gasoline
CADILLAC,XTS Vsport AWD,FULL-SIZE,3.6,6,AS,Z,14.8,9.9,12.6,22,290,6,1.495,0.6,23.02,Mid-size,Premium Gasoline
CHEVROLET,CAMARO,COMPACT,3.6,6,AS,X,13.3,8.8,11.3,25,260,6,1.511,0.6,23.01,Compact/Small,Regular Gasoline
CHEVROLET,CAMARO,COMPACT,3.6,6,M,X,14.0,8.4,11.5,25,265,6,1.667,0.6,23.04,Compact/Small,Regular Gasoline
CHEVROLET,CAMARO,COMPACT,6.2,8,AS,Z,15.3,9.8,12.8,22,294,6,1.561,0.775,22.97,Compact/Small,Premium Gasoline
CHEVROLET,CAMARO,COMPACT,6.2,8,M,Z,15.0,9.9,12.7,22,292,6,1.515,0.775,22.99,Compact/Small,Premium Gasoline
CHEVROLET,CAMARO 2LS,COMPACT,3.6,6,AS,X,12.6,7.9,10.5,27,242,6,1.595,0.6,23.05,Compact/Small,Regular Gasoline
CHEVROLET,CAMARO Z/28,COMPACT,6.2,8,M,Z,18.1,12.3,15.5,18,357,6,1.472,0.775,23.03,Compact/Small,Premium Gasoline
CHEVROLET,CAMARO ZL1,COMPACT,6.2,8,AS,Z,19.9,13.0,16.8,17,386,6,1.531,0.775,22.98,Compact/Small,Premium Gasoline
CHEVROLET,CAMARO ZL1,COMPACT,6.2,8,M,Z,16.6,12.4,14.7,19,338,6,1.339,0.775,22.99,Compact/Small,Premium Gasoline
CHEVROLET,CITY EXPRESS,SPECIAL PURPOSE VEHICLE,2.0,4,AV,X,9.7,9.0,9.4,30,216,,1.078,0.5,22.98,Other,Regular Gasoline
CHEVROLET,COLORADO,PICKUP TRUCK - SMALL,2.5,4,A,X,11.9,8.8,10.5,27,242,6,1.352,0.625,23.05,Truck/Van,Regular Gasoline
CHEVROLET,COLORADO,PICKUP TRUCK - SMALL,2.5,4,M,X,12.2,9.1,10.8,26,248,6,1.341,0.625,22.96,Truck/Van,Regular Gasoline
CHEVROLET,COLORADO,PICKUP TRUCK - SMALL,3.6,6,A,X,13.0,9.2,11.3,25,260,6,1.413,0.6,23.01,Truck/Van,Regular Gasoline
CHEVROLET,COLORADO 4WD,PICKUP TRUCK - SMALL,2.5,4,A,X,12.7,9.5,11.3,25,260,6,1.337,0.625,23.01,Truck/Van,Regular Gasoline
CHEVROLET,COLORADO 4WD,PICKUP TRUCK - SMALL,3.6,6,A,X,13.5,9.8,11.8,24,271,6,1.378,0.6,22.97,Truck/Van,Regular Gasoline
CHEVROLET,CORVETTE,TWO-SEATER,6.2,8,AS,Z,14.6,8.1,11.7,24,269,8,1.802,0.775,22.99,Compact/Small,Premium Gasoline
CHEVROLET,CORVETTE Z06,TWO-SEATER,6.2,8,AS,Z,17.7,10.2,14.3,20,329,8,1.735,0.775,23.01,Compact/Small,Premium Gasoline
CHEVROLET,CORVETTE Z06,TWO-SEATER,6.2,8,M,Z,15.7,10.6,13.4,21,308,7,1.481,0.775,22.99,Compact/Small,Premium Gasoline
CHEVROLET,CRUZE,MID-SIZE,1.4,4,M,X,9.0,6.2,7.8,36,179,6,1.452,0.35,22.95,Mid-size,Regular Gasoline
CHEVROLET,CRUZE,MID-SIZE,1.8,4,AS,X,10.5,6.8,8.8,32,202,6,1.544,0.45,22.95,Mid-size,Regular Gasoline
CHEVROLET,CRUZE,MID-SIZE,1.8,4,M,X,9.4,6.6,8.1,35,186,6,1.424,0.45,22.96,Mid-size,Regular Gasoline
CHEVROLET,CRUZE ECO,MID-SIZE,1.4,4,A,X,9.0,6.1,7.7,37,177,6,1.475,0.35,22.99,Mid-size,Regular Gasoline
CHEVROLET,EQUINOX FFV,SUV - SMALL,2.4,4,A,X,10.5,7.3,9.1,31,209,6,1.438,0.6,22.97,SUV,Regular Gasoline
CHEVROLET,EQUINOX FFV,SUV - SMALL,2.4,4,A,E,15.6,10.8,13.4,21,214,6,1.444,0.6,15.97,SUV,Ethanol (E85)
CHEVROLET,EQUINOX,SUV - SMALL,3.6,6,A,X,14.2,9.5,12.1,23,278,6,1.495,0.6,22.98,SUV,Regular Gasoline
CHEVROLET,EQUINOX AWD FFV,SUV - SMALL,2.4,4,A,X,11.5,8.2,10.0,28,230,6,1.402,0.6,23.0,SUV,Regular Gasoline
CHEVROLET,EQUINOX AWD FFV,SUV - SMALL,2.4,4,A,E,16.3,11.6,14.2,20,227,6,1.405,0.6,15.99,SUV,Ethanol (E85)
CHEVROLET,EXPRESS 2500 PASSENGER,VAN - PASSENGER,4.8,8,A,X,21.0,14.2,18.0,16,414,6,1.479,0.6,23.0,Truck/Van,Regular Gasoline
CHEVROLET,EXPRESS 2500 PASSENGER,VAN - PASSENGER,6.0,8,A,X,22.0,14.9,18.8,15,432,6,1.477,0.75,22.98,Truck/Van,Regular Gasoline
CHEVROLET,EXPRESS 2500 PASSENGER FFV,VAN - PASSENGER,6.0,8,A,X,22.0,14.9,18.8,15,432,6,1.477,0.75,22.98,Truck/Van,Regular Gasoline
CHEVROLET,EXPRESS 2500 PASSENGER FFV,VAN - PASSENGER,6.0,8,A,E,30.3,20.5,25.9,11,414,6,1.478,0.75,15.98,Truck/Van,Ethanol (E85)
CHEVROLET,EXPRESS 3500 PASSENGER,VAN - PASSENGER,4.8,8,A,X,21.3,14.3,18.1,16,416,6,1.49,0.6,22.98,Truck/Van,Regular Gasoline
CHEVROLET,EXPRESS 3500 PASSENGER,VAN - PASSENGER,6.0,8,A,X,22.2,15.1,19.0,15,437,6,1.47,0.75,23.0,Truck/Van,Regular Gasoline
CHEVROLET,EXPRESS 3500 PASSENGER FFV,VAN - PASSENGER,6.0,8,A,X,22.2,15.1,19.0,15,437,6,1.47,0.75,23.0,Truck/Van,Regular Gasoline
CHEVROLET,EXPRESS 3500 PASSENGER FFV,VAN - PASSENGER,6.0,8,A,E,30.6,20.6,26.1,11,418,6,1.485,0.75,16.02,Truck/Van,Ethanol (E85)
CHEVROLET,IMPALA,FULL-SIZE,2.5,4,AS,X,10.6,7.5,9.2,31,212,6,1.413,0.625,23.04,Mid-size,Regular Gasoline
CHEVROLET,IMPALA,FULL-SIZE,3.6,6,AS,X,12.5,8.2,10.6,27,244,6,1.524,0.6,23.02,Mid-size,Regular Gasoline
CHEVROLET,IMPALA,FULL-SIZE,3.6,6,AS,E,17.0,11.5,14.5,19,232,6,1.478,0.6,16.0,Mid-size,Ethanol (E85)
CHEVROLET,MALIBU,MID-SIZE,2.0,4,AS,Z,11.4,7.9,9.8,29,225,6,1.443,0.5,22.96,Mid-size,Premium Gasoline
CHEVROLET,SILVERADO,PICKUP TRUCK - STANDARD,4.3,6,A,X,13.4,9.9,11.9,24,274,6,1.354,0.717,23.03,Truck/Van,Regular Gasoline
CHEVROLET,SILVERADO,PICKUP TRUCK - STANDARD,4.3,6,A,E,19.3,14.3,17.1,17,274,6,1.35,0.717,16.02,Truck/Van,Ethanol (E85)
CHEVROLET,SILVERADO,PICKUP TRUCK - STANDARD,5.3,8,A,E,19.9,13.8,17.2,16,275,6,1.442,0.662,15.99,Truck/Van,Ethanol (E85)
CHEVROLET,SILVERADO,PICKUP TRUCK - STANDARD,6.2,8,A,Z,16.1,11.4,14.0,20,322,8,1.412,0.775,23.0,Truck/Van,Premium Gasoline
CHEVROLET,SILVERADO 4WD,PICKUP TRUCK - STANDARD,4.3,6,A,X,14.1,10.6,12.5,23,288,6,1.33,0.717,23.04,Truck/Van,Regular Gasoline
CHEVROLET,SILVERADO 4WD,PICKUP TRUCK - STANDARD,4.3,6,A,E,20.3,15.2,18.0,16,288,6,1.336,0.717,16.0,Truck/Van,Ethanol (E85)
CHEVROLET,SILVERADO 4WD,PICKUP TRUCK - STANDARD,5.3,8,A,X,14.9,10.7,13.0,22,299,6,1.393,0.662,23.0,Truck/Van,Regular Gasoline
CHEVROLET,SILVERADO 4WD,PICKUP TRUCK - STANDARD,5.3,8,A,E,20.2,14.3,17.5,16,280,6,1.413,0.662,16.0,Truck/Van,Ethanol (E85)
CHEVROLET,SILVERADO 4WD,PICKUP TRUCK - STANDARD,6.2,8,A,Z,16.3,11.6,14.2,20,327,8,1.405,0.775,23.03,Truck/Van,Premium Gasoline
CHEVROLET,SONIC,COMPACT,1.4,4,AS,X,9.0,6.8,8.0,35,184,6,1.324,0.35,23.0,Compact/Small,Regular Gasoline
CHEVROLET,SONIC,COMPACT,1.8,4,AS,X,9.6,6.7,8.3,34,191,6,1.433,0.45,23.01,Compact/Small,Regular Gasoline
CHEVROLET,SONIC,COMPACT,1.8,4,M,X,9.0,6.8,8.0,35,184,5,1.324,0.45,23.0,Compact/Small,Regular Gasoline
CHEVROLET,SONIC RS,COMPACT,1.4,4,M,X,8.9,6.9,8.0,35,184,6,1.29,0.35,23.0,Compact/Small,Regular Gasoline
CHEVROLET,SONIC 5,MID-SIZE,1.4,4,AS,X,9.0,6.8,8.0,35,184,6,1.324,0.35,23.0,Mid-size,Regular Gasoline
CHEVROLET,SONIC 5,MID-SIZE,1.4,4,M,X,8.5,6.2,7.5,38,173,6,1.371,0.35,23.07,Mid-size,Regular Gasoline
CHEVROLET,SONIC 5,MID-SIZE,1.8,4,AS,X,9.6,6.7,8.3,34,191,6,1.433,0.45,23.01,Mid-size,Regular Gasoline
CHEVROLET,SONIC 5,MID-SIZE,1.8,4,M,X,9.0,6.8,8.0,35,184,5,1.324,0.45,23.0,Mid-size,Regular Gasoline
CHEVROLET,SONIC 5 RS,MID-SIZE,1.4,4,M,X,8.9,6.9,8.0,35,184,6,1.29,0.35,23.0,Mid-size,Regular Gasoline
CHEVROLET,SPARK,SUBCOMPACT,1.2,4,AV,X,7.7,6.1,7.0,40,161,,1.262,0.3,23.0,Compact/Small,Regular Gasoline
CHEVROLET,SPARK,SUBCOMPACT,1.2,4,M,X,7.5,6.0,6.8,42,156,5,1.25,0.3,22.94,Compact/Small,Regular Gasoline
CHEVROLET,SUBURBAN,SUV - STANDARD,5.3,8,A,X,14.9,10.1,12.7,22,292,6,1.475,0.662,22.99,SUV,Regular Gasoline
CHEVROLET,SUBURBAN,SUV - STANDARD,5.3,8,A,E,20.2,13.6,17.2,16,275,6,1.485,0.662,15.99,SUV,Ethanol (E85)
CHEVROLET,SUBURBAN 4WD,SUV - STANDARD,5.3,8,A,X,15.4,10.8,13.3,21,306,6,1.426,0.662,23.01,SUV,Regular Gasoline
CHEVROLET,SUBURBAN 4WD,SUV - STANDARD,5.3,8,A,E,22.1,15.4,19.1,15,306,6,1.435,0.662,16.02,SUV,Ethanol (E85)
CHEVROLET,TAHOE,SUV - STANDARD,5.3,8,A,X,14.9,10.1,12.7,22,292,6,1.475,0.662,22.99,SUV,Regular Gasoline
CHEVROLET,TAHOE,SUV - STANDARD,5.3,8,A,E,20.2,13.6,17.2,16,275,6,1.485,0.662,15.99,SUV,Ethanol (E85)
CHEVROLET,TAHOE 4WD,SUV - STANDARD,5.3,8,A,X,15.1,10.4,13.0,22,299,6,1.452,0.662,23.0,SUV,Regular Gasoline
CHEVROLET,TAHOE 4WD,SUV - STANDARD,5.3,8,A,E,20.5,14.0,17.6,16,282,6,1.464,0.662,16.02,SUV,Ethanol (E85)
CHEVROLET,TRAVERSE,SUV - STANDARD,3.6,6,A,X,14.2,9.9,12.3,23,283,6,1.434,0.6,23.01,SUV,Regular Gasoline
CHEVROLET,TRAX,SUV - SMALL,1.4,4,AS,X,9.2,7.0,8.2,34,189,6,1.314,0.35,23.05,SUV,Regular Gasoline
CHEVROLET,TRAX,SUV - SMALL,1.4,4,M,X,9.1,6.9,8.1,35,186,6,1.319,0.35,22.96,SUV,Regular Gasoline
CHEVROLET,TRAX AWD,SUV - SMALL,1.4,4,AS,X,9.7,7.6,8.7,32,200,6,1.276,0.35,22.99,SUV,Regular Gasoline
CHRYSLER,200,MID-SIZE,2.4,4,A,X,10.2,6.4,8.5,33,196,9,1.594,0.6,23.06,Mid-size,Regular Gasoline
CHRYSLER,200 FFV,MID-SIZE,2.4,4,A,X,10.2,6.4,8.5,33,196,9,1.594,0.6,23.06,Mid-size,Regular Gasoline
CHRYSLER,200 FFV,MID-SIZE,2.4,4,A,E,13.6,8.5,11.3,25,181,9,1.6,0.6,16.02,Mid-size,Ethanol (E85)
CHRYSLER,200,MID-SIZE,3.6,6,A,X,12.4,7.5,10.2,28,235,9,1.653,0.6,23.04,Mid-size,Regular Gasoline
CHRYSLER,200 FFV,MID-SIZE,3.6,6,A,X,12.4,7.5,10.2,28,235,9,1.653,0.6,23.04,Mid-size,Regular Gasoline
CHRYSLER,200 FFV,MID-SIZE,3.6,6,A,E,16.5,10.1,13.6,21,218,9,1.634,0.6,16.03,Mid-size,Ethanol (E85)
CHRYSLER,200 AWD,MID-SIZE,3.6,6,A,X,12.8,8.1,10.7,26,246,9,1.58,0.6,22.99,Mid-size,Regular Gasoline
CHRYSLER,200 AWD FFV,MID-SIZE,3.6,6,A,X,12.8,8.1,10.7,26,246,9,1.58,0.6,22.99,Mid-size,Regular Gasoline
CHRYSLER,200 AWD FFV,MID-SIZE,3.6,6,A,E,16.9,10.8,14.1,20,226,9,1.565,0.6,16.03,Mid-size,Ethanol (E85)
CHRYSLER,300 (MDS),FULL-SIZE,5.7,8,A,X,14.8,9.3,12.3,23,283,8,1.591,0.712,23.01,Mid-size,Regular Gasoline
DODGE,CHALLENGER,MID-SIZE,3.6,6,A,X,12.4,7.8,10.3,27,237,8,1.59,0.6,23.01,Mid-size,Regular Gasoline
DODGE,CHALLENGER,MID-SIZE,6.4,8,M,Z,16.8,10.4,13.9,20,320,6,1.615,0.8,23.02,Mid-size,Premium Gasoline
DODGE,CHALLENGER (MDS),MID-SIZE,5.7,8,A,X,14.8,9.3,12.3,23,283,8,1.591,0.712,23.01,Mid-size,Regular Gasoline
DODGE,CHALLENGER (MDS),MID-SIZE,6.4,8,A,Z,15.7,9.5,12.9,22,297,8,1.653,0.8,23.02,Mid-size,Premium Gasoline
DODGE,CHALLENGER SRT (MDS),MID-SIZE,6.4,8,A,Z,15.7,9.5,12.9,22,297,8,1.653,0.8,23.02,Mid-size,Premium Gasoline
DODGE,CHALLENGER SRT HELLCAT,MID-SIZE,6.2,8,A,Z,18.0,10.7,14.7,19,338,8,1.682,0.775,22.99,Mid-size,Premium Gasoline
DODGE,CHALLENGER SRT HELLCAT,MID-SIZE,6.2,8,M,Z,18.1,11.4,15.1,19,347,6,1.588,0.775,22.98,Mid-size,Premium Gasoline
DODGE,CHARGER,FULL-SIZE,3.6,6,A,X,13.7,8.9,11.5,25,264,5,1.539,0.6,22.96,Mid-size,Regular Gasoline
DODGE,CHARGER FFV,FULL-SIZE,3.6,6,A,X,13.7,8.9,11.5,25,264,5,1.539,0.6,22.96,Mid-size,Regular Gasoline
DODGE,CHARGER FFV,FULL-SIZE,3.6,6,A,E,18.7,12.4,15.9,18,254,5,1.508,0.6,15.97,Mid-size,Ethanol (E85)
DODGE,CHARGER FFV,FULL-SIZE,3.6,6,A,X,12.4,7.7,10.3,27,237,8,1.61,0.6,23.01,Mid-size,Regular Gasoline
DODGE,CHARGER (MDS),FULL-SIZE,5.7,8,A,X,15.7,9.6,12.9,22,297,5,1.635,0.712,23.02,Mid-size,Regular Gasoline
DODGE,CHARGER (MDS),FULL-SIZE,5.7,8,A,X,14.8,9.3,12.3,23,283,8,1.591,0.712,23.01,Mid-size,Regular Gasoline
DODGE,CHARGER SRT 392 HEMI,FULL-SIZE,6.4,8,A,Z,15.7,9.5,12.9,22,297,8,1.653,0.8,23.02,Mid-size,Premium Gasoline
DODGE,CHARGER SRT HELLCAT,FULL-SIZE,6.2,8,A,Z,18.0,10.7,14.7,19,338,8,1.682,0.775,22.99,Mid-size,Premium Gasoline
DODGE,DART FFV,MID-SIZE,2.0,4,A,E,13.3,9.3,11.5,25,184,6,1.43,0.5,16.0,Mid-size,Ethanol (E85)
DODGE,DURANGO AWD (MDS),SUV - STANDARD,5.7,8,A,X,17.3,11.5,14.7,19,338,8,1.504,0.712,22.99,SUV,Regular Gasoline
DODGE,GRAND CARAVAN FFV,MINIVAN,3.6,6,A,E,19.2,13.1,16.4,17,262,6,1.466,0.6,15.98,Truck/Van,Ethanol (E85)
DODGE,JOURNEY FFV,SUV - SMALL,3.6,6,A,X,14.2,9.4,12.1,23,278,6,1.511,0.6,22.98,SUV,Regular Gasoline
DODGE,VIPER SRT COUPE,TWO-SEATER,8.4,10,M,Z,19.4,11.3,15.8,18,363,6,1.717,0.84,22.97,Compact/Small,Premium Gasoline
FIAT,500 HATCHBACK TURBO,MINICOMPACT,1.4,4,A,X,9.6,7.3,8.6,33,198,6,1.315,0.35,23.02,Compact/Small,Regular Gasoline
FIAT,500 ABARTH CABRIO,MINICOMPACT,1.4,4,A,X,9.6,7.3,8.6,33,198,6,1.315,0.35,23.02,Compact/Small,Regular Gasoline
FIAT,500 ABARTH HATCHBACK,MINICOMPACT,1.4,4,A,X,9.6,7.3,8.6,33,198,6,1.315,0.35,23.02,Compact/Small,Regular Gasoline
FIAT,500L,STATION WAGON - SMALL,1.4,4,A,X,10.6,7.8,9.4,30,216,6,1.359,0.35,22.98,Mid-size,Regular Gasoline
FIAT,500L,STATION WAGON - SMALL,1.4,4,AM,X,9.9,7.2,8.7,32,200,6,1.375,0.35,22.99,Mid-size,Regular Gasoline
FIAT,500L,STATION WAGON - SMALL,1.4,4,M,X,9.3,7.1,8.3,34,191,6,1.31,0.35,23.01,Mid-size,Regular Gasoline
FORD,EDGE,SUV - SMALL,2.0,4,AS,X,11.5,7.8,9.8,29,225,6,1.474,0.5,22.96,SUV,Regular Gasoline
FORD,EDGE (Start/Stop),SUV - SMALL,2.0,4,AS,X,11.3,7.9,9.8,29,225,6,1.43,0.5,22.96,SUV,Regular Gasoline
FORD,EDGE,SUV - SMALL,3.5,6,AS,X,13.2,9.0,11.3,25,260,6,1.467,0.583,23.01,SUV,Regular Gasoline
FORD,EDGE AWD,SUV - SMALL,2.0,4,AS,X,11.8,8.4,10.3,27,237,6,1.405,0.5,23.01,SUV,Regular Gasoline
FORD,EDGE AWD,SUV - SMALL,3.5,6,AS,X,13.7,9.6,11.8,24,271,6,1.427,0.583,22.97,SUV,Regular Gasoline
FORD,EDGE SPORT AWD,SUV - SMALL,2.7,6,AS,X,13.6,9.8,11.9,24,274,6,1.388,0.45,23.03,SUV,Regular Gasoline
FORD,ESCAPE,SUV - SMALL,1.6,4,AS,X,10.4,7.4,9.0,31,207,6,1.405,0.4,23.0,SUV,Regular Gasoline
FORD,ESCAPE,SUV - SMALL,2.5,4,AS,X,10.9,7.6,9.5,30,218,6,1.434,0.625,22.95,SUV,Regular Gasoline
FORD,ESCAPE AWD,SUV - SMALL,1.6,4,AS,X,10.6,8.0,9.4,30,216,6,1.325,0.4,22.98,SUV,Regular Gasoline
FORD,ESCAPE AWD,SUV - SMALL,2.0,4,AS,X,11.4,8.4,10.1,28,232,6,1.357,0.5,22.97,SUV,Regular Gasoline
FORD,EXPEDITION 4X4,SUV - STANDARD,3.5,6,AS,X,16.2,11.8,14.2,20,327,6,1.373,0.583,23.03,SUV,Regular Gasoline
FORD,EXPEDITION MAX 4X4,SUV - STANDARD,3.5,6,AS,X,16.4,12.0,14.4,20,331,6,1.367,0.583,22.99,SUV,Regular Gasoline
FORD,EXPLORER,SUV - STANDARD,2.0,4,A,X,11.9,8.5,10.4,27,239,6,1.4,0.5,22.98,SUV,Regular Gasoline
FORD,EXPLORER FFV,SUV - STANDARD,3.5,6,AS,E,18.6,13.0,16.1,18,258,6,1.431,0.583,16.02,SUV,Ethanol (E85)
FORD,EXPLORER AWD (EcoBoost),SUV - STANDARD,3.5,6,AS,X,14.9,10.7,13.0,22,299,6,1.393,0.583,23.0,SUV,Regular Gasoline
FORD,EXPLORER FFV AWD,SUV - STANDARD,3.5,6,AS,X,14.2,10.3,12.5,23,288,6,1.379,0.583,23.04,SUV,Regular Gasoline
FORD,EXPLORER FFV AWD,SUV - STANDARD,3.5,6,AS,E,19.2,14.1,16.9,17,270,6,1.362,0.583,15.98,SUV,Ethanol (E85)
FORD,F-150,PICKUP TRUCK - STANDARD,2.7,6,AS,X,12.2,9.2,10.8,26,248,6,1.326,0.45,22.96,Truck/Van,Regular Gasoline
FORD,F-150,PICKUP TRUCK - STANDARD,3.5,6,AS,X,13.7,9.9,12.0,24,276,6,1.384,0.583,23.0,Truck/Van,Regular Gasoline
FORD,F-150 FFV,PICKUP TRUCK - STANDARD,3.5,6,A,X,13.2,9.6,11.5,25,264,6,1.375,0.583,22.96,Truck/Van,Regular Gasoline
FORD,F-150 FFV,PICKUP TRUCK - STANDARD,3.5,6,A,E,17.9,13.0,15.7,18,251,6,1.377,0.583,15.99,Truck/Van,Ethanol (E85)
FORD,F-150 FFV,PICKUP TRUCK - STANDARD,5.0,8,AS,X,15.5,10.6,13.3,21,306,6,1.462,0.625,23.01,Truck/Van,Regular Gasoline
FORD,F-150 FFV,PICKUP TRUCK - STANDARD,5.0,8,AS,E,20.7,14.3,17.9,16,286,6,1.448,0.625,15.98,Truck/Van,Ethanol (E85)
FORD,F-150 4X4,PICKUP TRUCK - STANDARD,2.7,6,AS,X,13.3,10.4,12.0,24,276,6,1.279,0.45,23.0,Truck/Van,Regular Gasoline
FORD,F-150 4X4,PICKUP TRUCK - STANDARD,3.5,6,AS,X,14.2,10.4,12.5,23,288,6,1.365,0.583,23.04,Truck/Van,Regular Gasoline
FORD,F-150 FFV 4X4,PICKUP TRUCK - STANDARD,3.5,6,A,X,13.9,10.5,12.4,23,285,6,1.324,0.583,22.98,Truck/Van,Regular Gasoline
FORD,F-150 FFV 4X4,PICKUP TRUCK - STANDARD,3.5,6,A,E,18.9,14.2,16.8,17,269,6,1.331,0.583,16.01,Truck/Van,Ethanol (E85)
FORD,F-150 FFV 4X4,PICKUP TRUCK - STANDARD,5.0,8,AS,X,16.0,11.3,13.9,20,320,6,1.416,0.625,23.02,Truck/Van,Regular Gasoline
FORD,F-150 FFV 4X4,PICKUP TRUCK - STANDARD,5.0,8,AS,E,21.7,15.1,18.7,15,299,6,1.437,0.625,15.99,Truck/Van,Ethanol (E85)
FORD,FIESTA,SUBCOMPACT,1.6,4,AS,X,8.7,6.4,7.6,37,175,6,1.359,0.4,23.03,Compact/Small,Regular Gasoline
FORD,FIESTA,SUBCOMPACT,1.6,4,M,X,8.5,6.5,7.6,37,175,5,1.308,0.4,23.03,Compact/Small,Regular Gasoline
FORD,FIESTA SFE,SUBCOMPACT,1.0,3,M,X,7.5,5.5,6.6,43,152,5,1.364,0.333,23.03,Compact/Small,Regular Gasoline
FORD,FIESTA SFE,SUBCOMPACT,1.6,4,AS,X,8.4,6.2,7.4,38,170,6,1.355,0.4,22.97,Compact/Small,Regular Gasoline
FORD,FIESTA ST,SUBCOMPACT,1.6,4,M,X,8.9,6.8,8.0,35,184,6,1.309,0.4,23.0,Compact/Small,Regular Gasoline
FORD,FLEX,SUV - STANDARD,3.5,6,AS,X,13.3,9.5,11.6,24,267,6,1.4,0.583,23.02,SUV,Regular Gasoline
FORD,FLEX AWD,SUV - STANDARD,3.5,6,AS,X,13.7,10.1,12.1,23,278,6,1.356,0.583,22.98,SUV,Regular Gasoline
FORD,FLEX AWD (EcoBoost),SUV - STANDARD,3.5,6,AS,X,14.6,10.4,12.8,22,294,6,1.404,0.583,22.97,SUV,Regular Gasoline
FORD,FOCUS,COMPACT,1.0,3,M,X,8.1,5.9,7.1,40,163,6,1.373,0.333,22.96,Compact/Small,Regular Gasoline
FORD,FOCUS,COMPACT,2.0,4,M,X,10.2,7.3,8.9,32,205,6,1.397,0.5,23.03,Compact/Small,Regular Gasoline
FORD,FOCUS FFV,COMPACT,2.0,4,AM,X,8.9,6.2,7.7,37,177,6,1.435,0.5,22.99,Compact/Small,Regular Gasoline
FORD,FOCUS FFV,COMPACT,2.0,4,AM,E,11.9,8.5,10.4,27,166,6,1.4,0.5,15.96,Compact/Small,Ethanol (E85)
FORD,FOCUS FFV,COMPACT,2.0,4,AS,X,9.1,6.3,7.8,36,179,6,1.444,0.5,22.95,Compact/Small,Regular Gasoline
FORD,FOCUS FFV,COMPACT,2.0,4,AS,E,12.2,8.6,10.6,27,170,6,1.419,0.5,16.04,Compact/Small,Ethanol (E85)
FORD,FOCUS FFV,COMPACT,2.0,4,M,X,9.3,6.7,8.1,35,186,5,1.388,0.5,22.96,Compact/Small,Regular Gasoline
FORD,FOCUS FFV,COMPACT,2.0,4,M,E,12.4,9.1,10.9,26,174,5,1.363,0.5,15.96,Compact/Small,Ethanol (E85)
FORD,FUSION,MID-SIZE,1.5,4,AS,X,9.9,6.5,8.4,34,193,6,1.523,0.375,22.98,Mid-size,Regular Gasoline
FORD,FUSION (Start/Stop),MID-SIZE,1.5,4,AS,X,9.4,6.3,8.0,35,184,6,1.492,0.375,23.0,Mid-size,Regular Gasoline
FORD,FUSION,MID-SIZE,2.0,4,AS,X,10.5,7.0,8.9,32,205,6,1.5,0.5,23.03,Mid-size,Regular Gasoline
FORD,FUSION,MID-SIZE,2.5,4,AS,X,10.6,7.0,8.9,32,205,6,1.514,0.625,23.03,Mid-size,Regular Gasoline
FORD,FUSION AWD,MID-SIZE,2.0,4,AS,X,10.8,7.5,9.3,30,214,6,1.44,0.5,23.01,Mid-size,Regular Gasoline
FORD,FUSION HYBRID,MID-SIZE,2.0,4,AV,X,5.4,5.8,5.5,51,126,,0.931,0.5,22.91,Mid-size,Regular Gasoline
FORD,MUSTANG,SUBCOMPACT,2.3,4,AS,X,11.0,7.4,9.4,30,216,6,1.486,0.575,22.98,Compact/Small,Regular Gasoline
FORD,MUSTANG,SUBCOMPACT,2.3,4,M,X,10.6,7.5,9.2,31,212,6,1.413,0.575,23.04,Compact/Small,Regular Gasoline
FORD,MUSTANG,SUBCOMPACT,3.7,6,AS,X,12.6,8.5,10.7,26,246,6,1.482,0.617,22.99,Compact/Small,Regular Gasoline
FORD,MUSTANG,SUBCOMPACT,3.7,6,M,X,13.5,8.3,11.2,25,258,6,1.627,0.617,23.04,Compact/Small,Regular Gasoline
FORD,MUSTANG,SUBCOMPACT,5.0,8,AS,X,14.9,9.5,12.4,23,285,6,1.568,0.625,22.98,Compact/Small,Regular Gasoline
FORD,MUSTANG,SUBCOMPACT,5.0,8,M,X,15.2,9.3,12.5,23,288,6,1.634,0.625,23.04,Compact/Small,Regular Gasoline
FORD,MUSTANG CONVERTIBLE,SUBCOMPACT,2.3,4,AS,X,11.6,7.9,9.9,29,228,6,1.468,0.575,23.03,Compact/Small,Regular Gasoline
FORD,MUSTANG CONVERTIBLE,SUBCOMPACT,5.0,8,AS,X,15.4,10.0,13.0,22,299,6,1.54,0.625,23.0,Compact/Small,Regular Gasoline
FORD,T-150 WAGON,VAN - PASSENGER,3.5,6,AS,X,16.6,12.5,14.7,19,338,6,1.328,0.583,22.99,Truck/Van,Regular Gasoline
FORD,T-150 WAGON FFV,VAN - PASSENGER,3.7,6,AS,X,16.6,12.6,14.8,19,340,6,1.317,0.617,22.97,Truck/Van,Regular Gasoline
FORD,T-150 WAGON FFV,VAN - PASSENGER,3.7,6,AS,E,22.1,16.7,19.7,14,315,6,1.323,0.617,15.99,Truck/Van,Ethanol (E85)
FORD,TAURUS,FULL-SIZE,2.0,4,AS,X,10.5,7.4,9.1,31,209,6,1.419,0.5,22.97,Mid-size,Regular Gasoline
FORD,TAURUS AWD,FULL-SIZE,3.5,6,AS,X,13.9,9.5,11.9,24,274,6,1.463,0.583,23.03,Mid-size,Regular Gasoline
FORD,TAURUS FFV,FULL-SIZE,3.5,6,AS,X,12.2,8.2,10.4,27,239,6,1.488,0.583,22.98,Mid-size,Regular Gasoline
FORD,TAURUS FFV,FULL-SIZE,3.5,6,AS,E,17.4,11.3,14.7,19,235,6,1.54,0.583,15.99,Mid-size,Ethanol (E85)
FORD,TAURUS FFV AWD,FULL-SIZE,3.5,6,AS,X,13.0,9.1,11.3,25,260,6,1.429,0.583,23.01,Mid-size,Regular Gasoline
FORD,TAURUS FFV AWD,FULL-SIZE,3.5,6,AS,E,18.8,12.6,16.0,18,256,6,1.492,0.583,16.0,Mid-size,Ethanol (E85)
FORD,TRANSIT CONNECT VAN,SPECIAL PURPOSE VEHICLE,1.6,4,AS,X,10.6,7.9,9.4,30,216,6,1.342,0.4,22.98,Other,Regular Gasoline
FORD,TRANSIT CONNECT VAN,SPECIAL PURPOSE VEHICLE,2.5,4,AS,X,11.3,8.2,9.9,29,228,6,1.378,0.625,23.03,Other,Regular Gasoline
FORD,TRANSIT CONNECT WAGON,SPECIAL PURPOSE VEHICLE,2.5,4,AS,X,11.7,8.4,10.2,28,235,6,1.393,0.625,23.04,Other,Regular Gasoline
FORD,TRANSIT CONNECT WAGON TAXI,SPECIAL PURPOSE VEHICLE,2.5,4,AS,X,12.0,8.5,10.4,27,239,6,1.412,0.625,22.98,Other,Regular Gasoline
GMC,ACADIA,SUV - STANDARD,3.6,6,A,X,14.2,9.9,12.3,23,283,6,1.434,0.6,23.01,SUV,Regular Gasoline
GMC,ACADIA AWD,SUV - STANDARD,3.6,6,A,X,14.6,10.2,12.6,22,290,6,1.431,0.6,23.02,SUV,Regular Gasoline
GMC,CANYON,PICKUP TRUCK - SMALL,2.5,4,A,X,11.9,8.8,10.5,27,242,6,1.352,0.625,23.05,Truck/Van,Regular Gasoline
GMC,CANYON,PICKUP TRUCK - SMALL,2.5,4,M,X,12.2,9.1,10.8,26,248,6,1.341,0.625,22.96,Truck/Van,Regular Gasoline
GMC,CANYON,PICKUP TRUCK - SMALL,3.6,6,A,X,13.0,9.2,11.3,25,260,6,1.413,0.6,23.01,Truck/Van,Regular Gasoline
GMC,CANYON 4WD,PICKUP TRUCK - SMALL,2.5,4,A,X,12.7,9.5,11.3,25,260,6,1.337,0.625,23.01,Truck/Van,Regular Gasoline
GMC,CANYON 4WD,PICKUP TRUCK - SMALL,3.6,6,A,X,13.5,9.8,11.8,24,271,6,1.378,0.6,22.97,Truck/Van,Regular Gasoline
GMC,SAVANA 2500 PASSENGER,VAN - PASSENGER,4.8,8,A,X,21.0,14.2,18.0,16,414,6,1.479,0.6,23.0,Truck/Van,Regular Gasoline
GMC,SAVANA 2500 PASSENGER,VAN - PASSENGER,6.0,8,A,X,22.0,14.9,18.8,15,432,6,1.477,0.75,22.98,Truck/Van,Regular Gasoline
GMC,SAVANA 2500 PASSENGER FFV,VAN - PASSENGER,6.0,8,A,X,22.0,14.9,18.8,15,432,6,1.477,0.75,22.98,Truck/Van,Regular Gasoline
GMC,SAVANA 2500 PASSENGER FFV,VAN - PASSENGER,6.0,8,A,E,30.3,20.5,25.9,11,414,6,1.478,0.75,15.98,Truck/Van,Ethanol (E85)
GMC,SAVANA 3500 PASSENGER,VAN - PASSENGER,4.8,8,A,X,21.3,14.3,18.1,16,416,6,1.49,0.6,22.98,Truck/Van,Regular Gasoline
GMC,SAVANA 3500 PASSENGER,VAN - PASSENGER,6.0,8,A,X,22.2,15.1,19.0,15,437,6,1.47,0.75,23.0,Truck/Van,Regular Gasoline
GMC,SAVANA 3500 PASSENGER FFV,VAN - PASSENGER,6.0,8,A,X,22.2,15.1,19.0,15,437,6,1.47,0.75,23.0,Truck/Van,Regular Gasoline
GMC,SAVANA 3500 PASSENGER FFV,VAN - PASSENGER,6.0,8,A,E,30.6,20.6,26.1,11,418,6,1.485,0.75,16.02,Truck/Van,Ethanol (E85)
GMC,SIERRA,PICKUP TRUCK - STANDARD,4.3,6,A,X,13.4,9.9,11.9,24,274,6,1.354,0.717,23.03,Truck/Van,Regular Gasoline
GMC,SIERRA,PICKUP TRUCK - STANDARD,4.3,6,A,E,19.3,14.3,17.1,17,274,6,1.35,0.717,16.02,Truck/Van,Ethanol (E85)
GMC,SIERRA,PICKUP TRUCK - STANDARD,5.3,8,A,E,19.9,13.8,17.2,16,275,6,1.442,0.662,15.99,Truck/Van,Ethanol (E85)
GMC,SIERRA,PICKUP TRUCK - STANDARD,6.2,8,A,Z,16.1,11.4,14.0,20,322,8,1.412,0.775,23.0,Truck/Van,Premium Gasoline
GMC,SIERRA 4WD,PICKUP TRUCK - STANDARD,4.3,6,A,X,14.1,10.6,12.5,23,288,6,1.33,0.717,23.04,Truck/Van,Regular Gasoline
GMC,SIERRA 4WD,PICKUP TRUCK - STANDARD,4.3,6,A,E,20.3,15.2,18.0,16,288,6,1.336,0.717,16.0,Truck/Van,Ethanol (E85)
GMC,SIERRA 4WD,PICKUP TRUCK - STANDARD,5.3,8,A,X,14.9,10.7,13.0,22,299,6,1.393,0.662,23.0,Truck/Van,Regular Gasoline
GMC,SIERRA 4WD,PICKUP TRUCK - STANDARD,5.3,8,A,E,20.2,14.3,17.5,16,280,6,1.413,0.662,16.0,Truck/Van,Ethanol (E85)
GMC,SIERRA 4WD,PICKUP TRUCK - STANDARD,6.2,8,A,Z,16.3,11.6,14.2,20,327,8,1.405,0.775,23.03,Truck/Van,Premium Gasoline
GMC,TERRAIN FFV,SUV - SMALL,2.4,4,A,X,10.5,7.3,9.1,31,209,6,1.438,0.6,22.97,SUV,Regular Gasoline
GMC,TERRAIN FFV,SUV - SMALL,2.4,4,A,E,15.6,10.8,13.4,21,214,6,1.444,0.6,15.97,SUV,Ethanol (E85)
GMC,TERRAIN,SUV - SMALL,3.6,6,A,X,14.2,9.5,12.1,23,278,6,1.495,0.6,22.98,SUV,Regular Gasoline
GMC,YUKON,SUV - STANDARD,5.3,8,A,X,14.9,10.1,12.7,22,292,6,1.475,0.662,22.99,SUV,Regular Gasoline
GMC,YUKON,SUV - STANDARD,5.3,8,A,E,20.2,13.6,17.2,16,275,6,1.485,0.662,15.99,SUV,Ethanol (E85)
GMC,YUKON 4WD,SUV - STANDARD,5.3,8,A,X,15.1,10.4,13.0,22,299,6,1.452,0.662,23.0,SUV,Regular Gasoline
GMC,YUKON 4WD,SUV - STANDARD,5.3,8,A,E,20.5,14.0,17.6,16,282,6,1.464,0.662,16.02,SUV,Ethanol (E85)
GMC,YUKON DENALI 4WD,SUV - STANDARD,6.2,8,A,Z,16.2,11.4,14.0,20,322,6,1.421,0.775,23.0,SUV,Premium Gasoline
GMC,YUKON DENALI 4WD,SUV - STANDARD,6.2,8,A,Z,15.9,11.1,13.8,20,317,8,1.432,0.775,22.97,SUV,Premium Gasoline
GMC,YUKON XL,SUV - STANDARD,5.3,8,A,X,14.9,10.1,12.7,22,292,6,1.475,0.662,22.99,SUV,Regular Gasoline
GMC,YUKON XL,SUV - STANDARD,5.3,8,A,E,20.2,13.6,17.2,16,275,6,1.485,0.662,15.99,SUV,Ethanol (E85)
GMC,YUKON XL 4WD,SUV - STANDARD,5.3,8,A,X,15.4,10.8,13.3,21,306,6,1.426,0.662,23.01,SUV,Regular Gasoline
GMC,YUKON XL 4WD,SUV - STANDARD,5.3,8,A,E,22.1,15.4,19.1,15,306,6,1.435,0.662,16.02,SUV,Ethanol (E85)
GMC,YUKON XL DENALI 4WD,SUV - STANDARD,6.2,8,A,Z,16.8,11.7,14.5,19,334,6,1.436,0.775,23.03,SUV,Premium Gasoline
GMC,YUKON XL DENALI 4WD,SUV - STANDARD,6.2,8,A,Z,16.4,11.7,14.3,20,329,8,1.402,0.775,23.01,SUV,Premium Gasoline
HONDA,ACCORD,MID-SIZE,2.4,4,AV,X,8.8,6.5,7.8,36,179,,1.354,0.6,22.95,Mid-size,Regular Gasoline
HONDA,ACCORD,MID-SIZE,2.4,4,AV,X,9.0,6.7,8.0,35,184,7,1.343,0.6,23.0,Mid-size,Regular Gasoline
HONDA,ACCORD,MID-SIZE,3.5,6,AS,X,11.4,7.3,9.5,30,219,6,1.562,0.583,23.05,Mid-size,Regular Gasoline
HONDA,ACCORD HYBRID,MID-SIZE,2.0,4,AV,X,4.7,5.3,5.0,56,115,,0.887,0.5,23.0,Mid-size,Regular Gasoline
HONDA,CIVIC,COMPACT,1.8,4,AV,X,7.9,6.1,7.1,40,163,,1.295,0.45,22.96,Compact/Small,Regular Gasoline
HONDA,CIVIC,COMPACT,1.8,4,M,X,8.6,6.6,7.7,37,177,5,1.303,0.45,22.99,Compact/Small,Regular Gasoline
HONDA,CIVIC Si,COMPACT,2.4,4,M,Z,10.8,7.6,9.4,30,216,6,1.421,0.6,22.98,Compact/Small,Premium Gasoline
HONDA,CIVIC HYBRID,COMPACT,1.5,4,AV,X,5.3,5.0,5.2,54,120,,1.06,0.375,23.08,Compact/Small,Regular Gasoline
HONDA,CR-V,SUV - SMALL,2.4,4,AV,X,8.6,6.9,7.8,36,179,,1.246,0.6,22.95,SUV,Regular Gasoline
HONDA,CR-V AWD,SUV - SMALL,2.4,4,AV,X,9.1,7.2,8.3,34,191,,1.264,0.6,23.01,SUV,Regular Gasoline
HONDA,FIT,STATION WAGON - SMALL,1.5,4,AV,X,7.0,5.7,6.4,44,147,,1.228,0.375,22.97,Mid-size,Regular Gasoline
HONDA,FIT,STATION WAGON - SMALL,1.5,4,AV,X,7.3,6.1,6.8,42,156,7,1.197,0.375,22.94,Mid-size,Regular Gasoline
HONDA,FIT,STATION WAGON - SMALL,1.5,4,M,X,8.1,6.4,7.3,39,168,6,1.266,0.375,23.01,Mid-size,Regular Gasoline
HONDA,PILOT,SUV - SMALL,3.5,6,A,X,13.3,9.3,11.5,25,264,5,1.43,0.583,22.96,SUV,Regular Gasoline
HONDA,PILOT 4WD,SUV - SMALL,3.5,6,A,X,13.8,9.7,12.0,24,276,5,1.423,0.583,23.0,SUV,Regular Gasoline
HYUNDAI,ACCENT,COMPACT,1.6,4,AS,X,8.9,6.3,7.7,37,177,6,1.413,0.4,22.99,Compact/Small,Regular Gasoline
HYUNDAI,ACCENT,COMPACT,1.6,4,M,X,8.7,6.3,7.6,37,175,6,1.381,0.4,23.03,Compact/Small,Regular Gasoline
HYUNDAI,ELANTRA,MID-SIZE,1.8,4,AS,X,8.5,6.3,7.5,38,172,6,1.349,0.45,22.93,Mid-size,Regular Gasoline
HYUNDAI,ELANTRA,MID-SIZE,1.8,4,M,X,8.8,6.4,7.7,37,177,6,1.375,0.45,22.99,Mid-size,Regular Gasoline
HYUNDAI,ELANTRA,MID-SIZE,2.0,4,AS,X,9.7,6.7,8.3,34,191,6,1.448,0.5,23.01,Mid-size,Regular Gasoline
HYUNDAI,ELANTRA,MID-SIZE,2.0,4,M,X,9.8,7.0,8.5,33,196,6,1.4,0.5,23.06,Mid-size,Regular Gasoline
HYUNDAI,ELANTRA COUPE,MID-SIZE,2.0,4,AS,X,9.6,6.8,8.3,34,191,6,1.412,0.5,23.01,Mid-size,Regular Gasoline
HYUNDAI,ELANTRA COUPE,MID-SIZE,2.0,4,M,X,9.7,6.7,8.3,34,191,6,1.448,0.5,23.01,Mid-size,Regular Gasoline
HYUNDAI,ELANTRA GT,MID-SIZE,2.0,4,AS,X,9.7,7.2,8.6,33,198,6,1.347,0.5,23.02,Mid-size,Regular Gasoline
HYUNDAI,ELANTRA GT,MID-SIZE,2.0,4,M,X,9.8,6.9,8.5,33,196,6,1.42,0.5,23.06,Mid-size,Regular Gasoline
HYUNDAI,EQUUS,FULL-SIZE,5.0,8,AS,Z,15.8,10.2,13.3,21,306,8,1.549,0.625,23.01,Mid-size,Premium Gasoline
HYUNDAI,GENESIS AWD,FULL-SIZE,3.8,6,AS,X,14.4,9.4,12.1,23,278,8,1.532,0.633,22.98,Mid-size,Regular Gasoline
HYUNDAI,GENESIS AWD,FULL-SIZE,5.0,8,AS,Z,17.3,10.5,14.2,20,327,8,1.648,0.625,23.03,Mid-size,Premium Gasoline
HYUNDAI,GENESIS COUPE,SUBCOMPACT,3.8,6,AS,Z,14.6,9.6,12.3,23,283,8,1.521,0.633,23.01,Compact/Small,Premium Gasoline
HYUNDAI,GENESIS COUPE,SUBCOMPACT,3.8,6,M,Z,14.4,9.9,12.4,23,285,6,1.455,0.633,22.98,Compact/Small,Premium Gasoline
HYUNDAI,SANTA FE,SUV - SMALL,3.3,6,AS,X,12.9,9.4,11.3,25,260,6,1.372,0.55,23.01,SUV,Regular Gasoline
HYUNDAI,SANTA FE AWD,SUV - SMALL,3.3,6,AS,X,13.0,9.7,11.5,25,264,6,1.34,0.55,22.96,SUV,Regular Gasoline
HYUNDAI,SANTA FE SPORT,SUV - SMALL,2.4,4,AS,X,11.7,8.7,10.3,27,237,6,1.345,0.6,23.01,SUV,Regular Gasoline
HYUNDAI,SANTA FE SPORT AWD,SUV - SMALL,2.0,4,AS,X,12.9,9.8,11.5,25,264,6,1.316,0.5,22.96,SUV,Regular Gasoline
HYUNDAI,SANTA FE SPORT AWD,SUV - SMALL,2.4,4,AS,X,12.5,9.3,11.1,25,255,6,1.344,0.6,22.97,SUV,Regular Gasoline
HYUNDAI,SANTA FE ULTIMATE AWD,SUV - SMALL,3.3,6,AS,X,13.9,10.8,12.5,23,287,6,1.287,0.55,22.96,SUV,Regular Gasoline
HYUNDAI,SONATA,FULL-SIZE,2.0,4,AS,X,10.4,7.4,9.1,31,209,6,1.405,0.5,22.97,Mid-size,Regular Gasoline
HYUNDAI,SONATA,FULL-SIZE,2.4,4,AS,X,9.8,6.7,8.4,34,193,6,1.463,0.6,22.98,Mid-size,Regular Gasoline
HYUNDAI,SONATA SPORT/LIMITED,FULL-SIZE,2.4,4,AS,X,9.8,6.7,8.4,34,193,6,1.463,0.6,22.98,Mid-size,Regular Gasoline
HYUNDAI,SONATA HYBRID,MID-SIZE,2.4,4,AS,X,6.6,5.9,6.3,45,145,6,1.119,0.6,23.02,Mid-size,Regular Gasoline
HYUNDAI,TUCSON,SUV - SMALL,2.0,4,AS,X,10.2,8.2,9.3,30,214,6,1.244,0.5,23.01,SUV,Regular Gasoline
HYUNDAI,TUCSON,SUV - SMALL,2.0,4,M,X,11.4,8.5,10.1,28,232,6,1.341,0.5,22.97,SUV,Regular Gasoline
HYUNDAI,TUCSON,SUV - SMALL,2.4,4,AS,X,11.3,8.3,10.0,28,230,6,1.361,0.6,23.0,SUV,Regular Gasoline
HYUNDAI,TUCSON AWD,SUV - SMALL,2.0,4,AS,X,11.4,9.3,10.4,27,239,6,1.226,0.5,22.98,SUV,Regular Gasoline
HYUNDAI,TUCSON AWD,SUV - SMALL,2.4,4,AS,X,11.6,9.3,10.6,27,244,6,1.247,0.6,23.02,SUV,Regular Gasoline
HYUNDAI,VELOSTER,COMPACT,1.6,4,M,X,9.0,6.7,8.0,35,184,6,1.343,0.4,23.0,Compact/Small,Regular Gasoline
HYUNDAI,VELOSTER TURBO,COMPACT,1.6,4,AS,X,9.9,7.6,8.8,32,202,6,1.303,0.4,22.95,Compact/Small,Regular Gasoline
HYUNDAI,VELOSTER TURBO,COMPACT,1.6,4,M,X,9.7,7.0,8.5,33,196,6,1.386,0.4,23.06,Compact/Small,Regular Gasoline
INFINITI,Q50,MID-SIZE,3.7,6,AS,Z,12.0,8.1,10.3,27,237,7,1.481,0.617,23.01,Mid-size,Premium Gasoline
INFINITI,Q50 AWD,MID-SIZE,3.7,6,AS,Z,12.5,8.7,10.8,26,248,7,1.437,0.617,22.96,Mid-size,Premium Gasoline
INFINITI,Q60,SUBCOMPACT,3.7,6,AS,Z,12.4,8.7,10.7,26,246,7,1.425,0.617,22.99,Compact/Small,Premium Gasoline
INFINITI,Q60,SUBCOMPACT,3.7,6,M,Z,13.6,9.3,11.6,24,267,6,1.462,0.617,23.02,Compact/Small,Premium Gasoline
INFINITI,Q60 AWD,SUBCOMPACT,3.7,6,AS,Z,13.3,9.4,11.5,25,264,7,1.415,0.617,22.96,Compact/Small,Premium Gasoline
INFINITI,Q70,MID-SIZE,5.6,8,AS,Z,14.8,9.5,12.4,23,285,7,1.558,0.7,22.98,Mid-size,Premium Gasoline
INFINITI,Q70 AWD,MID-SIZE,5.6,8,AS,Z,15.0,10.2,12.9,22,297,7,1.471,0.7,23.02,Mid-size,Premium Gasoline
INFINITI,Q70 HYBRID,MID-SIZE,3.5,6,AS,Z,8.0,6.9,7.5,38,172,7,1.159,0.583,22.93,Mid-size,Premium Gasoline
INFINITI,QX50 AWD,STATION WAGON - SMALL,3.7,6,AS,Z,13.7,9.7,11.9,24,274,7,1.412,0.617,23.03,Mid-size,Premium Gasoline
INFINITI,QX60,SUV - SMALL,3.5,6,AV,Z,11.4,8.5,10.1,28,232,7,1.341,0.583,22.97,SUV,Premium Gasoline
INFINITI,QX60 AWD,SUV - SMALL,3.5,6,AV,Z,12.2,8.9,10.7,26,246,7,1.371,0.583,22.99,SUV,Premium Gasoline
INFINITI,QX60 HYBRID AWD,SUV - STANDARD,2.5,4,AV,X,8.9,8.4,8.7,32,200,7,1.06,0.625,22.99,SUV,Regular Gasoline
INFINITI,QX70 AWD,SUV - SMALL,3.7,6,AS,Z,14.6,10.7,12.8,22,294,7,1.364,0.617,22.97,SUV,Premium Gasoline
INFINITI,QX80 4WD,SUV - STANDARD,5.6,8,AS,Z,16.9,11.9,14.7,19,338,7,1.42,0.7,22.99,SUV,Premium Gasoline
JAGUAR,F-TYPE COUPE,TWO-SEATER,3.0,6,AS,Z,11.8,8.4,10.3,27,237,8,1.405,0.5,23.01,Compact/Small,Premium Gasoline
JAGUAR,F-TYPE S COUPE,TWO-SEATER,3.0,6,AS,Z,12.2,8.7,10.6,27,244,8,1.402,0.5,23.02,Compact/Small,Premium Gasoline
JAGUAR,F-TYPE V8 R COUPE,TWO-SEATER,5.0,8,AS,Z,15.0,10.2,12.8,22,294,8,1.471,0.625,22.97,Compact/Small,Premium Gasoline
JAGUAR,XF AWD,MID-SIZE,3.0,6,AS,Z,13.9,8.8,11.6,24,267,8,1.58,0.5,23.02,Mid-size,Premium Gasoline
JAGUAR,XFR,MID-SIZE,5.0,8,AS,Z,15.7,10.3,13.2,21,304,8,1.524,0.625,23.03,Mid-size,Premium Gasoline
JAGUAR,XFR-S,MID-SIZE,5.0,8,AS,Z,15.7,10.3,13.2,21,304,8,1.524,0.625,23.03,Mid-size,Premium Gasoline
JAGUAR,XJL AWD PORTFOLIO,FULL-SIZE,3.0,6,AS,Z,14.7,9.6,12.5,23,288,8,1.531,0.5,23.04,Mid-size,Premium Gasoline
JAGUAR,XKR CONVERTIBLE,MINICOMPACT,5.0,8,AS,Z,15.9,10.9,13.6,21,313,6,1.459,0.625,23.01,Compact/Small,Premium Gasoline
JAGUAR,XKR COUPE,MINICOMPACT,5.0,8,AS,Z,15.6,10.9,13.4,21,308,6,1.431,0.625,22.99,Compact/Small,Premium Gasoline
JAGUAR,XKR-S CONVERTIBLE,MINICOMPACT,5.0,8,AS,Z,15.9,10.9,13.6,21,313,6,1.459,0.625,23.01,Compact/Small,Premium Gasoline
JAGUAR,XKR-S COUPE,MINICOMPACT,5.0,8,AS,Z,15.6,10.9,13.4,21,308,6,1.431,0.625,22.99,Compact/Small,Premium Gasoline
JEEP,CHEROKEE FFV,SUV - SMALL,2.4,4,A,X,10.9,7.7,9.5,30,218,9,1.416,0.6,22.95,SUV,Regular Gasoline
JEEP,CHEROKEE FFV,SUV - SMALL,2.4,4,A,E,15.2,10.2,12.9,22,206,9,1.49,0.6,15.97,SUV,Ethanol (E85)
JEEP,CHEROKEE,SUV - SMALL,3.2,6,A,X,11.4,8.1,9.9,29,228,9,1.407,0.533,23.03,SUV,Regular Gasoline
JEEP,CHEROKEE 4X4 FFV,SUV - SMALL,2.4,4,A,X,11.3,8.3,10.0,28,230,9,1.361,0.6,23.0,SUV,Regular Gasoline
JEEP,CHEROKEE 4X4 FFV,SUV - SMALL,2.4,4,A,E,15.9,11.0,13.7,21,219,9,1.445,0.6,15.99,SUV,Ethanol (E85)
JEEP,CHEROKEE 4X4,SUV - SMALL,3.2,6,A,X,11.6,8.5,10.2,28,235,9,1.365,0.533,23.04,SUV,Regular Gasoline
JEEP,CHEROKEE 4X4 ACTIVE DRIVE II,SUV - SMALL,3.2,6,A,X,12.6,8.9,10.9,26,251,9,1.416,0.533,23.03,SUV,Regular Gasoline
JEEP,CHEROKEE TRAILHAWK 4X4,SUV - SMALL,3.2,6,A,X,12.2,9.0,10.8,26,248,9,1.356,0.533,22.96,SUV,Regular Gasoline
JEEP,COMPASS,SUV - SMALL,2.0,4,M,X,10.2,7.8,9.2,31,212,5,1.308,0.5,23.04,SUV,Regular Gasoline
JEEP,COMPASS,SUV - SMALL,2.4,4,A,X,11.2,8.6,10.0,28,230,6,1.302,0.6,23.0,SUV,Regular Gasoline
JEEP,COMPASS,SUV - SMALL,2.4,4,M,X,10.2,8.2,9.3,30,214,5,1.244,0.6,23.01,SUV,Regular Gasoline
JEEP,COMPASS 4X4,SUV - SMALL,2.4,4,M,X,10.6,8.6,9.7,29,223,5,1.233,0.6,22.99,SUV,Regular Gasoline
JEEP,GRAND CHEROKEE 4X4 (MDS),SUV - STANDARD,5.7,8,A,X,17.3,11.5,14.7,19,338,8,1.504,0.712,22.99,SUV,Regular Gasoline
JEEP,PATRIOT,SUV - SMALL,2.0,4,M,X,10.2,7.8,9.2,31,212,5,1.308,0.5,23.04,SUV,Regular Gasoline
JEEP,PATRIOT,SUV - SMALL,2.4,4,A,X,11.2,8.6,10.0,28,230,6,1.302,0.6,23.0,SUV,Regular Gasoline
JEEP,PATRIOT,SUV - SMALL,2.4,4,M,X,10.2,8.2,9.3,30,214,5,1.244,0.6,23.01,SUV,Regular Gasoline
JEEP,PATRIOT 4X4,SUV - SMALL,2.4,4,M,X,10.6,8.6,9.7,29,223,5,1.233,0.6,22.99,SUV,Regular Gasoline
JEEP,RENEGADE,SUV - SMALL,1.4,4,M,X,9.9,7.5,8.8,32,202,6,1.32,0.35,22.95,SUV,Regular Gasoline
JEEP,RENEGADE FFV,SUV - SMALL,2.4,4,A,X,10.8,7.7,9.4,30,216,9,1.403,0.6,22.98,SUV,Regular Gasoline
JEEP,RENEGADE FFV,SUV - SMALL,2.4,4,A,E,14.2,9.9,12.2,23,195,9,1.434,0.6,15.98,SUV,Ethanol (E85)
JEEP,RENEGADE 4X4,SUV - SMALL,1.4,4,M,X,9.9,7.5,8.8,32,202,6,1.32,0.35,22.95,SUV,Regular Gasoline
JEEP,RENEGADE 4X4,SUV - SMALL,2.4,4,A,X,11.2,8.0,9.8,29,225,9,1.4,0.6,22.96,SUV,Regular Gasoline
JEEP,WRANGLER 4X4,SUV - SMALL,3.6,6,A,X,14.1,11.1,12.8,22,294,5,1.27,0.6,22.97,SUV,Regular Gasoline
JEEP,WRANGLER 4X4,SUV - SMALL,3.6,6,M,X,14.2,11.0,12.8,22,294,6,1.291,0.6,22.97,SUV,Regular Gasoline
JEEP,WRANGLER UNLIMITED 4X4,SUV - SMALL,3.6,6,A,X,14.8,11.7,13.4,21,308,5,1.265,0.6,22.99,SUV,Regular Gasoline
JEEP,WRANGLER UNLIMITED 4X4,SUV - SMALL,3.6,6,M,X,15.0,11.4,13.4,21,308,6,1.316,0.6,22.99,SUV,Regular Gasoline
KIA,CADENZA,FULL-SIZE,3.3,6,AS,X,12.7,8.4,10.7,26,246,6,1.512,0.55,22.99,Mid-size,Regular Gasoline
KIA,FORTE,MID-SIZE,1.8,4,AS,X,8.8,6.1,7.6,37,175,6,1.443,0.45,23.03,Mid-size,Regular Gasoline
KIA,FORTE,MID-SIZE,1.8,4,M,X,9.3,6.3,7.9,36,182,6,1.476,0.45,23.04,Mid-size,Regular Gasoline
KIA,FORTE,MID-SIZE,2.0,4,AS,X,9.7,6.7,8.3,34,191,6,1.448,0.5,23.01,Mid-size,Regular Gasoline
KIA,FORTE,MID-SIZE,2.0,4,M,X,9.8,6.9,8.5,33,196,6,1.42,0.5,23.06,Mid-size,Regular Gasoline
KIA,FORTE 5,FULL-SIZE,1.6,4,AS,X,11.1,8.0,9.7,29,223,6,1.388,0.4,22.99,Mid-size,Regular Gasoline
KIA,FORTE 5,FULL-SIZE,2.0,4,AS,X,9.5,7.2,8.5,33,196,6,1.319,0.5,23.06,Mid-size,Regular Gasoline
KIA,FORTE 5,FULL-SIZE,2.0,4,M,X,9.7,6.9,8.4,34,193,6,1.406,0.5,22.98,Mid-size,Regular Gasoline
KIA,FORTE KOUP,COMPACT,1.6,4,AS,X,10.6,7.8,9.4,30,216,6,1.359,0.4,22.98,Compact/Small,Regular Gasoline
KIA,FORTE KOUP,COMPACT,2.0,4,AS,X,9.7,7.1,8.6,33,198,6,1.366,0.5,23.02,Compact/Small,Regular Gasoline
KIA,FORTE KOUP,COMPACT,2.0,4,M,X,10.0,7.4,8.8,32,202,6,1.351,0.5,22.95,Compact/Small,Regular Gasoline
KIA,K900,FULL-SIZE,3.8,6,AS,X,13.3,8.9,11.3,25,260,8,1.494,0.633,23.01,Mid-size,Regular Gasoline
KIA,K900,FULL-SIZE,5.0,8,AS,Z,15.7,10.3,13.3,21,306,8,1.524,0.625,23.01,Mid-size,Premium Gasoline
KIA,OPTIMA,MID-SIZE,2.0,4,AS,X,11.7,7.7,9.9,29,228,6,1.519,0.5,23.03,Mid-size,Regular Gasoline
KIA,OPTIMA,MID-SIZE,2.4,4,AS,X,10.2,6.9,8.7,32,200,6,1.478,0.6,22.99,Mid-size,Regular Gasoline
KIA,OPTIMA HYBRID,MID-SIZE,2.4,4,AS,X,6.6,5.9,6.3,45,145,6,1.119,0.6,23.02,Mid-size,Regular Gasoline
KIA,OPTIMA HYBRID EX,MID-SIZE,2.4,4,AS,X,6.7,6.1,6.4,44,147,6,1.098,0.6,22.97,Mid-size,Regular Gasoline
KIA,RIO,COMPACT,1.6,4,AS,X,8.8,6.3,7.7,37,177,6,1.397,0.4,22.99,Compact/Small,Regular Gasoline
KIA,RIO ECO,COMPACT,1.6,4,AS,X,8.5,6.3,7.6,37,175,6,1.349,0.4,23.03,Compact/Small,Regular Gasoline
KIA,RONDO,STATION WAGON - MID-SIZE,2.0,4,AS,X,10.6,7.6,9.3,30,214,6,1.395,0.5,23.01,Mid-size,Regular Gasoline
KIA,SEDONA,MINIVAN,3.3,6,AS,X,13.2,9.7,11.6,24,267,6,1.361,0.55,23.02,Truck/Van,Regular Gasoline
KIA,SEDONA SX,MINIVAN,3.3,6,AS,X,12.9,9.5,11.4,25,262,6,1.358,0.55,22.98,Truck/Van,Regular Gasoline
KIA,SEDONA SXL,MINIVAN,3.3,6,AS,X,14.2,10.5,12.5,23,288,6,1.352,0.55,23.04,Truck/Van,Regular Gasoline
KIA,SORENTO,SUV - SMALL,2.4,4,AS,X,11.8,8.7,10.4,27,239,6,1.356,0.6,22.98,SUV,Regular Gasoline
KIA,SORENTO,SUV - SMALL,3.3,6,AS,X,12.7,9.0,11.1,25,255,6,1.411,0.55,22.97,SUV,Regular Gasoline
KIA,SORENTO AWD,SUV - SMALL,2.4,4,AS,X,12.2,9.4,10.9,26,251,6,1.298,0.6,23.03,SUV,Regular Gasoline
KIA,SORENTO AWD,SUV - SMALL,3.3,6,AS,X,13.4,10.0,11.8,24,271,6,1.34,0.55,22.97,SUV,Regular Gasoline
KIA,SOUL,STATION WAGON - SMALL,1.6,4,AS,X,9.8,7.8,8.9,32,205,6,1.256,0.4,23.03,Mid-size,Regular Gasoline
KIA,SOUL,STATION WAGON - SMALL,2.0,4,AS,X,10.1,7.7,9.0,31,207,6,1.312,0.5,23.0,Mid-size,Regular Gasoline
KIA,SOUL ECO Dynamics,STATION WAGON - SMALL,2.0,4,AS,X,9.7,7.7,8.8,32,202,6,1.26,0.5,22.95,Mid-size,Regular Gasoline
KIA,SPORTAGE,SUV - SMALL,2.4,4,AS,X,11.4,8.3,10.0,28,230,6,1.373,0.6,23.0,SUV,Regular Gasoline
KIA,SPORTAGE,SUV - SMALL,2.4,4,M,X,12.9,9.2,11.3,25,260,6,1.402,0.6,23.01,SUV,Regular Gasoline
KIA,SPORTAGE AWD,SUV - SMALL,2.0,4,AS,X,12.6,9.7,11.3,25,260,6,1.299,0.5,23.01,SUV,Regular Gasoline
KIA,SPORTAGE AWD,SUV - SMALL,2.4,4,AS,X,12.0,9.1,10.7,26,246,6,1.319,0.6,22.99,SUV,Regular Gasoline
LAMBORGHINI,AVENTADOR COUPE,TWO-SEATER,6.5,12,AM,Z,22.2,12.7,17.9,16,412,7,1.748,0.542,23.02,Compact/Small,Premium Gasoline
LAMBORGHINI,AVENTADOR ROADSTER,TWO-SEATER,6.5,12,AM,Z,24.0,14.5,19.7,14,453,7,1.655,0.542,22.99,Compact/Small,Premium Gasoline
LAMBORGHINI,HURACAN,TWO-SEATER,5.2,10,AM,Z,16.8,11.7,14.5,19,334,7,1.436,0.52,23.03,Compact/Small,Premium Gasoline
LAMBORGHINI,VENENO ROADSTER,TWO-SEATER,6.5,12,AM,Z,22.1,13.9,18.4,15,423,7,1.59,0.542,22.99,Compact/Small,Premium Gasoline
LAND ROVER,LR4,SUV - STANDARD,3.0,6,AS,Z,16.2,12.1,14.3,20,329,8,1.339,0.5,23.01,SUV,Premium Gasoline
LAND ROVER,RANGE ROVER,SUV - STANDARD,3.0,6,AS,Z,13.9,10.4,12.3,23,283,8,1.337,0.5,23.01,SUV,Premium Gasoline
LAND ROVER,RANGE ROVER SUPERCHARGED,SUV - STANDARD,5.0,8,AS,Z,17.2,12.5,15.1,19,347,8,1.376,0.625,22.98,SUV,Premium Gasoline
LAND ROVER,RANGE ROVER SUPERCHARGED,SUV - STANDARD,5.0,8,AS,E,25.0,16.9,21.4,13,342,8,1.479,0.625,15.98,SUV,Ethanol (E85)
LAND ROVER,RANGE ROVER SUPERCHARGED LWB,SUV - STANDARD,5.0,8,AS,Z,17.2,12.5,15.1,19,347,8,1.376,0.625,22.98,SUV,Premium Gasoline
LAND ROVER,RANGE ROVER SUPERCHARGED LWB,SUV - STANDARD,5.0,8,AS,E,25.0,16.9,21.4,13,342,8,1.479,0.625,15.98,SUV,Ethanol (E85)
LAND ROVER,RANGE ROVER EVOQUE,SUV - SMALL,2.0,4,AS,Z,11.3,7.9,9.7,29,223,9,1.43,0.5,22.99,SUV,Premium Gasoline
LAND ROVER,RANGE ROVER EVOQUE COUPE,SUV - SMALL,2.0,4,AS,Z,11.3,7.9,9.7,29,223,9,1.43,0.5,22.99,SUV,Premium Gasoline
LAND ROVER,RANGE ROVER SPORT,SUV - STANDARD,3.0,6,AS,Z,14.0,10.5,12.4,23,285,8,1.333,0.5,22.98,SUV,Premium Gasoline
LAND ROVER,RANGE ROVER SPORT SUPERCHARGED,SUV - STANDARD,5.0,8,AS,Z,16.6,12.3,14.7,19,338,8,1.35,0.625,22.99,SUV,Premium Gasoline
LAND ROVER,RANGE ROVER SPORT SUPERCHARGED,SUV - STANDARD,5.0,8,AS,E,24.0,16.6,20.7,14,331,8,1.446,0.625,15.99,SUV,Ethanol (E85)
LEXUS,CT 200h,COMPACT,1.8,4,AV,X,5.5,5.9,5.7,50,131,,0.932,0.45,22.98,Compact/Small,Regular Gasoline
LEXUS,ES 300h,MID-SIZE,2.5,4,AV,X,5.8,6.1,5.9,48,136,6,0.951,0.625,23.05,Mid-size,Regular Gasoline
LEXUS,ES 350,MID-SIZE,3.5,6,AS,X,11.3,7.5,9.6,29,221,6,1.507,0.583,23.02,Mid-size,Regular Gasoline
LEXUS,GS 350,MID-SIZE,3.5,6,AS,Z,12.3,8.5,10.6,27,244,8,1.447,0.583,23.02,Mid-size,Premium Gasoline
LEXUS,GS 350 AWD,MID-SIZE,3.5,6,AS,Z,12.6,9.1,11.0,26,253,6,1.385,0.583,23.0,Mid-size,Premium Gasoline
LEXUS,GS 450h,MID-SIZE,3.5,6,AV,Z,8.0,6.9,7.5,38,172,8,1.159,0.583,22.93,Mid-size,Premium Gasoline
LEXUS,GX 460,SUV - STANDARD,4.6,8,AS,Z,15.7,11.7,13.9,20,320,6,1.342,0.575,23.02,SUV,Premium Gasoline
LEXUS,IS 250,COMPACT,2.5,6,AS,Z,11.1,7.8,9.6,29,221,6,1.423,0.417,23.02,Compact/Small,Premium Gasoline
LEXUS,IS 250 C,SUBCOMPACT,2.5,6,AS,Z,11.2,7.8,9.6,29,221,6,1.436,0.417,23.02,Compact/Small,Premium Gasoline
LEXUS,IS 350,COMPACT,3.5,6,AS,Z,12.3,8.5,10.6,27,244,8,1.447,0.583,23.02,Compact/Small,Premium Gasoline
LEXUS,IS 350 AWD,COMPACT,3.5,6,AS,Z,12.6,9.1,11.0,26,253,6,1.385,0.583,23.0,Compact/Small,Premium Gasoline
LEXUS,IS 350 C,SUBCOMPACT,3.5,6,AS,Z,12.2,8.7,10.6,27,244,6,1.402,0.583,23.02,Compact/Small,Premium Gasoline
LEXUS,LS 460,MID-SIZE,4.6,8,AS,Z,14.4,9.6,12.3,23,283,8,1.5,0.575,23.01,Mid-size,Premium Gasoline
LEXUS,LS 460 AWD,MID-SIZE,4.6,8,AS,Z,15.2,10.2,12.9,22,297,8,1.49,0.575,23.02,Mid-size,Premium Gasoline
LEXUS,LS 460 L AWD,MID-SIZE,4.6,8,AS,Z,15.2,10.2,12.9,22,297,8,1.49,0.575,23.02,Mid-size,Premium Gasoline
LEXUS,LS 600h L,MID-SIZE,5.0,8,AV,Z,12.7,10.1,11.5,25,264,8,1.257,0.625,22.96,Mid-size,Premium Gasoline
LEXUS,LX 570,SUV - STANDARD,5.7,8,AS,Z,19.0,13.6,16.6,17,382,6,1.397,0.712,23.01,SUV,Premium Gasoline
LEXUS,NX 200t AWD,SUV - SMALL,2.0,4,AS,Z,10.6,8.4,9.6,29,221,6,1.262,0.5,23.02,SUV,Premium Gasoline
LEXUS,NX 200t AWD F SPORT,SUV - SMALL,2.0,4,AS,Z,10.8,8.8,9.9,29,228,6,1.227,0.5,23.03,SUV,Premium Gasoline
LEXUS,NX 300h AWD,SUV - SMALL,2.5,4,AV,X,7.1,7.7,7.4,38,170,6,0.922,0.625,22.97,SUV,Regular Gasoline
LEXUS,RC 350,SUBCOMPACT,3.5,6,AS,Z,12.3,8.5,10.6,27,244,8,1.447,0.583,23.02,Compact/Small,Premium Gasoline
LEXUS,RC 350 AWD,SUBCOMPACT,3.5,6,AS,Z,12.6,9.1,11.0,26,253,6,1.385,0.583,23.0,Compact/Small,Premium Gasoline
LEXUS,RC F,SUBCOMPACT,5.0,8,AS,Z,15.2,9.5,12.6,22,290,8,1.6,0.625,23.02,Compact/Small,Premium Gasoline
LEXUS,RX 450h AWD,SUV - SMALL,3.5,6,AV,Z,8.0,8.5,8.2,34,189,6,0.941,0.583,23.05,SUV,Premium Gasoline
LINCOLN,MKC AWD,SUV - SMALL,2.0,4,AS,X,12.4,9.0,10.9,26,251,6,1.378,0.5,23.03,SUV,Regular Gasoline
LINCOLN,MKC AWD,SUV - SMALL,2.3,4,AS,X,12.9,9.2,11.2,25,258,6,1.402,0.575,23.04,SUV,Regular Gasoline
LINCOLN,MKS AWD,FULL-SIZE,3.5,6,AS,X,13.9,9.5,11.9,24,274,6,1.463,0.583,23.03,Mid-size,Regular Gasoline
LINCOLN,MKS AWD,FULL-SIZE,3.7,6,AS,X,13.1,9.0,11.2,25,258,6,1.456,0.617,23.04,Mid-size,Regular Gasoline
LINCOLN,MKT AWD,SUV - STANDARD,3.5,6,AS,X,14.6,10.4,12.8,22,294,6,1.404,0.583,22.97,SUV,Regular Gasoline
LINCOLN,MKT LIVERY,SPECIAL PURPOSE VEHICLE,2.0,4,AS,X,11.5,8.4,10.1,28,232,6,1.369,0.5,22.97,Other,Regular Gasoline
LINCOLN,MKT LIVERY AWD,SPECIAL PURPOSE VEHICLE,3.7,6,A,X,14.1,10.0,12.2,23,281,6,1.41,0.617,23.03,Other,Regular Gasoline
LINCOLN,MKX AWD,SUV - SMALL,3.7,6,AS,X,13.7,10.3,12.1,23,278,6,1.33,0.617,22.98,SUV,Regular Gasoline
LINCOLN,MKZ,MID-SIZE,2.0,4,AS,X,10.5,7.0,8.9,32,205,6,1.5,0.5,23.03,Mid-size,Regular Gasoline
LINCOLN,MKZ AWD,MID-SIZE,3.7,6,AS,X,13.1,9.2,11.3,25,260,6,1.424,0.617,23.01,Mid-size,Regular Gasoline
LINCOLN,MKZ HYBRID,MID-SIZE,2.0,4,AV,X,5.7,6.0,5.8,49,133,,0.95,0.5,22.93,Mid-size,Regular Gasoline
LINCOLN,NAVIGATOR 4X4,SUV - STANDARD,3.5,6,AS,X,16.2,11.8,14.2,20,327,6,1.373,0.583,23.03,SUV,Regular Gasoline
LINCOLN,NAVIGATOR L 4X4,SUV - STANDARD,3.5,6,AS,X,16.1,12.3,14.4,20,331,6,1.309,0.583,22.99,SUV,Regular Gasoline
MASERATI,GHIBLI AWD,MID-SIZE,3.0,6,AS,Z,15.6,9.5,12.8,22,294,8,1.642,0.5,22.97,Mid-size,Premium Gasoline
MASERATI,GRANTURISMO CONVERTIBLE,SUBCOMPACT,4.7,8,AS,Z,18.2,11.6,15.2,19,350,6,1.569,0.588,23.03,Compact/Small,Premium Gasoline
MASERATI,QUATTROPORTE GTS,FULL-SIZE,3.8,8,AS,Z,17.5,10.7,14.5,19,334,8,1.636,0.475,23.03,Mid-size,Premium Gasoline
MASERATI,QUATTROPORTE SQ4,FULL-SIZE,3.0,6,AS,Z,15.7,9.7,13.0,22,299,8,1.619,0.5,23.0,Mid-size,Premium Gasoline
MAZDA,CX-5 4WD,SUV - SMALL,2.5,4,AS,X,9.9,7.9,9.0,31,207,6,1.253,0.625,23.0,SUV,Regular Gasoline
MAZDA,CX-9 4WD,SUV - SMALL,3.7,6,AS,X,14.3,10.6,12.7,22,292,6,1.349,0.617,22.99,SUV,Regular Gasoline
MAZDA,MAZDA3 4-DOOR (i-ELOOP),COMPACT,2.5,4,AS,X,8.2,5.9,7.2,39,166,6,1.39,0.625,23.06,Compact/Small,Regular Gasoline
MAZDA,MAZDA3 4-DOOR (SIL),COMPACT,2.5,4,M,X,9.3,6.4,8.0,35,184,6,1.453,0.625,23.0,Compact/Small,Regular Gasoline
MAZDA,MAZDA3 5-DOOR,MID-SIZE,2.0,4,AS,X,8.0,5.9,7.0,40,161,6,1.356,0.5,23.0,Mid-size,Regular Gasoline
MAZDA,MAZDA3 5-DOOR (SIL),MID-SIZE,2.0,4,M,X,8.2,5.9,7.1,40,163,6,1.39,0.5,22.96,Mid-size,Regular Gasoline
MAZDA,MAZDA3 5-DOOR (i-ELOOP),MID-SIZE,2.5,4,AS,X,8.2,6.0,7.2,39,166,6,1.367,0.625,23.06,Mid-size,Regular Gasoline
MAZDA,MAZDA3 5-DOOR (SIL),MID-SIZE,2.5,4,M,X,9.2,6.6,8.1,35,186,6,1.394,0.625,22.96,Mid-size,Regular Gasoline
MAZDA,MAZDA5,MINIVAN,2.5,4,AS,X,10.7,8.2,9.6,29,221,5,1.305,0.625,23.02,Truck/Van,Regular Gasoline
MAZDA,MAZDA6,MID-SIZE,2.5,4,AS,X,8.8,6.1,7.6,37,175,6,1.443,0.625,23.03,Mid-size,Regular Gasoline
MAZDA,MX-5,TWO-SEATER,2.0,4,AS,Z,11.5,8.5,10.1,28,232,6,1.353,0.5,22.97,Compact/Small,Premium Gasoline
MERCEDES-BENZ,B 250 4MATIC,STATION WAGON - SMALL,2.0,4,AS,Z,10.0,7.5,8.9,32,205,7,1.333,0.5,23.03,Mid-size,Premium Gasoline
MERCEDES-BENZ,C 250 COUPE,SUBCOMPACT,1.8,4,AS,Z,10.9,7.5,9.4,30,216,7,1.453,0.45,22.98,Compact/Small,Premium Gasoline
MERCEDES-BENZ,C 300 4MATIC,COMPACT,2.0,4,AS,Z,10.1,7.8,9.0,31,207,7,1.295,0.5,23.0,Compact/Small,Premium Gasoline
MERCEDES-BENZ,C 400 4MATIC,COMPACT,3.0,6,AS,Z,11.1,8.4,9.9,29,228,7,1.321,0.5,23.03,Compact/Small,Premium Gasoline
MERCEDES-BENZ,C 63 AMG COUPE,SUBCOMPACT,6.2,8,AS,Z,17.9,12.3,15.4,18,354,7,1.455,0.775,22.99,Compact/Small,Premium Gasoline
MERCEDES-BENZ,CLA 250,SUBCOMPACT,2.0,4,AS,Z,9.4,6.4,8.1,35,186,7,1.469,0.5,22.96,Compact/Small,Premium Gasoline
MERCEDES-BENZ,CLA 250 4MATIC,SUBCOMPACT,2.0,4,AS,Z,9.9,7.4,8.8,32,202,7,1.338,0.5,22.95,Compact/Small,Premium Gasoline
MERCEDES-BENZ,CLA 45 AMG,COMPACT,2.0,4,AS,Z,10.2,7.7,9.1,31,209,7,1.325,0.5,22.97,Compact/Small,Premium Gasoline
MERCEDES-BENZ,CLS 400 4MATIC,COMPACT,3.0,6,AS,Z,12.1,8.5,10.5,27,242,7,1.424,0.5,23.05,Compact/Small,Premium Gasoline
MERCEDES-BENZ,CLS 550 4MATIC,COMPACT,4.7,8,AS,Z,14.5,10.1,12.5,23,288,7,1.436,0.588,23.04,Compact/Small,Premium Gasoline
MERCEDES-BENZ,CLS 63 AMG 4MATIC,COMPACT,5.5,8,AS,Z,15.1,10.8,13.1,22,301,7,1.398,0.688,22.98,Compact/Small,Premium Gasoline
MERCEDES-BENZ,E 250 BLUETEC 4MATIC,MID-SIZE,2.1,4,AS,D,8.6,5.9,7.4,38,200,7,1.458,0.525,27.03,Mid-size,Diesel
MERCEDES-BENZ,E 300 4MATIC,MID-SIZE,3.5,6,AS,Z,11.9,8.2,10.2,28,235,7,1.451,0.583,23.04,Mid-size,Premium Gasoline
MERCEDES-BENZ,E 400 4MATIC,MID-SIZE,3.0,6,AS,Z,12.0,8.5,10.4,27,239,7,1.412,0.5,22.98,Mid-size,Premium Gasoline
MERCEDES-BENZ,E 400 4MATIC WAGON,STATION WAGON - MID-SIZE,3.5,6,AS,Z,12.4,8.8,10.8,26,248,7,1.409,0.583,22.96,Mid-size,Premium Gasoline
MERCEDES-BENZ,E 400 CABRIOLET,SUBCOMPACT,3.5,6,AS,Z,11.5,8.1,10.0,28,230,7,1.42,0.583,23.0,Compact/Small,Premium Gasoline
MERCEDES-BENZ,E 400 COUPE,SUBCOMPACT,3.5,6,AS,Z,11.8,8.3,10.2,28,235,7,1.422,0.583,23.04,Compact/Small,Premium Gasoline
MERCEDES-BENZ,E 550 4MATIC,MID-SIZE,4.7,8,AS,Z,12.9,9.6,11.4,25,262,7,1.344,0.588,22.98,Mid-size,Premium Gasoline
MERCEDES-BENZ,E 550 CABRIOLET,SUBCOMPACT,4.7,8,AS,Z,13.7,9.2,11.7,24,269,7,1.489,0.588,22.99,Compact/Small,Premium Gasoline
MERCEDES-BENZ,E 550 COUPE,SUBCOMPACT,4.7,8,AS,Z,13.3,8.9,11.4,25,262,7,1.494,0.588,22.98,Compact/Small,Premium Gasoline
MERCEDES-BENZ,E 63 AMG S 4MATIC,MID-SIZE,5.5,8,AS,Z,15.3,10.8,13.3,21,306,7,1.417,0.688,23.01,Mid-size,Premium Gasoline
MERCEDES-BENZ,E 63 AMG S 4MATIC WAGON,STATION WAGON - MID-SIZE,5.5,8,AS,Z,15.2,11.0,13.3,21,306,7,1.382,0.688,23.01,Mid-size,Premium Gasoline
MERCEDES-BENZ,G 550,SUV - STANDARD,5.5,8,AS,Z,19.9,16.1,18.2,16,419,7,1.236,0.688,23.02,SUV,Premium Gasoline
MERCEDES-BENZ,G 63 AMG,SUV - STANDARD,5.5,8,AS,Z,20.0,16.6,18.5,15,426,7,1.205,0.688,23.03,SUV,Premium Gasoline
MERCEDES-BENZ,GL 350 BLUETEC 4MATIC,SUV - STANDARD,3.0,6,AS,D,13.6,10.0,12.0,24,324,7,1.36,0.5,27.0,SUV,Diesel
MERCEDES-BENZ,GL 450 4MATIC,SUV - STANDARD,3.0,6,AS,Z,15.2,12.6,14.0,20,322,7,1.206,0.5,23.0,SUV,Premium Gasoline
MERCEDES-BENZ,GL 550 4MATIC,SUV - STANDARD,4.7,8,AS,Z,17.5,13.2,15.6,18,359,7,1.326,0.588,23.01,SUV,Premium Gasoline
MERCEDES-BENZ,GL 63 AMG,SUV - STANDARD,5.5,8,AS,Z,18.2,14.0,16.3,17,375,7,1.3,0.688,23.01,SUV,Premium Gasoline
MERCEDES-BENZ,GLA 250 4MATIC,SUV - SMALL,2.0,4,AS,Z,9.8,7.4,8.7,32,200,7,1.324,0.5,22.99,SUV,Premium Gasoline
MERCEDES-BENZ,GLA 45 AMG 4MATIC,STATION WAGON - MID-SIZE,2.0,4,AS,Z,10.5,8.1,9.4,30,216,7,1.296,0.5,22.98,Mid-size,Premium Gasoline
MERCEDES-BENZ,GLK 250 BLUETEC 4MATIC,SUV - SMALL,2.1,4,AS,D,9.6,7.0,8.5,33,230,7,1.371,0.525,27.06,SUV,Diesel
MERCEDES-BENZ,GLK 350 4MATIC,SUV - SMALL,3.5,6,AS,Z,12.6,9.6,11.2,25,258,7,1.312,0.583,23.04,SUV,Premium Gasoline
MERCEDES-BENZ,ML 400 4MATIC,SUV - STANDARD,3.0,6,AS,Z,13.3,10.4,12.0,24,276,7,1.279,0.5,23.0,SUV,Premium Gasoline
MERCEDES-BENZ,ML 550 4MATIC,SUV - STANDARD,4.7,8,AS,Z,16.3,11.8,14.2,20,327,7,1.381,0.588,23.03,SUV,Premium Gasoline
MERCEDES-BENZ,ML 63 AMG 4MATIC,SUV - STANDARD,5.5,8,AS,Z,17.3,13.5,15.6,18,359,7,1.281,0.688,23.01,SUV,Premium Gasoline
MERCEDES-BENZ,S 400 4MATIC,MID-SIZE,4.7,6,AS,Z,12.6,8.6,10.8,26,248,7,1.465,0.783,22.96,Mid-size,Premium Gasoline
MERCEDES-BENZ,S 550 4MATIC COUPE,COMPACT,4.7,8,AS,Z,14.4,9.8,12.3,23,283,7,1.469,0.588,23.01,Compact/Small,Premium Gasoline
MERCEDES-BENZ,S 550 4MATIC LWB,FULL-SIZE,4.7,8,AS,Z,14.8,9.8,12.5,23,288,7,1.51,0.588,23.04,Mid-size,Premium Gasoline
MERCEDES-BENZ,S 550 4MATIC SWB,MID-SIZE,4.7,8,AS,Z,14.7,9.1,12.2,23,281,7,1.615,0.588,23.03,Mid-size,Premium Gasoline
MERCEDES-BENZ,S 600,FULL-SIZE,6.0,12,AS,Z,18.1,11.0,14.9,19,343,7,1.645,0.5,23.02,Mid-size,Premium Gasoline
MERCEDES-BENZ,S 63 AMG 4MATIC,FULL-SIZE,5.5,8,AS,Z,15.7,10.1,13.2,21,304,7,1.554,0.688,23.03,Mid-size,Premium Gasoline
MERCEDES-BENZ,S 63 AMG COUPE,COMPACT,5.5,8,AS,Z,15.7,10.1,13.2,21,304,7,1.554,0.688,23.03,Compact/Small,Premium Gasoline
MERCEDES-BENZ,S 65 AMG,FULL-SIZE,6.0,12,AS,Z,18.5,11.8,15.5,18,357,7,1.568,0.5,23.03,Mid-size,Premium Gasoline
MERCEDES-BENZ,S 65 AMG COUPE,COMPACT,6.0,12,AS,Z,18.0,11.3,15.0,19,345,7,1.593,0.5,23.0,Compact/Small,Premium Gasoline
MERCEDES-BENZ,SL 550,TWO-SEATER,4.7,8,AS,Z,13.8,9.5,11.9,24,274,7,1.453,0.588,23.03,Compact/Small,Premium Gasoline
MERCEDES-BENZ,SL 63 AMG,TWO-SEATER,5.5,8,AS,Z,14.7,9.5,12.4,23,285,7,1.547,0.688,22.98,Compact/Small,Premium Gasoline
MERCEDES-BENZ,SL 65 AMG,TWO-SEATER,6.0,12,AS,Z,16.7,11.2,14.2,20,327,7,1.491,0.5,23.03,Compact/Small,Premium Gasoline
MERCEDES-BENZ,SLK 250,TWO-SEATER,1.8,4,AS,Z,10.4,7.2,9.0,31,207,7,1.444,0.45,23.0,Compact/Small,Premium Gasoline
MERCEDES-BENZ,SLK 250,TWO-SEATER,1.8,4,M,Z,10.4,7.2,9.0,31,207,6,1.444,0.45,23.0,Compact/Small,Premium Gasoline
MERCEDES-BENZ,SLK 55 AMG,TWO-SEATER,5.5,8,AS,Z,12.4,8.5,10.6,27,244,7,1.459,0.688,23.02,Compact/Small,Premium Gasoline
MERCEDES-BENZ,SLS AMG GT COUPE,TWO-SEATER,6.2,8,AM,Z,18.1,12.6,15.6,18,359,7,1.437,0.775,23.01,Compact/Small,Premium Gasoline
MERCEDES-BENZ,SLS AMG GT ROADSTER,TWO-SEATER,6.2,8,AM,Z,18.1,12.6,15.6,18,359,7,1.437,0.775,23.01,Compact/Small,Premium Gasoline
MINI,COOPER 3 DOOR,SUBCOMPACT,1.5,3,AS,Z,8.5,6.3,7.5,38,172,6,1.349,0.5,22.93,Compact/Small,Premium Gasoline
MINI,COOPER 3 DOOR,SUBCOMPACT,1.5,3,M,Z,8.1,5.9,7.1,40,163,6,1.373,0.5,22.96,Compact/Small,Premium Gasoline
MINI,COOPER 5 DOOR,SUBCOMPACT,1.5,3,AS,Z,8.5,6.3,7.5,38,172,6,1.349,0.5,22.93,Compact/Small,Premium Gasoline
MINI,COOPER 5 DOOR,SUBCOMPACT,1.5,3,M,Z,8.2,5.9,7.2,39,166,6,1.39,0.5,23.06,Compact/Small,Premium Gasoline
MINI,COOPER CONVERTIBLE,MINICOMPACT,1.6,4,AS,Z,8.6,6.5,7.7,37,177,6,1.323,0.4,22.99,Compact/Small,Premium Gasoline
MINI,COOPER CONVERTIBLE,MINICOMPACT,1.6,4,M,Z,8.4,6.4,7.5,38,172,6,1.312,0.4,22.93,Compact/Small,Premium Gasoline
MINI,COOPER COUNTRYMAN,COMPACT,1.6,4,AS,Z,9.4,7.9,8.7,32,200,6,1.19,0.4,22.99,Compact/Small,Premium Gasoline
MINI,COOPER COUNTRYMAN,COMPACT,1.6,4,M,Z,8.4,6.4,7.5,38,172,6,1.312,0.4,22.93,Compact/Small,Premium Gasoline
MINI,COOPER COUPE,TWO-SEATER,1.6,4,AS,Z,8.5,6.5,7.6,37,175,6,1.308,0.4,23.03,Compact/Small,Premium Gasoline
MINI,COOPER PACEMAN,COMPACT,1.6,4,AS,Z,9.4,7.9,8.7,32,200,6,1.19,0.4,22.99,Compact/Small,Premium Gasoline
MINI,COOPER PACEMAN,COMPACT,1.6,4,M,Z,8.4,6.4,7.5,38,172,6,1.312,0.4,22.93,Compact/Small,Premium Gasoline
MINI,COOPER ROADSTER,TWO-SEATER,1.6,4,AS,Z,8.6,6.5,7.7,37,177,6,1.323,0.4,22.99,Compact/Small,Premium Gasoline
MINI,COOPER ROADSTER,TWO-SEATER,1.6,4,M,Z,8.4,6.4,7.5,38,172,6,1.312,0.4,22.93,Compact/Small,Premium Gasoline
MINI,COOPER S 3 DOOR,SUBCOMPACT,2.0,4,AS,Z,9.2,7.0,8.2,34,189,6,1.314,0.5,23.05,Compact/Small,Premium Gasoline
MINI,COOPER S 3 DOOR,SUBCOMPACT,2.0,4,M,Z,10.0,7.0,8.6,33,198,6,1.429,0.5,23.02,Compact/Small,Premium Gasoline
MINI,COOPER S 5 DOOR,SUBCOMPACT,2.0,4,AS,Z,9.2,7.0,8.2,34,189,6,1.314,0.5,23.05,Compact/Small,Premium Gasoline
MINI,COOPER S 5 DOOR,SUBCOMPACT,2.0,4,M,Z,10.0,7.0,8.6,33,198,6,1.429,0.5,23.02,Compact/Small,Premium Gasoline
MINI,COOPER S CONVERTIBLE,MINICOMPACT,1.6,4,AS,Z,9.2,6.8,8.1,35,186,6,1.353,0.4,22.96,Compact/Small,Premium Gasoline
MINI,COOPER S CONVERTIBLE,MINICOMPACT,1.6,4,M,Z,9.1,6.8,8.1,35,186,6,1.338,0.4,22.96,Compact/Small,Premium Gasoline
MINI,COOPER S COUNTRYMAN ALL4,COMPACT,1.6,4,AS,Z,10.1,7.8,9.0,31,207,6,1.295,0.4,23.0,Compact/Small,Premium Gasoline
MINI,COOPER S COUNTRYMAN ALL4,COMPACT,1.6,4,M,Z,9.5,7.7,8.7,32,200,6,1.234,0.4,22.99,Compact/Small,Premium Gasoline
MINI,COOPER S COUPE,TWO-SEATER,1.6,4,AS,Z,9.2,6.8,8.1,35,186,6,1.353,0.4,22.96,Compact/Small,Premium Gasoline
MINI,COOPER S COUPE,TWO-SEATER,1.6,4,M,Z,9.1,6.8,8.1,35,186,6,1.338,0.4,22.96,Compact/Small,Premium Gasoline
MINI,COOPER S PACEMAN ALL4,COMPACT,1.6,4,AS,Z,10.1,7.8,9.0,31,207,6,1.295,0.4,23.0,Compact/Small,Premium Gasoline
MINI,COOPER S PACEMAN ALL4,COMPACT,1.6,4,M,Z,9.5,7.7,8.7,32,200,6,1.234,0.4,22.99,Compact/Small,Premium Gasoline
MINI,COOPER S ROADSTER,TWO-SEATER,1.6,4,AS,Z,9.2,6.8,8.1,35,186,6,1.353,0.4,22.96,Compact/Small,Premium Gasoline
MINI,COOPER S ROADSTER,TWO-SEATER,1.6,4,M,Z,9.1,6.8,8.1,35,186,6,1.338,0.4,22.96,Compact/Small,Premium Gasoline
MINI,JOHN COOPER WORKS,SUBCOMPACT,2.0,4,AS,Z,9.3,7.3,8.4,34,193,6,1.274,0.5,22.98,Compact/Small,Premium Gasoline
MINI,JOHN COOPER WORKS,SUBCOMPACT,2.0,4,M,Z,10.4,7.7,9.2,31,212,6,1.351,0.5,23.04,Compact/Small,Premium Gasoline
MINI,JOHN COOPER WORKS CONVERTIBLE,MINICOMPACT,1.6,4,AS,Z,9.2,6.8,8.1,35,186,6,1.353,0.4,22.96,Compact/Small,Premium Gasoline
MINI,JOHN COOPER WORKS CONVERTIBLE,MINICOMPACT,1.6,4,M,Z,9.1,6.8,8.1,35,186,6,1.338,0.4,22.96,Compact/Small,Premium Gasoline
MINI,JOHN COOPER WORKS COUNTRYMAN ALL4,COMPACT,1.6,4,AS,Z,10.1,7.8,9.0,31,207,6,1.295,0.4,23.0,Compact/Small,Premium Gasoline
MINI,JOHN COOPER WORKS COUNTRYMAN ALL4,COMPACT,1.6,4,M,Z,9.5,7.7,8.7,32,200,6,1.234,0.4,22.99,Compact/Small,Premium Gasoline
MINI,JOHN COOPER WORKS COUPE,TWO-SEATER,1.6,4,AS,Z,9.2,6.8,8.1,35,186,6,1.353,0.4,22.96,Compact/Small,Premium Gasoline
MINI,JOHN COOPER WORKS COUPE,TWO-SEATER,1.6,4,M,Z,9.1,6.8,8.1,35,186,6,1.338,0.4,22.96,Compact/Small,Premium Gasoline
MINI,JOHN COOPER WORKS PACEMAN ALL4,COMPACT,1.6,4,AS,Z,10.1,7.8,9.0,31,207,6,1.295,0.4,23.0,Compact/Small,Premium Gasoline
MINI,JOHN COOPER WORKS PACEMAN ALL4,COMPACT,1.6,4,M,Z,9.5,7.7,8.7,32,200,6,1.234,0.4,22.99,Compact/Small,Premium Gasoline
MINI,JOHN COOPER WORKS ROADSTER,TWO-SEATER,1.6,4,AS,Z,9.2,6.8,8.1,35,186,6,1.353,0.4,22.96,Compact/Small,Premium Gasoline
MINI,JOHN COOPER WORKS ROADSTER,TWO-SEATER,1.6,4,M,Z,9.1,6.8,8.1,35,186,6,1.338,0.4,22.96,Compact/Small,Premium Gasoline
MITSUBISHI,LANCER,COMPACT,2.0,4,AV,X,9.2,6.9,8.2,34,189,6,1.333,0.5,23.05,Compact/Small,Regular Gasoline
MITSUBISHI,LANCER,COMPACT,2.0,4,M,X,9.6,6.9,8.4,34,193,5,1.391,0.5,22.98,Compact/Small,Regular Gasoline
MITSUBISHI,LANCER AWD,COMPACT,2.4,4,AV,X,10.5,8.2,9.5,30,219,6,1.28,0.6,23.05,Compact/Small,Regular Gasoline
MITSUBISHI,MIRAGE,COMPACT,1.2,3,AV,X,6.4,5.3,5.9,48,136,,1.208,0.4,23.05,Compact/Small,Regular Gasoline
MITSUBISHI,MIRAGE,COMPACT,1.2,3,M,X,7.0,5.5,6.4,44,147,5,1.273,0.4,22.97,Compact/Small,Regular Gasoline
MITSUBISHI,OUTLANDER 4WD,SUV - SMALL,3.0,6,AS,Z,11.5,8.4,10.1,28,232,6,1.369,0.5,22.97,SUV,Premium Gasoline
MITSUBISHI,RVR,SUV - SMALL,2.0,4,AV,X,9.3,7.3,8.4,34,193,6,1.274,0.5,22.98,SUV,Regular Gasoline
MITSUBISHI,RVR,SUV - SMALL,2.0,4,M,X,9.9,7.6,8.8,32,202,5,1.303,0.5,22.95,SUV,Regular Gasoline
MITSUBISHI,RVR 4WD,SUV - SMALL,2.0,4,AV,X,9.6,7.7,8.8,32,202,6,1.247,0.5,22.95,SUV,Regular Gasoline
MITSUBISHI,RVR 4WD,SUV - SMALL,2.4,4,AV,X,10.4,8.5,9.6,29,221,6,1.224,0.6,23.02,SUV,Regular Gasoline
NISSAN,370Z COUPE,TWO-SEATER,3.7,6,AS,Z,12.6,9.2,11.1,25,255,7,1.37,0.617,22.97,Compact/Small,Premium Gasoline
NISSAN,370Z COUPE,TWO-SEATER,3.7,6,M,Z,13.3,9.3,11.5,25,264,6,1.43,0.617,22.96,Compact/Small,Premium Gasoline
NISSAN,370Z ROADSTER,TWO-SEATER,3.7,6,AS,Z,13.0,9.6,11.5,25,264,7,1.354,0.617,22.96,Compact/Small,Premium Gasoline
NISSAN,370Z ROADSTER,TWO-SEATER,3.7,6,M,Z,13.6,9.7,11.8,24,271,6,1.402,0.617,22.97,Compact/Small,Premium Gasoline
NISSAN,ALTIMA,MID-SIZE,3.5,6,AV,X,10.3,7.4,9.0,31,207,,1.392,0.583,23.0,Mid-size,Regular Gasoline
NISSAN,ARMADA 4WD,SUV - STANDARD,5.6,8,A,X,19.2,13.4,16.6,17,382,5,1.433,0.7,23.01,SUV,Regular Gasoline
NISSAN,FRONTIER,PICKUP TRUCK - SMALL,4.0,6,A,X,14.8,10.3,12.7,22,292,5,1.437,0.667,22.99,Truck/Van,Regular Gasoline
NISSAN,FRONTIER 4WD,PICKUP TRUCK - SMALL,4.0,6,A,X,15.7,11.3,13.7,21,315,5,1.389,0.667,22.99,Truck/Van,Regular Gasoline
NISSAN,FRONTIER 4WD,PICKUP TRUCK - SMALL,4.0,6,M,X,15.0,11.2,13.3,21,306,6,1.339,0.667,23.01,Truck/Van,Regular Gasoline
NISSAN,GT-R,SUBCOMPACT,3.8,6,AM,Z,14.3,10.5,12.6,22,290,6,1.362,0.633,23.02,Compact/Small,Premium Gasoline
NISSAN,JUKE,STATION WAGON - SMALL,1.6,4,AV,X,8.5,7.2,7.9,36,182,7,1.181,0.4,23.04,Mid-size,Regular Gasoline
NISSAN,JUKE,STATION WAGON - SMALL,1.6,4,M,X,8.4,6.9,7.7,37,177,6,1.217,0.4,22.99,Mid-size,Regular Gasoline
NISSAN,JUKE AWD,STATION WAGON - SMALL,1.6,4,AV,X,8.8,7.5,8.2,34,189,7,1.173,0.4,23.05,Mid-size,Regular Gasoline
NISSAN,JUKE NISMO RS,STATION WAGON - SMALL,1.6,4,M,Z,8.9,7.5,8.3,34,191,6,1.187,0.4,23.01,Mid-size,Premium Gasoline
NISSAN,JUKE NISMO RS AWD,STATION WAGON - SMALL,1.6,4,AV,Z,9.4,8.1,8.8,32,202,8,1.16,0.4,22.95,Mid-size,Premium Gasoline
NISSAN,MICRA,COMPACT,1.6,4,A,X,8.8,6.6,7.8,36,179,4,1.333,0.4,22.95,Compact/Small,Regular Gasoline
NISSAN,MICRA,COMPACT,1.6,4,M,X,8.6,6.6,7.7,37,177,5,1.303,0.4,22.99,Compact/Small,Regular Gasoline
NISSAN,MURANO,STATION WAGON - MID-SIZE,3.5,6,AV,X,11.0,8.2,9.8,29,225,7,1.341,0.583,22.96,Mid-size,Regular Gasoline
NISSAN,MURANO AWD,STATION WAGON - MID-SIZE,3.5,6,AV,X,11.2,8.3,9.9,29,228,7,1.349,0.583,23.03,Mid-size,Regular Gasoline
NISSAN,NV200 CARGO VAN,SPECIAL PURPOSE VEHICLE,2.0,4,AV,X,9.7,9.0,9.4,30,216,,1.078,0.5,22.98,Other,Regular Gasoline
NISSAN,PATHFINDER,SUV - SMALL,3.5,6,AV,X,11.9,8.6,10.4,27,239,,1.384,0.583,22.98,SUV,Regular Gasoline
NISSAN,PATHFINDER 4WD,SUV - SMALL,3.5,6,AV,X,12.1,8.9,10.7,26,246,,1.36,0.583,22.99,SUV,Regular Gasoline
NISSAN,PATHFINDER 4WD PLATINUM,SUV - SMALL,3.5,6,AV,X,12.7,9.0,11.0,26,253,,1.411,0.583,23.0,SUV,Regular Gasoline
NISSAN,QUEST,MINIVAN,3.5,6,AV,X,12.0,8.7,10.5,27,242,,1.379,0.583,23.05,Truck/Van,Regular Gasoline
NISSAN,ROGUE AWD,SUV - SMALL,2.5,4,AV,X,9.5,7.4,8.5,33,196,,1.284,0.625,23.06,SUV,Regular Gasoline
NISSAN,TITAN,PICKUP TRUCK - STANDARD,5.6,8,A,X,18.4,13.3,16.1,18,370,5,1.383,0.7,22.98,Truck/Van,Regular Gasoline
NISSAN,TITAN 4WD,PICKUP TRUCK - STANDARD,5.6,8,A,X,19.7,14.3,17.2,16,396,5,1.378,0.7,23.02,Truck/Van,Regular Gasoline
NISSAN,SENTRA,MID-SIZE,1.8,4,AV,X,8.0,6.1,7.2,39,166,,1.311,0.45,23.06,Mid-size,Regular Gasoline
NISSAN,SENTRA,MID-SIZE,1.8,4,M,X,8.9,6.6,7.9,36,182,6,1.348,0.45,23.04,Mid-size,Regular Gasoline
NISSAN,VERSA,COMPACT,1.6,4,AV,X,7.5,6.0,6.8,42,156,,1.25,0.4,22.94,Compact/Small,Regular Gasoline
NISSAN,XTERRA 4WD,SUV - SMALL,4.0,6,A,X,16.0,12.0,14.2,20,327,5,1.333,0.667,23.03,SUV,Regular Gasoline
NISSAN,XTERRA 4WD,SUV - SMALL,4.0,6,M,X,16.0,12.3,14.4,20,331,6,1.301,0.667,22.99,SUV,Regular Gasoline
PORSCHE,911 CARRERA,MINICOMPACT,3.4,6,AM,Z,11.6,8.4,10.1,28,232,7,1.381,0.567,22.97,Compact/Small,Premium Gasoline
PORSCHE,911 CARRERA,MINICOMPACT,3.4,6,M,Z,12.3,8.6,10.6,27,244,7,1.43,0.567,23.02,Compact/Small,Premium Gasoline
PORSCHE,911 CARRERA CABRIOLET,MINICOMPACT,3.4,6,AM,Z,11.5,8.3,10.1,28,232,7,1.386,0.567,22.97,Compact/Small,Premium Gasoline
PORSCHE,911 CARRERA CABRIOLET,MINICOMPACT,3.4,6,M,Z,12.3,8.7,10.7,26,246,7,1.414,0.567,22.99,Compact/Small,Premium Gasoline
PORSCHE,911 CARRERA 4,MINICOMPACT,3.4,6,AM,Z,11.6,8.5,10.2,28,235,7,1.365,0.567,23.04,Compact/Small,Premium Gasoline
PORSCHE,911 CARRERA 4,MINICOMPACT,3.4,6,M,Z,12.3,8.7,10.7,26,246,7,1.414,0.567,22.99,Compact/Small,Premium Gasoline
PORSCHE,911 CARRERA 4 CABRIOLET,MINICOMPACT,3.4,6,AM,Z,11.9,8.7,10.5,27,242,7,1.368,0.567,23.05,Compact/Small,Premium Gasoline
PORSCHE,911 CARRERA 4 CABRIOLET,MINICOMPACT,3.4,6,M,Z,12.5,9.0,10.9,26,251,7,1.389,0.567,23.03,Compact/Small,Premium Gasoline
PORSCHE,911 CARRERA 4 GTS,MINICOMPACT,3.8,6,AM,Z,12.6,9.2,11.1,25,255,7,1.37,0.633,22.97,Compact/Small,Premium Gasoline
PORSCHE,911 CARRERA 4 GTS,MINICOMPACT,3.8,6,M,Z,13.0,9.2,11.3,25,260,7,1.413,0.633,23.01,Compact/Small,Premium Gasoline
PORSCHE,911 CARRERA 4 GTS CABRIOLET,MINICOMPACT,3.8,6,AM,Z,13.1,9.4,11.4,25,262,7,1.394,0.633,22.98,Compact/Small,Premium Gasoline
PORSCHE,911 CARRERA 4 GTS CABRIOLET,MINICOMPACT,3.8,6,M,Z,13.4,9.3,11.6,24,267,7,1.441,0.633,23.02,Compact/Small,Premium Gasoline
PORSCHE,911 CARRERA 4S,MINICOMPACT,3.8,6,AM,Z,12.2,8.9,10.7,26,246,7,1.371,0.633,22.99,Compact/Small,Premium Gasoline
PORSCHE,911 CARRERA 4S,MINICOMPACT,3.8,6,M,Z,12.6,8.9,11.0,26,253,7,1.416,0.633,23.0,Compact/Small,Premium Gasoline
PORSCHE,911 CARRERA 4S CABRIOLET,MINICOMPACT,3.8,6,AM,Z,12.5,9.0,11.0,26,253,7,1.389,0.633,23.0,Compact/Small,Premium Gasoline
PORSCHE,911 CARRERA 4S CABRIOLET,MINICOMPACT,3.8,6,M,Z,12.9,9.2,11.2,25,258,7,1.402,0.633,23.04,Compact/Small,Premium Gasoline
PORSCHE,911 CARRERA GTS,MINICOMPACT,3.8,6,AM,Z,12.6,9.0,11.0,26,253,7,1.4,0.633,23.0,Compact/Small,Premium Gasoline
PORSCHE,911 CARRERA GTS,MINICOMPACT,3.8,6,M,Z,12.9,9.0,11.2,25,258,7,1.433,0.633,23.04,Compact/Small,Premium Gasoline
PORSCHE,911 CARRERA GTS CABRIOLET,MINICOMPACT,3.8,6,AM,Z,12.6,9.2,11.1,25,255,7,1.37,0.633,22.97,Compact/Small,Premium Gasoline
PORSCHE,911 CARRERA GTS CABRIOLET,MINICOMPACT,3.8,6,M,Z,13.4,9.3,11.6,24,267,7,1.441,0.633,23.02,Compact/Small,Premium Gasoline
PORSCHE,911 CARRERA S,MINICOMPACT,3.8,6,AM,Z,11.9,8.7,10.5,27,242,7,1.368,0.633,23.05,Compact/Small,Premium Gasoline
PORSCHE,911 CARRERA S,MINICOMPACT,3.8,6,M,Z,12.4,8.7,10.7,26,246,7,1.425,0.633,22.99,Compact/Small,Premium Gasoline
PORSCHE,911 CARRERA S CABRIOLET,MINICOMPACT,3.8,6,AM,Z,12.2,8.7,10.6,27,244,7,1.402,0.633,23.02,Compact/Small,Premium Gasoline
PORSCHE,911 CARRERA S CABRIOLET,MINICOMPACT,3.8,6,M,Z,12.5,8.9,10.9,26,251,7,1.404,0.633,23.03,Compact/Small,Premium Gasoline
PORSCHE,911 TARGA 4,MINICOMPACT,3.4,6,AM,Z,12.3,8.9,10.8,26,248,7,1.382,0.567,22.96,Compact/Small,Premium Gasoline
PORSCHE,911 TARGA 4,MINICOMPACT,3.4,6,M,Z,12.9,9.0,11.1,25,255,7,1.433,0.567,22.97,Compact/Small,Premium Gasoline
PORSCHE,911 TARGA 4S,MINICOMPACT,3.8,6,AM,Z,12.8,9.3,11.2,25,258,7,1.376,0.633,23.04,Compact/Small,Premium Gasoline
PORSCHE,911 TARGA 4S,MINICOMPACT,3.8,6,M,Z,13.1,9.2,11.4,25,262,7,1.424,0.633,22.98,Compact/Small,Premium Gasoline
PORSCHE,BOXSTER GTS,TWO-SEATER,3.4,6,AM,Z,10.9,7.7,9.5,30,218,7,1.416,0.567,22.95,Compact/Small,Premium Gasoline
PORSCHE,BOXSTER GTS,TWO-SEATER,3.4,6,M,Z,12.1,8.9,10.7,26,246,6,1.36,0.567,22.99,Compact/Small,Premium Gasoline
PORSCHE,CAYENNE S,SUV - STANDARD,3.6,6,A,Z,14.3,9.6,12.2,23,286,8,1.49,0.6,23.44,SUV,Premium Gasoline
PORSCHE,CAYENNE TURBO,SUV - STANDARD,4.8,8,A,Z,16.7,11.2,14.2,20,327,8,1.491,0.6,23.03,SUV,Premium Gasoline
PORSCHE,CAYMAN GTS,TWO-SEATER,3.4,6,AM,Z,10.9,7.7,9.5,30,218,7,1.416,0.567,22.95,Compact/Small,Premium Gasoline
PORSCHE,CAYMAN GTS,TWO-SEATER,3.4,6,M,Z,12.1,8.9,10.7,26,246,6,1.36,0.567,22.99,Compact/Small,Premium Gasoline
PORSCHE,MACAN S,SUV - SMALL,3.0,6,A,Z,13.7,10.3,12.2,23,281,7,1.33,0.5,23.03,SUV,Premium Gasoline
PORSCHE,MACAN TURBO,SUV - SMALL,3.6,6,A,Z,14.2,10.1,12.3,23,283,7,1.406,0.6,23.01,SUV,Premium Gasoline
PORSCHE,PANAMERA 4S,FULL-SIZE,3.0,6,AM,Z,13.4,8.8,11.4,25,262,7,1.523,0.5,22.98,Mid-size,Premium Gasoline
PORSCHE,PANAMERA S,FULL-SIZE,3.0,6,AM,Z,13.4,8.8,11.4,25,262,7,1.523,0.5,22.98,Mid-size,Premium Gasoline
PORSCHE,PANAMERA TURBO S,FULL-SIZE,4.8,8,AM,Z,15.3,9.7,12.8,22,294,7,1.577,0.6,22.97,Mid-size,Premium Gasoline
PORSCHE,PANAMERA TURBO S EXECUTIVE,FULL-SIZE,4.8,8,AM,Z,15.4,9.8,12.9,22,297,7,1.571,0.6,23.02,Mid-size,Premium Gasoline
RAM,1500,PICKUP TRUCK - STANDARD,3.6,6,A,X,13.9,9.5,11.9,24,274,8,1.463,0.6,23.03,Truck/Van,Regular Gasoline
RAM,1500 (MDS),PICKUP TRUCK - STANDARD,5.7,8,A,X,15.7,10.9,13.6,21,313,8,1.44,0.712,23.01,Truck/Van,Regular Gasoline
RAM,1500 ECODIESEL,PICKUP TRUCK - STANDARD,3.0,6,A,D,11.5,8.4,10.1,28,273,8,1.369,0.5,27.03,Truck/Van,Diesel
RAM,1500 ECODIESEL HFE,PICKUP TRUCK - STANDARD,3.0,6,A,D,11.3,8.0,9.8,29,265,8,1.412,0.5,27.04,Truck/Van,Diesel
RAM,1500 4X4,PICKUP TRUCK - STANDARD,3.6,6,A,X,14.6,10.1,12.6,22,290,8,1.446,0.6,23.02,Truck/Van,Regular Gasoline
RAM,1500 4X4 (MDS),PICKUP TRUCK - STANDARD,5.7,8,A,X,17.7,12.7,15.4,18,354,6,1.394,0.712,22.99,Truck/Van,Regular Gasoline
RAM,1500 4X4 (MDS),PICKUP TRUCK - STANDARD,5.7,8,A,X,16.2,11.5,14.1,20,324,8,1.409,0.712,22.98,Truck/Van,Regular Gasoline
RAM,1500 4X4 ECODIESEL,PICKUP TRUCK - STANDARD,3.0,6,A,D,12.1,8.8,10.6,27,286,8,1.375,0.5,26.98,Truck/Van,Diesel
RAM,PROMASTER CITY,SPECIAL PURPOSE VEHICLE,2.4,4,A,X,11.2,8.1,9.8,29,225,9,1.383,0.6,22.96,Other,Regular Gasoline
ROLLS-ROYCE,GHOST,FULL-SIZE,6.6,12,AS,Z,19.2,12.4,16.1,18,370,8,1.548,0.55,22.98,Mid-size,Premium Gasoline
ROLLS-ROYCE,GHOST EWB,FULL-SIZE,6.6,12,AS,Z,19.2,12.4,16.1,18,370,8,1.548,0.55,22.98,Mid-size,Premium Gasoline
ROLLS-ROYCE,PHANTOM,FULL-SIZE,6.7,12,AS,Z,20.9,12.7,17.2,16,396,8,1.646,0.558,23.02,Mid-size,Premium Gasoline
ROLLS-ROYCE,PHANTOM EWB,FULL-SIZE,6.7,12,AS,Z,20.7,12.9,17.2,16,396,8,1.605,0.558,23.02,Mid-size,Premium Gasoline
ROLLS-ROYCE,PHANTOM COUPE,COMPACT,6.7,12,AS,Z,20.9,12.7,17.2,16,396,8,1.646,0.558,23.02,Compact/Small,Premium Gasoline
ROLLS-ROYCE,PHANTOM DROPHEAD COUPE,COMPACT,6.7,12,AS,Z,20.7,12.9,17.2,16,396,8,1.605,0.558,23.02,Compact/Small,Premium Gasoline
ROLLS-ROYCE,WRAITH,MID-SIZE,6.6,12,AS,Z,18.7,11.8,15.6,18,359,8,1.585,0.55,23.01,Mid-size,Premium Gasoline
SCION,FR-S,MINICOMPACT,2.0,4,M,Z,10.9,7.9,9.6,29,221,6,1.38,0.5,23.02,Compact/Small,Premium Gasoline
SCION,iQ,MINICOMPACT,1.3,4,AV,X,6.5,6.3,6.4,44,147,,1.032,0.325,22.97,Compact/Small,Regular Gasoline
SCION,tC,COMPACT,2.5,4,AS,X,10.2,7.6,9.0,31,207,6,1.342,0.625,23.0,Compact/Small,Regular Gasoline
SCION,tC,COMPACT,2.5,4,M,X,10.2,7.7,9.0,31,207,6,1.325,0.625,23.0,Compact/Small,Regular Gasoline
SCION,xB,STATION WAGON - SMALL,2.4,4,AS,X,10.9,8.5,9.8,29,225,4,1.282,0.6,22.96,Mid-size,Regular Gasoline
SCION,xB,STATION WAGON - SMALL,2.4,4,M,X,10.8,8.5,9.8,29,225,5,1.271,0.6,22.96,Mid-size,Regular Gasoline
SMART,FORTWO CABRIOLET,TWO-SEATER,1.0,3,AM,Z,6.8,6.2,6.5,43,150,5,1.097,0.333,23.08,Compact/Small,Premium Gasoline
SMART,FORTWO COUPE,TWO-SEATER,1.0,3,AM,Z,6.8,6.2,6.5,43,150,5,1.097,0.333,23.08,Compact/Small,Premium Gasoline
SUBARU,BRZ,MINICOMPACT,2.0,4,AS,Z,9.6,7.0,8.4,34,193,6,1.371,0.5,22.98,Compact/Small,Premium Gasoline
SUBARU,BRZ,MINICOMPACT,2.0,4,M,Z,10.9,7.9,9.6,29,221,6,1.38,0.5,23.02,Compact/Small,Premium Gasoline
SUBARU,FORESTER AWD,SUV - SMALL,2.0,4,AV,Z,10.2,8.5,9.4,30,216,8,1.2,0.5,22.98,SUV,Premium Gasoline
SUBARU,FORESTER AWD,SUV - SMALL,2.5,4,AV,X,9.6,7.5,8.7,32,200,6,1.28,0.625,22.99,SUV,Regular Gasoline
SUBARU,FORESTER AWD,SUV - SMALL,2.5,4,M,X,10.6,8.4,9.6,29,221,6,1.262,0.625,23.02,SUV,Regular Gasoline
SUBARU,IMPREZA AWD,COMPACT,2.0,4,AV,X,8.5,6.4,7.6,37,175,6,1.328,0.5,23.03,Compact/Small,Regular Gasoline
SUBARU,IMPREZA AWD,COMPACT,2.0,4,M,X,9.5,7.0,8.4,34,193,5,1.357,0.5,22.98,Compact/Small,Regular Gasoline
SUBARU,IMPREZA WAGON AWD,STATION WAGON - SMALL,2.0,4,AV,X,8.5,6.4,7.6,37,175,6,1.328,0.5,23.03,Mid-size,Regular Gasoline
SUBARU,IMPREZA WAGON AWD,STATION WAGON - SMALL,2.0,4,M,X,9.5,7.0,8.4,34,193,5,1.357,0.5,22.98,Mid-size,Regular Gasoline
SUBARU,LEGACY AWD,MID-SIZE,2.5,4,AV,X,9.0,6.5,7.9,36,182,6,1.385,0.625,23.04,Mid-size,Regular Gasoline
SUBARU,LEGACY AWD,MID-SIZE,2.5,4,M,X,10.7,7.8,9.4,30,216,6,1.372,0.625,22.98,Mid-size,Regular Gasoline
SUBARU,LEGACY AWD,MID-SIZE,3.6,6,AV,X,11.9,8.2,10.2,28,235,6,1.451,0.6,23.04,Mid-size,Regular Gasoline
SUBARU,OUTBACK AWD,SUV - SMALL,2.5,4,AV,X,9.3,7.1,8.3,34,191,6,1.31,0.625,23.01,SUV,Regular Gasoline
SUBARU,OUTBACK AWD,SUV - SMALL,2.5,4,M,X,11.0,8.2,9.7,29,223,6,1.341,0.625,22.99,SUV,Regular Gasoline
SUBARU,OUTBACK AWD,SUV - SMALL,3.6,6,AV,X,12.0,8.6,10.5,27,242,6,1.395,0.6,23.05,SUV,Regular Gasoline
SUBARU,WRX,COMPACT,2.0,4,AV,Z,12.4,9.4,11.1,25,255,8,1.319,0.5,22.97,Compact/Small,Premium Gasoline
SUBARU,WRX,COMPACT,2.0,4,M,Z,11.1,8.3,9.8,29,225,6,1.337,0.5,22.96,Compact/Small,Premium Gasoline
SUBARU,WRX,COMPACT,2.5,4,M,Z,13.8,10.2,12.2,23,281,6,1.353,0.625,23.03,Compact/Small,Premium Gasoline
SUBARU,XV CROSSTREK AWD,SUV - SMALL,2.0,4,AV,X,9.1,7.0,8.1,35,186,6,1.3,0.5,22.96,SUV,Regular Gasoline
SUBARU,XV CROSSTREK AWD,SUV - SMALL,2.0,4,M,X,10.2,7.7,9.1,31,209,5,1.325,0.5,22.97,SUV,Regular Gasoline
SUBARU,XV CROSSTREK HYBRID AWD,SUV - SMALL,2.0,4,AV,X,7.9,6.9,7.5,38,173,6,1.145,0.5,23.07,SUV,Regular Gasoline
TOYOTA,4RUNNER 4WD,SUV - STANDARD,4.0,6,AS,X,14.2,11.1,12.8,22,294,5,1.279,0.667,22.97,SUV,Regular Gasoline
TOYOTA,4RUNNER 4WD (Part-Time 4WD),SUV - STANDARD,4.0,6,AS,X,14.2,11.1,12.8,22,294,5,1.279,0.667,22.97,SUV,Regular Gasoline
TOYOTA,AVALON,MID-SIZE,3.5,6,AS,X,11.3,7.5,9.6,29,221,6,1.507,0.583,23.02,Mid-size,Regular Gasoline
TOYOTA,CAMRY,MID-SIZE,2.5,4,AS,X,9.7,6.9,8.4,34,193,6,1.406,0.625,22.98,Mid-size,Regular Gasoline
TOYOTA,CAMRY,MID-SIZE,3.5,6,AS,X,11.0,7.7,9.5,30,218,6,1.429,0.583,22.95,Mid-size,Regular Gasoline
TOYOTA,CAMRY HYBRID LE,MID-SIZE,2.5,4,AV,X,5.5,6.0,5.7,50,131,,0.917,0.625,22.98,Mid-size,Regular Gasoline
TOYOTA,CAMRY HYBRID XLE/SE,MID-SIZE,2.5,4,AV,X,5.7,6.1,5.9,48,136,,0.934,0.625,23.05,Mid-size,Regular Gasoline
TOYOTA,COROLLA,MID-SIZE,1.8,4,A,X,8.6,6.5,7.6,37,175,4,1.323,0.45,23.03,Mid-size,Regular Gasoline
TOYOTA,COROLLA,MID-SIZE,1.8,4,AV,X,7.9,6.1,7.1,40,163,7,1.295,0.45,22.96,Mid-size,Regular Gasoline
TOYOTA,COROLLA,MID-SIZE,1.8,4,AV,X,8.2,6.2,7.3,39,168,,1.323,0.45,23.01,Mid-size,Regular Gasoline
TOYOTA,COROLLA,MID-SIZE,1.8,4,M,X,8.3,6.2,7.4,38,170,6,1.339,0.45,22.97,Mid-size,Regular Gasoline
TOYOTA,COROLLA LE ECO (2-mode),MID-SIZE,1.8,4,AV,X,7.7,6.0,6.9,41,159,,1.283,0.45,23.04,Mid-size,Regular Gasoline
TOYOTA,HIGHLANDER,SUV - SMALL,2.7,4,AS,X,11.7,9.5,10.7,26,246,6,1.232,0.675,22.99,SUV,Regular Gasoline
TOYOTA,HIGHLANDER,SUV - SMALL,3.5,6,AS,X,12.5,9.3,11.1,25,255,6,1.344,0.583,22.97,SUV,Regular Gasoline
TOYOTA,HIGHLANDER AWD,SUV - STANDARD,3.5,6,AS,X,13.0,9.8,11.6,24,267,6,1.327,0.583,23.02,SUV,Regular Gasoline
TOYOTA,HIGHLANDER HYBRID AWD,SUV - STANDARD,3.5,6,AV,X,8.6,8.5,8.5,33,196,6,1.012,0.583,23.06,SUV,Regular Gasoline
TOYOTA,HIGHLANDER HYBRID AWD LE,SUV - STANDARD,3.5,6,AV,X,8.4,8.3,8.4,34,193,6,1.012,0.583,22.98,SUV,Regular Gasoline
TOYOTA,PRIUS,MID-SIZE,1.8,4,AV,X,4.6,4.9,4.7,60,108,,0.939,0.45,22.98,Mid-size,Regular Gasoline
TOYOTA,PRIUS c,COMPACT,1.5,4,AV,X,4.5,5.1,4.8,59,110,,0.882,0.375,22.92,Compact/Small,Regular Gasoline
TOYOTA,PRIUS v,STATION WAGON - MID-SIZE,1.8,4,AV,X,5.4,5.8,5.6,50,129,,0.931,0.45,23.04,Mid-size,Regular Gasoline
TOYOTA,RAV4 AWD,SUV - SMALL,2.5,4,AS,X,10.5,8.2,9.5,30,218,6,1.28,0.625,22.95,SUV,Regular Gasoline
TOYOTA,RAV4 LE/XLE,SUV - SMALL,2.5,4,AS,X,10.0,7.6,8.9,32,205,6,1.316,0.625,23.03,SUV,Regular Gasoline
TOYOTA,RAV4 LIMITED AWD,SUV - SMALL,2.5,4,AS,X,10.7,8.3,9.6,29,221,6,1.289,0.625,23.02,SUV,Regular Gasoline
TOYOTA,SEQUOIA 4WD,SUV - STANDARD,5.7,8,AS,X,18.8,14.0,16.6,17,382,6,1.343,0.712,23.01,SUV,Regular Gasoline
TOYOTA,SIENNA,MINIVAN,3.5,6,AS,X,13.0,9.5,11.4,25,262,6,1.368,0.583,22.98,Truck/Van,Regular Gasoline
TOYOTA,SIENNA AWD,MINIVAN,3.5,6,AS,X,14.4,10.2,12.5,23,288,6,1.412,0.583,23.04,Truck/Van,Regular Gasoline
TOYOTA,TACOMA,PICKUP TRUCK - SMALL,2.7,4,A,X,12.2,9.9,11.2,25,258,4,1.232,0.675,23.04,Truck/Van,Regular Gasoline
TOYOTA,TACOMA,PICKUP TRUCK - SMALL,2.7,4,M,X,11.3,9.5,10.5,27,242,5,1.189,0.675,23.05,Truck/Van,Regular Gasoline
TOYOTA,TACOMA 4WD,PICKUP TRUCK - SMALL,2.7,4,A,X,13.1,11.3,12.3,23,283,4,1.159,0.675,23.01,Truck/Van,Regular Gasoline
TOYOTA,TACOMA 4WD,PICKUP TRUCK - SMALL,2.7,4,M,X,12.9,11.5,12.3,23,283,5,1.122,0.675,23.01,Truck/Van,Regular Gasoline
TOYOTA,TACOMA 4WD,PICKUP TRUCK - SMALL,4.0,6,A,X,14.8,11.6,13.4,21,308,5,1.276,0.667,22.99,Truck/Van,Regular Gasoline
TOYOTA,TUNDRA,PICKUP TRUCK - STANDARD,5.7,8,AS,X,17.2,12.8,15.2,19,350,6,1.344,0.712,23.03,Truck/Van,Regular Gasoline
TOYOTA,TUNDRA 4WD,PICKUP TRUCK - STANDARD,5.7,8,AS,X,18.5,14.2,16.6,17,382,6,1.303,0.712,23.01,Truck/Van,Regular Gasoline
TOYOTA,VENZA,SUV - SMALL,2.7,4,AS,X,11.6,9.0,10.4,27,239,6,1.289,0.675,22.98,SUV,Regular Gasoline
TOYOTA,VENZA,SUV - SMALL,3.5,6,AS,X,12.5,9.0,10.9,26,251,6,1.389,0.583,23.03,SUV,Regular Gasoline
TOYOTA,VENZA 4WD,SUV - SMALL,2.7,4,AS,X,11.6,9.2,10.5,27,242,6,1.261,0.675,23.05,SUV,Regular Gasoline
TOYOTA,VENZA 4WD,SUV - SMALL,3.5,6,AS,X,12.8,9.3,11.3,25,260,6,1.376,0.583,23.01,SUV,Regular Gasoline
TOYOTA,YARIS,COMPACT,1.5,4,A,X,7.8,6.6,7.3,39,168,4,1.182,0.375,23.01,Compact/Small,Regular Gasoline
TOYOTA,YARIS,COMPACT,1.5,4,M,X,7.7,6.3,7.1,40,163,5,1.222,0.375,22.96,Compact/Small,Regular Gasoline
VOLKSWAGEN,BEETLE,COMPACT,1.8,4,AS,X,9.6,7.2,8.5,33,196,6,1.333,0.45,23.06,Compact/Small,Regular Gasoline
VOLKSWAGEN,BEETLE,COMPACT,2.0,4,AM,Z,10.0,7.9,9.1,31,209,6,1.266,0.5,22.97,Compact/Small,Premium Gasoline
VOLKSWAGEN,BEETLE,COMPACT,2.0,4,M,Z,10.4,7.7,9.2,31,212,6,1.351,0.5,23.04,Compact/Small,Premium Gasoline
VOLKSWAGEN,BEETLE TDI (modified),COMPACT,2.0,4,AM,D,7.6,5.7,6.9,41,183,6,1.333,0.5,26.52,Compact/Small,Diesel
VOLKSWAGEN,BEETLE TDI (modified),COMPACT,2.0,4,M,D,7.6,5.7,6.9,41,184,6,1.333,0.5,26.67,Compact/Small,Diesel
VOLKSWAGEN,BEETLE CONVERTIBLE,SUBCOMPACT,1.8,4,AS,X,9.8,7.3,8.7,32,200,6,1.342,0.45,22.99,Compact/Small,Regular Gasoline
VOLKSWAGEN,BEETLE CONVERTIBLE,SUBCOMPACT,2.0,4,AM,Z,10.3,8.2,9.4,30,216,6,1.256,0.5,22.98,Compact/Small,Premium Gasoline
VOLKSWAGEN,BEETLE CONVERTIBLE,SUBCOMPACT,2.0,4,M,Z,10.4,7.7,9.2,31,212,6,1.351,0.5,23.04,Compact/Small,Premium Gasoline
VOLKSWAGEN,CC,COMPACT,2.0,4,AM,Z,10.7,7.7,9.3,30,214,6,1.39,0.5,23.01,Compact/Small,Premium Gasoline
VOLKSWAGEN,CC,COMPACT,2.0,4,M,Z,11.4,7.4,9.6,29,221,6,1.541,0.5,23.02,Compact/Small,Premium Gasoline
VOLKSWAGEN,CC 4MOTION,COMPACT,3.6,6,AS,Z,13.9,9.3,11.8,24,271,6,1.495,0.6,22.97,Compact/Small,Premium Gasoline
VOLKSWAGEN,EOS,SUBCOMPACT,2.0,4,AM,Z,10.8,7.8,9.5,30,219,6,1.385,0.5,23.05,Compact/Small,Premium Gasoline
VOLKSWAGEN,GOLF,COMPACT,1.8,4,AS,X,9.3,6.5,8.1,35,186,6,1.431,0.45,22.96,Compact/Small,Regular Gasoline
VOLKSWAGEN,GOLF,COMPACT,1.8,4,M,X,9.3,6.4,8.0,35,184,5,1.453,0.45,23.0,Compact/Small,Regular Gasoline
VOLKSWAGEN,GOLF TDI (modified),COMPACT,2.0,4,AM,D,7.6,5.5,6.5,43,177,6,1.382,0.5,27.23,Compact/Small,Diesel
VOLKSWAGEN,GOLF TDI (modified),COMPACT,2.0,4,M,D,7.8,5.2,6.5,43,178,6,1.5,0.5,27.38,Compact/Small,Diesel
VOLKSWAGEN,GOLF GTI,COMPACT,2.0,4,AM,Z,9.5,7.2,8.5,33,196,6,1.319,0.5,23.06,Compact/Small,Premium Gasoline
VOLKSWAGEN,GOLF GTI,COMPACT,2.0,4,M,Z,9.4,6.9,8.3,34,191,6,1.362,0.5,23.01,Compact/Small,Premium Gasoline
VOLKSWAGEN,GOLF SPORTWAGON,STATION WAGON - SMALL,1.8,4,AS,X,9.4,6.8,8.2,34,193,6,1.382,0.45,23.54,Mid-size,Regular Gasoline
VOLKSWAGEN,GOLF SPORTWAGON,STATION WAGON - SMALL,1.8,4,M,X,9.5,6.6,8.2,34,189,5,1.439,0.45,23.05,Mid-size,Regular Gasoline
VOLKSWAGEN,GOLF SPORTWAGON TDI (modified),STATION WAGON - SMALL,2.0,4,AM,D,7.6,5.6,6.7,42,180,6,1.357,0.5,26.87,Mid-size,Diesel
VOLKSWAGEN,GOLF SPORTWAGON TDI (modified),STATION WAGON - SMALL,2.0,4,M,D,7.6,5.5,6.7,42,179,6,1.382,0.5,26.72,Mid-size,Diesel
VOLKSWAGEN,JETTA,COMPACT,1.8,4,AS,X,9.3,6.3,7.9,36,182,6,1.476,0.45,23.04,Compact/Small,Regular Gasoline
VOLKSWAGEN,JETTA,COMPACT,1.8,4,M,X,9.3,6.3,8.0,35,184,5,1.476,0.45,23.0,Compact/Small,Regular Gasoline
VOLKSWAGEN,JETTA,COMPACT,2.0,4,AS,X,10.4,7.0,8.9,32,205,6,1.486,0.5,23.03,Compact/Small,Regular Gasoline
VOLKSWAGEN,JETTA,COMPACT,2.0,4,M,X,9.5,6.9,8.4,34,193,5,1.377,0.5,22.98,Compact/Small,Regular Gasoline
VOLKSWAGEN,JETTA TDI (modified),COMPACT,2.0,4,AM,D,7.6,5.2,6.5,43,175,6,1.462,0.5,26.92,Compact/Small,Diesel
VOLKSWAGEN,JETTA TDI (modified),COMPACT,2.0,4,M,D,7.6,5.1,6.5,43,176,6,1.49,0.5,27.08,Compact/Small,Diesel
VOLKSWAGEN,JETTA GLI,COMPACT,2.0,4,AM,Z,10.0,7.3,8.8,32,202,6,1.37,0.5,22.95,Compact/Small,Premium Gasoline
VOLKSWAGEN,JETTA GLI,COMPACT,2.0,4,M,Z,10.3,7.2,8.9,32,205,6,1.431,0.5,23.03,Compact/Small,Premium Gasoline
VOLKSWAGEN,JETTA HYBRID,COMPACT,1.4,4,AM,Z,5.6,4.9,5.3,53,122,7,1.143,0.35,23.02,Compact/Small,Premium Gasoline
VOLKSWAGEN,PASSAT,MID-SIZE,1.8,4,AS,X,9.7,6.6,8.3,34,191,6,1.47,0.45,23.01,Mid-size,Regular Gasoline
VOLKSWAGEN,PASSAT,MID-SIZE,1.8,4,M,X,9.8,6.7,8.4,34,193,5,1.463,0.45,22.98,Mid-size,Regular Gasoline
VOLKSWAGEN,PASSAT TDI (modified),MID-SIZE,2.0,4,AM,D,7.8,5.6,6.9,41,185,6,1.393,0.5,26.81,Mid-size,Diesel
VOLKSWAGEN,PASSAT TDI (modified),MID-SIZE,2.0,4,M,D,7.8,5.3,6.7,42,182,6,1.472,0.5,27.16,Mid-size,Diesel
VOLKSWAGEN,PASSAT,MID-SIZE,3.6,6,AM,Z,11.9,8.5,10.4,27,239,6,1.4,0.6,22.98,Mid-size,Premium Gasoline
VOLKSWAGEN,TIGUAN,SUV - SMALL,2.0,4,AS,Z,11.5,9.3,10.5,27,242,6,1.237,0.5,23.05,SUV,Premium Gasoline
VOLKSWAGEN,TIGUAN,SUV - SMALL,2.0,4,M,Z,13.0,9.0,11.2,25,258,6,1.444,0.5,23.04,SUV,Premium Gasoline
VOLKSWAGEN,TIGUAN 4MOTION,SUV - SMALL,2.0,4,AS,Z,11.7,9.4,10.7,26,246,6,1.245,0.5,22.99,SUV,Premium Gasoline
VOLKSWAGEN,TOUAREG,SUV - STANDARD,3.6,6,AS,Z,14.1,10.4,12.4,23,292,8,1.356,0.6,23.55,SUV,Premium Gasoline
VOLVO,S60 POLESTAR AWD,COMPACT,3.0,6,AS,X,12.8,8.9,11.0,26,253,6,1.438,0.5,23.0,Compact/Small,Regular Gasoline
VOLVO,S60 T5 ,COMPACT,2.0,4,AS,X,9.8,6.6,8.4,34,193,8,1.485,0.5,22.98,Compact/Small,Regular Gasoline
VOLVO,S60 T5 AWD,COMPACT,2.5,5,AS,X,11.6,8.2,10.1,28,232,6,1.415,0.5,22.97,Compact/Small,Regular Gasoline
VOLVO,S60 T6   ,COMPACT,2.0,4,AS,Z,10.1,7.3,8.9,32,205,8,1.384,0.5,23.03,Compact/Small,Premium Gasoline
VOLVO,S60 T6 AWD,COMPACT,3.0,6,AS,X,12.9,9.0,11.2,25,258,6,1.433,0.5,23.04,Compact/Small,Regular Gasoline
VOLVO,S80 T5,MID-SIZE,2.0,4,AS,X,9.8,6.6,8.4,34,193,8,1.485,0.5,22.98,Mid-size,Regular Gasoline
VOLVO,S80 T6 AWD,MID-SIZE,3.0,6,AS,X,12.9,9.0,11.2,25,258,6,1.433,0.5,23.04,Mid-size,Regular Gasoline
VOLVO,V60 CC,SUV - SMALL,2.0,4,AS,X,9.8,7.6,8.8,32,202,8,1.289,0.5,22.95,SUV,Regular Gasoline
VOLVO,V60 CC AWD,SUV - SMALL,2.5,5,AS,X,11.8,8.5,10.3,27,237,6,1.388,0.5,23.01,SUV,Regular Gasoline
VOLVO,V60 POLESTAR AWD,STATION WAGON - SMALL,3.0,6,AS,X,12.8,8.9,11.0,26,253,6,1.438,0.5,23.0,Mid-size,Regular Gasoline
VOLVO,V60 T5,STATION WAGON - SMALL,2.0,4,AS,X,9.8,6.6,8.4,34,193,8,1.485,0.5,22.98,Mid-size,Regular Gasoline
VOLVO,V60 T5 AWD,STATION WAGON - SMALL,2.5,5,AS,X,11.6,8.2,10.1,28,232,6,1.415,0.5,22.97,Mid-size,Regular Gasoline
VOLVO,V60 T6 AWD,STATION WAGON - SMALL,3.0,6,AS,X,12.9,9.0,11.2,25,258,6,1.433,0.5,23.04,Mid-size,Regular Gasoline
VOLVO,XC60 3.2 AWD,SUV - SMALL,3.2,6,AS,X,13.1,9.5,11.5,25,264,6,1.379,0.533,22.96,SUV,Regular Gasoline
VOLVO,XC60 T5,SUV - SMALL,2.0,4,AS,X,9.8,7.6,8.8,32,202,8,1.289,0.5,22.95,SUV,Regular Gasoline
VOLVO,XC60 T5 AWD,SUV - SMALL,2.5,5,AS,X,13.0,9.4,11.4,25,262,6,1.383,0.5,22.98,SUV,Regular Gasoline
VOLVO,XC60 T6  ,SUV - SMALL,2.0,4,AS,Z,10.7,7.8,9.4,30,216,8,1.372,0.5,22.98,SUV,Premium Gasoline
VOLVO,XC60 T6 AWD,SUV - SMALL,3.0,6,AS,X,13.6,9.9,11.9,24,274,6,1.374,0.5,23.03,SUV,Regular Gasoline
VOLVO,XC70 3.2 AWD,SUV - SMALL,3.2,6,AS,X,13.1,9.1,11.3,25,260,6,1.44,0.533,23.01,SUV,Regular Gasoline
VOLVO,XC70 T5,SUV - SMALL,2.0,4,AS,X,9.8,7.6,8.8,32,202,8,1.289,0.5,22.95,SUV,Regular Gasoline
VOLVO,XC70 T6 AWD,SUV - SMALL,3.0,6,AS,X,13.6,9.9,11.9,24,274,6,1.374,0.5,23.03,SUV,Regular Gasoline
ACURA,ILX,COMPACT,2.4,4,AM,Z,9.3,6.6,8.1,35,189,8,1.409,0.6,23.33,Compact/Small,Premium Gasoline
ACURA,MDX SH-AWD,SUV - SMALL,3.5,6,AS,Z,12.7,9.1,11.1,25,254,9,1.396,0.583,22.88,SUV,Premium Gasoline
ACURA,MDX SH-AWD ELITE,SUV - SMALL,3.5,6,AS,Z,12.2,9.1,10.7,26,251,9,1.341,0.583,23.46,SUV,Premium Gasoline
ACURA,RDX AWD,SUV - SMALL,3.5,6,AS,Z,12.4,8.6,10.7,26,249,6,1.442,0.583,23.27,SUV,Premium Gasoline
ACURA,RLX,MID-SIZE,3.5,6,AS,Z,11.9,7.7,10.0,28,235,6,1.545,0.583,23.5,Mid-size,Premium Gasoline
ACURA,RLX HYBRID,MID-SIZE,3.5,6,AM,Z,8.0,7.5,7.7,37,180,7,1.067,0.583,23.38,Mid-size,Premium Gasoline
ACURA,TLX,COMPACT,2.4,4,AM,Z,9.6,6.6,8.3,34,196,8,1.455,0.6,23.61,Compact/Small,Premium Gasoline
ACURA,TLX SH-AWD,COMPACT,3.5,6,AS,Z,11.2,7.5,9.6,29,226,9,1.493,0.583,23.54,Compact/Small,Premium Gasoline
ALFA ROMEO,4C,TWO-SEATER,1.8,4,AM,Z,9.7,6.9,8.4,34,197,6,1.406,0.45,23.45,Compact/Small,Premium Gasoline
ASTON MARTIN,DB9 GT,MINICOMPACT,5.9,12,A,Z,18.0,12.6,15.6,18,365,6,1.429,0.492,23.4,Compact/Small,Premium Gasoline
ASTON MARTIN,RAPIDE S,SUBCOMPACT,6.0,12,A,Z,16.8,10.9,14.2,20,332,8,1.541,0.5,23.38,Compact/Small,Premium Gasoline
ASTON MARTIN,VANQUISH,MINICOMPACT,6.0,12,A,Z,17.6,11.4,14.8,19,346,8,1.544,0.5,23.38,Compact/Small,Premium Gasoline
ASTON MARTIN,V8 VANTAGE,TWO-SEATER,4.7,8,AM,Z,17.4,11.3,14.7,19,343,7,1.54,0.588,23.33,Compact/Small,Premium Gasoline
ASTON MARTIN,V8 VANTAGE,TWO-SEATER,4.7,8,M,Z,18.1,12.3,15.5,18,362,6,1.472,0.588,23.35,Compact/Small,Premium Gasoline
ASTON MARTIN,VANTAGE GT,TWO-SEATER,4.7,8,AM,Z,17.4,11.3,14.7,19,343,7,1.54,0.588,23.33,Compact/Small,Premium Gasoline
ASTON MARTIN,VANTAGE GT,TWO-SEATER,4.7,8,M,Z,18.1,12.3,15.5,18,362,6,1.472,0.588,23.35,Compact/Small,Premium Gasoline
ASTON MARTIN,V8 VANTAGE S,TWO-SEATER,4.7,8,AM,Z,17.4,11.3,14.7,19,343,7,1.54,0.588,23.33,Compact/Small,Premium Gasoline
ASTON MARTIN,V8 VANTAGE S,TWO-SEATER,4.7,8,M,Z,18.1,12.3,15.5,18,362,6,1.472,0.588,23.35,Compact/Small,Premium Gasoline
ASTON MARTIN,V12 VANTAGE S,TWO-SEATER,6.0,12,AM,Z,19.5,12.8,16.5,17,390,7,1.523,0.5,23.64,Compact/Small,Premium Gasoline
AUDI,A3,SUBCOMPACT,1.8,4,AM,X,10.0,7.1,8.7,32,204,6,1.408,0.45,23.45,Compact/Small,Regular Gasoline
AUDI,A3 QUATTRO,SUBCOMPACT,2.0,4,AM,X,9.8,7.2,8.6,33,201,6,1.361,0.5,23.37,Compact/Small,Regular Gasoline
AUDI,A3 CABRIOLET QUATTRO,SUBCOMPACT,2.0,4,AM,X,10.1,7.5,8.9,32,208,6,1.347,0.5,23.37,Compact/Small,Regular Gasoline
AUDI,A4,COMPACT,2.0,4,AV,Z,9.9,7.6,8.9,32,212,8,1.303,0.5,23.82,Compact/Small,Premium Gasoline
AUDI,A4 QUATTRO,COMPACT,2.0,4,AS,Z,11.0,7.8,9.6,29,224,8,1.41,0.5,23.33,Compact/Small,Premium Gasoline
AUDI,A4 QUATTRO,COMPACT,2.0,4,M,Z,10.6,7.3,9.1,31,214,6,1.452,0.5,23.52,Compact/Small,Premium Gasoline
AUDI,A4 ALLROAD QUATTRO,STATION WAGON - SMALL,2.0,4,AS,Z,11.2,8.4,9.9,29,232,8,1.333,0.5,23.43,Mid-size,Premium Gasoline
AUDI,A5 QUATTRO,SUBCOMPACT,2.0,4,AS,Z,11.0,7.8,9.6,29,224,8,1.41,0.5,23.33,Compact/Small,Premium Gasoline
AUDI,A5 QUATTRO,SUBCOMPACT,2.0,4,M,Z,10.6,7.3,9.1,31,214,6,1.452,0.5,23.52,Compact/Small,Premium Gasoline
AUDI,A5 CABRIOLET QUATTRO,SUBCOMPACT,2.0,4,AS,Z,11.3,8.0,9.8,29,230,8,1.412,0.5,23.47,Compact/Small,Premium Gasoline
AUDI,A6 QUATTRO,MID-SIZE,2.0,4,AS,Z,10.8,7.3,9.2,31,211,8,1.479,0.5,22.93,Mid-size,Premium Gasoline
AUDI,A6 QUATTRO,MID-SIZE,3.0,6,AS,Z,11.6,7.9,9.9,29,232,8,1.468,0.5,23.43,Mid-size,Premium Gasoline
AUDI,A6 QUATTRO TDI (modified),MID-SIZE,3.0,6,AS,D,9.4,6.2,7.8,36,213,8,1.516,0.5,27.31,Mid-size,Diesel
AUDI,A7 QUATTRO,MID-SIZE,3.0,6,AS,Z,11.6,7.9,9.9,29,232,8,1.468,0.5,23.43,Mid-size,Premium Gasoline
AUDI,A7 QUATTRO TDI (modified),MID-SIZE,3.0,6,AS,D,9.4,6.2,7.8,36,213,8,1.516,0.5,27.31,Mid-size,Diesel
AUDI,A8 QUATTRO,MID-SIZE,3.0,6,AS,Z,12.6,8.0,10.5,27,247,8,1.575,0.5,23.52,Mid-size,Premium Gasoline
AUDI,A8 QUATTRO,MID-SIZE,4.0,8,AS,Z,12.9,8.0,10.7,26,249,8,1.612,0.5,23.27,Mid-size,Premium Gasoline
AUDI,A8 QUATTRO TDI (modified),MID-SIZE,3.0,6,AS,D,9.8,6.5,8.4,34,224,8,1.508,0.5,26.67,Mid-size,Diesel
AUDI,A8L QUATTRO,FULL-SIZE,4.0,8,AS,Z,13.1,8.3,10.9,26,255,8,1.578,0.5,23.39,Mid-size,Premium Gasoline
AUDI,A8L QUATTRO,FULL-SIZE,6.3,12,AS,Z,17.8,10.8,14.6,19,344,8,1.648,0.525,23.56,Mid-size,Premium Gasoline
AUDI,Q3,COMPACT,2.0,4,AS,Z,12.0,8.2,10.3,27,242,6,1.463,0.5,23.5,Compact/Small,Premium Gasoline
AUDI,Q3 QUATTRO,COMPACT,2.0,4,AS,Z,11.9,8.4,10.3,27,240,6,1.417,0.5,23.3,Compact/Small,Premium Gasoline
AUDI,Q5 QUATTRO,SUV - SMALL,2.0,4,AS,Z,12.0,8.5,10.4,27,244,8,1.412,0.5,23.46,SUV,Premium Gasoline
AUDI,Q5 QUATTRO,SUV - SMALL,3.0,6,AS,Z,13.2,9.2,11.4,25,267,8,1.435,0.5,23.42,SUV,Premium Gasoline
AUDI,Q5 QUATTRO TDI (modified),SUV - SMALL,3.0,6,AS,D,10.2,7.8,9.0,31,244,8,1.308,0.5,27.11,SUV,Diesel
AUDI,Q5 HYBRID QUATTRO,SUV - SMALL,2.0,4,AS,Z,9.8,7.9,8.9,32,209,8,1.241,0.5,23.48,SUV,Premium Gasoline
AUDI,RS 7 QUATTRO,MID-SIZE,4.0,8,AS,Z,16.6,9.4,13.3,21,313,8,1.766,0.5,23.53,Mid-size,Premium Gasoline
AUDI,S3 QUATTRO,SUBCOMPACT,2.0,4,AM,Z,10.1,7.7,9.0,31,211,6,1.312,0.5,23.44,Compact/Small,Premium Gasoline
AUDI,S4 QUATTRO,COMPACT,3.0,6,AM,Z,13.0,8.5,11.0,26,257,7,1.529,0.5,23.36,Compact/Small,Premium Gasoline
AUDI,S4 QUATTRO,COMPACT,3.0,6,M,Z,13.8,9.0,11.7,24,273,6,1.533,0.5,23.33,Compact/Small,Premium Gasoline
AUDI,S5 QUATTRO,SUBCOMPACT,3.0,6,AM,Z,13.0,8.5,11.0,26,257,7,1.529,0.5,23.36,Compact/Small,Premium Gasoline
AUDI,S5 QUATTRO,SUBCOMPACT,3.0,6,M,Z,13.8,9.0,11.7,24,273,6,1.533,0.5,23.33,Compact/Small,Premium Gasoline
AUDI,S5 CABRIOLET QUATTRO,SUBCOMPACT,3.0,6,AM,Z,13.3,9.1,11.4,25,266,7,1.462,0.5,23.33,Compact/Small,Premium Gasoline
AUDI,S6 QUATTRO,MID-SIZE,4.0,8,AM,Z,13.3,8.8,11.3,25,263,7,1.511,0.5,23.27,Mid-size,Premium Gasoline
AUDI,S7 QUATTRO,MID-SIZE,4.0,8,AM,Z,13.4,8.8,11.4,25,265,7,1.523,0.5,23.25,Mid-size,Premium Gasoline
AUDI,S8 QUATTRO,MID-SIZE,4.0,8,AS,Z,15.7,9.4,12.8,22,300,8,1.67,0.5,23.44,Mid-size,Premium Gasoline
AUDI,SQ5 QUATTRO,SUV - SMALL,3.0,6,AS,Z,14.1,9.9,12.2,23,285,8,1.424,0.5,23.36,SUV,Premium Gasoline
AUDI,TT COUPE QUATTRO,SUBCOMPACT,2.0,4,AM,X,10.1,7.8,9.1,31,209,6,1.295,0.5,22.97,Compact/Small,Regular Gasoline
AUDI,TT ROADSTER QUATTRO,TWO-SEATER,2.0,4,AM,X,10.1,7.8,9.1,31,209,6,1.295,0.5,22.97,Compact/Small,Regular Gasoline
AUDI,TTS COUPE QUATTRO,SUBCOMPACT,2.0,4,AM,Z,10.3,8.6,9.5,30,222,6,1.198,0.5,23.37,Compact/Small,Premium Gasoline
BENTLEY,CONTINENTAL GT,COMPACT,6.0,12,AS,Z,18.9,11.2,15.4,18,360,8,1.688,0.5,23.38,Compact/Small,Premium Gasoline
BENTLEY,CONTINENTAL GT CONVERTIBLE,SUBCOMPACT,6.0,12,AS,Z,19.6,11.7,16.0,18,375,8,1.675,0.5,23.44,Compact/Small,Premium Gasoline
BENTLEY,MULSANNE,MID-SIZE,6.8,8,AS,Z,21.0,13.1,17.5,16,408,8,1.603,0.85,23.31,Mid-size,Premium Gasoline
BMW,228i,SUBCOMPACT,2.0,4,AS,Z,9.9,6.5,8.4,34,197,8,1.523,0.5,23.45,Compact/Small,Premium Gasoline
BMW,228i,SUBCOMPACT,2.0,4,M,Z,10.7,7.0,9.0,31,211,6,1.529,0.5,23.44,Compact/Small,Premium Gasoline
BMW,228i xDRIVE,SUBCOMPACT,2.0,4,AS,Z,10.4,6.8,8.8,32,207,8,1.529,0.5,23.52,Compact/Small,Premium Gasoline
BMW,228i xDRIVE CABRIOLET,SUBCOMPACT,2.0,4,AS,Z,10.5,6.9,8.9,32,209,8,1.522,0.5,23.48,Compact/Small,Premium Gasoline
BMW,320i,COMPACT,2.0,4,AS,Z,9.9,6.5,8.4,34,197,8,1.523,0.5,23.45,Compact/Small,Premium Gasoline
BMW,320i,COMPACT,2.0,4,M,Z,10.7,7.0,9.0,31,211,6,1.529,0.5,23.44,Compact/Small,Premium Gasoline
BMW,320i xDRIVE,COMPACT,2.0,4,AS,Z,10.4,6.8,8.8,32,207,8,1.529,0.5,23.52,Compact/Small,Premium Gasoline
BMW,328d xDRIVE,COMPACT,2.0,4,AS,D,7.7,5.7,6.8,42,183,8,1.351,0.5,26.91,Compact/Small,Diesel
BMW,328d xDRIVE TOURING,STATION WAGON - SMALL,2.0,4,AS,D,7.7,5.7,6.8,42,183,8,1.351,0.5,26.91,Mid-size,Diesel
BMW,328i xDRIVE,COMPACT,2.0,4,AS,Z,10.5,6.9,8.9,32,209,8,1.522,0.5,23.48,Compact/Small,Premium Gasoline
BMW,328i xDRIVE GRAN TURISMO,FULL-SIZE,2.0,4,AS,Z,10.5,6.9,8.9,32,209,8,1.522,0.5,23.48,Mid-size,Premium Gasoline
BMW,328i xDRIVE TOURING,STATION WAGON - SMALL,2.0,4,AS,Z,10.5,6.9,8.9,32,209,8,1.522,0.5,23.48,Mid-size,Premium Gasoline
BMW,335i xDRIVE GRAN TURISMO,FULL-SIZE,3.0,6,AS,Z,12.0,7.9,10.2,28,238,8,1.519,0.5,23.33,Mid-size,Premium Gasoline
BMW,340i,COMPACT,3.0,6,AS,Z,10.9,7.2,9.3,30,217,8,1.514,0.5,23.33,Compact/Small,Premium Gasoline
BMW,340i,COMPACT,3.0,6,M,Z,11.6,7.8,9.9,29,231,6,1.487,0.5,23.33,Compact/Small,Premium Gasoline
BMW,340i xDRIVE,COMPACT,3.0,6,AS,Z,10.9,7.3,9.3,30,216,8,1.493,0.5,23.23,Compact/Small,Premium Gasoline
BMW,340i xDRIVE,COMPACT,3.0,6,M,Z,11.9,8.3,10.3,27,241,6,1.434,0.5,23.4,Compact/Small,Premium Gasoline
BMW,428i CABRIOLET,SUBCOMPACT,2.0,4,AS,Z,10.8,6.7,8.9,32,211,8,1.612,0.5,23.71,Compact/Small,Premium Gasoline
BMW,428i COUPE,COMPACT,2.0,4,AS,Z,9.9,6.5,8.4,34,197,8,1.523,0.5,23.45,Compact/Small,Premium Gasoline
BMW,428i COUPE,COMPACT,2.0,4,M,Z,10.7,7.0,9.0,31,211,6,1.529,0.5,23.44,Compact/Small,Premium Gasoline
BMW,428i GRAN COUPE,COMPACT,2.0,4,AS,Z,10.8,6.7,8.9,32,211,8,1.612,0.5,23.71,Compact/Small,Premium Gasoline
BMW,428i GRAN COUPE,COMPACT,2.0,4,M,Z,10.9,6.8,9.0,31,210,6,1.603,0.5,23.33,Compact/Small,Premium Gasoline
BMW,428i xDRIVE CABRIOLET,SUBCOMPACT,2.0,4,AS,Z,11.3,7.1,9.4,30,221,8,1.592,0.5,23.51,Compact/Small,Premium Gasoline
BMW,428i xDRIVE COUPE,COMPACT,2.0,4,AS,Z,10.5,6.9,8.9,32,209,8,1.522,0.5,23.48,Compact/Small,Premium Gasoline
BMW,428i xDRIVE GRAN COUPE,COMPACT,2.0,4,AS,Z,10.5,6.9,8.9,32,209,8,1.522,0.5,23.48,Compact/Small,Premium Gasoline
BMW,435i CABRIOLET,SUBCOMPACT,3.0,6,AS,Z,11.8,7.6,9.9,29,232,8,1.553,0.5,23.43,Compact/Small,Premium Gasoline
BMW,435i COUPE,COMPACT,3.0,6,AS,Z,11.6,7.7,9.9,29,232,8,1.506,0.5,23.43,Compact/Small,Premium Gasoline
BMW,435i COUPE,COMPACT,3.0,6,M,Z,12.1,8.4,10.5,27,246,6,1.44,0.5,23.43,Compact/Small,Premium Gasoline
BMW,435i xDRIVE CABRIOLET,SUBCOMPACT,3.0,6,AS,Z,11.9,8.1,10.2,28,238,8,1.469,0.5,23.33,Compact/Small,Premium Gasoline
BMW,435i xDRIVE COUPE,COMPACT,3.0,6,AS,Z,12.0,7.9,10.2,28,238,8,1.519,0.5,23.33,Compact/Small,Premium Gasoline
BMW,435i xDRIVE COUPE,COMPACT,3.0,6,M,Z,12.3,8.4,10.5,27,247,6,1.464,0.5,23.52,Compact/Small,Premium Gasoline
BMW,435i xDRIVE GRAN COUPE,COMPACT,3.0,6,AS,Z,12.0,7.9,10.2,28,238,8,1.519,0.5,23.33,Compact/Small,Premium Gasoline
BMW,528i xDRIVE,MID-SIZE,2.0,4,AS,Z,10.5,6.9,8.9,32,209,8,1.522,0.5,23.48,Mid-size,Premium Gasoline
BMW,535d xDRIVE,MID-SIZE,3.0,6,AS,D,9.2,6.3,7.9,36,212,8,1.46,0.5,26.84,Mid-size,Diesel
BMW,535i xDRIVE,MID-SIZE,3.0,6,AS,Z,11.9,8.1,10.2,28,238,8,1.469,0.5,23.33,Mid-size,Premium Gasoline
BMW,535i xDRIVE GRAN TURISMO,FULL-SIZE,3.0,6,AS,Z,13.0,9.1,11.2,25,263,8,1.429,0.5,23.48,Mid-size,Premium Gasoline
BMW,550i xDRIVE,MID-SIZE,4.4,8,AS,Z,14.4,9.6,12.3,23,288,8,1.5,0.55,23.41,Mid-size,Premium Gasoline
BMW,550i xDRIVE GRAN TURISMO,FULL-SIZE,4.4,8,AS,Z,14.3,9.3,12.1,23,283,8,1.538,0.55,23.39,Mid-size,Premium Gasoline
BMW,640i xDRIVE CABRIOLET,SUBCOMPACT,3.0,6,AS,Z,11.9,8.1,10.2,28,238,8,1.469,0.5,23.33,Compact/Small,Premium Gasoline
BMW,640i xDRIVE GRAN COUPE,COMPACT,3.0,6,AS,Z,11.9,8.1,10.2,28,238,8,1.469,0.5,23.33,Compact/Small,Premium Gasoline
BMW,650i xDRIVE CABRIOLET,SUBCOMPACT,4.4,8,AS,Z,14.3,9.3,12.1,23,283,8,1.538,0.55,23.39,Compact/Small,Premium Gasoline
BMW,650i xDRIVE COUPE,COMPACT,4.4,8,AS,Z,14.4,9.6,12.3,23,288,8,1.5,0.55,23.41,Compact/Small,Premium Gasoline
BMW,650i xDRIVE GRAN COUPE,COMPACT,4.4,8,AS,Z,14.3,9.3,12.1,23,283,8,1.538,0.55,23.39,Compact/Small,Premium Gasoline
BMW,750i xDRIVE,FULL-SIZE,4.4,8,AS,Z,14.3,9.3,12.1,23,283,8,1.538,0.55,23.39,Mid-size,Premium Gasoline
BMW,750Li xDRIVE,FULL-SIZE,4.4,8,AS,Z,14.3,9.3,12.1,23,283,8,1.538,0.55,23.39,Mid-size,Premium Gasoline
BMW,ACTIVEHYBRID 5,MID-SIZE,3.0,6,AS,Z,10.6,7.9,9.4,30,219,8,1.342,0.5,23.3,Mid-size,Premium Gasoline
BMW,ALPINA B6 xDRIVE GRAN COUPE,COMPACT,4.4,8,AS,Z,14.3,9.3,12.1,23,283,8,1.538,0.55,23.39,Compact/Small,Premium Gasoline
BMW,M2,SUBCOMPACT,3.0,6,AM,Z,11.8,8.8,10.4,27,244,7,1.341,0.5,23.46,Compact/Small,Premium Gasoline
BMW,M2,SUBCOMPACT,3.0,6,M,Z,12.7,9.2,11.1,25,260,6,1.38,0.5,23.42,Compact/Small,Premium Gasoline
BMW,M235i,SUBCOMPACT,3.0,6,AS,Z,11.6,7.7,9.9,29,232,8,1.506,0.5,23.43,Compact/Small,Premium Gasoline
BMW,M235i,SUBCOMPACT,3.0,6,M,Z,11.9,8.6,10.4,27,245,6,1.384,0.5,23.56,Compact/Small,Premium Gasoline
BMW,M235i CABRIOLET,SUBCOMPACT,3.0,6,AS,Z,11.6,7.7,9.9,29,232,8,1.506,0.5,23.43,Compact/Small,Premium Gasoline
BMW,M235i CABRIOLET,SUBCOMPACT,3.0,6,M,Z,12.1,8.4,10.5,27,246,6,1.44,0.5,23.43,Compact/Small,Premium Gasoline
BMW,M235i xDRIVE,SUBCOMPACT,3.0,6,AS,Z,12.0,7.9,10.2,28,238,8,1.519,0.5,23.33,Compact/Small,Premium Gasoline
BMW,M235i xDRIVE CABRIOLET,SUBCOMPACT,3.0,6,AS,Z,12.0,7.9,10.2,28,238,8,1.519,0.5,23.33,Compact/Small,Premium Gasoline
BMW,M3,COMPACT,3.0,6,AM,Z,14.1,9.7,12.1,23,284,7,1.454,0.5,23.47,Compact/Small,Premium Gasoline
BMW,M3,COMPACT,3.0,6,M,Z,13.7,9.0,11.6,24,271,6,1.522,0.5,23.36,Compact/Small,Premium Gasoline
BMW,M4 CABRIOLET,SUBCOMPACT,3.0,6,AM,Z,14.2,9.6,12.1,23,282,7,1.479,0.5,23.31,Compact/Small,Premium Gasoline
BMW,M4 CABRIOLET,SUBCOMPACT,3.0,6,M,Z,14.1,9.0,11.8,24,278,6,1.567,0.5,23.56,Compact/Small,Premium Gasoline
BMW,M4 COUPE,COMPACT,3.0,6,AM,Z,14.1,9.7,12.1,23,284,7,1.454,0.5,23.47,Compact/Small,Premium Gasoline
BMW,M4 COUPE,COMPACT,3.0,6,M,Z,13.7,9.0,11.6,24,271,6,1.522,0.5,23.36,Compact/Small,Premium Gasoline
BMW,M5,MID-SIZE,4.4,8,AM,Z,17.3,11.5,14.7,19,344,7,1.504,0.55,23.4,Mid-size,Premium Gasoline
BMW,M5,MID-SIZE,4.4,8,M,Z,16.1,10.9,13.7,21,321,6,1.477,0.55,23.43,Mid-size,Premium Gasoline
BMW,M6,COMPACT,4.4,8,AM,Z,17.3,11.5,14.7,19,344,7,1.504,0.55,23.4,Compact/Small,Premium Gasoline
BMW,M6,COMPACT,4.4,8,M,Z,16.1,10.9,13.7,21,321,6,1.477,0.55,23.43,Compact/Small,Premium Gasoline
BMW,M6 CABRIOLET,SUBCOMPACT,4.4,8,AM,Z,17.3,11.5,14.7,19,344,7,1.504,0.55,23.4,Compact/Small,Premium Gasoline
BMW,M6 CABRIOLET,SUBCOMPACT,4.4,8,M,Z,16.1,10.9,13.7,21,321,6,1.477,0.55,23.43,Compact/Small,Premium Gasoline
BMW,M6 GRAN COUPE,COMPACT,4.4,8,AM,Z,17.3,11.5,14.7,19,344,7,1.504,0.55,23.4,Compact/Small,Premium Gasoline
BMW,M6 GRAN COUPE,COMPACT,4.4,8,M,Z,16.1,10.9,13.7,21,321,6,1.477,0.55,23.43,Compact/Small,Premium Gasoline
BMW,X1 xDRIVE28i,SUV - SMALL,2.0,4,AS,Z,10.7,7.4,9.2,31,215,8,1.446,0.5,23.37,SUV,Premium Gasoline
BMW,X3 xDRIVE28d,SUV - SMALL,2.0,4,AS,D,8.6,6.9,7.9,36,211,8,1.246,0.5,26.71,SUV,Diesel
BMW,X3 xDRIVE28i,SUV - SMALL,2.0,4,AS,Z,11.1,8.4,9.9,29,231,8,1.321,0.5,23.33,SUV,Premium Gasoline
BMW,X3 xDRIVE35i,SUV - SMALL,3.0,6,AS,Z,12.7,8.8,10.9,26,257,8,1.443,0.5,23.58,SUV,Premium Gasoline
BMW,X4 M40i,SUV - SMALL,3.0,6,AS,Z,12.8,9.5,11.3,25,264,8,1.347,0.5,23.36,SUV,Premium Gasoline
BMW,X4 xDRIVE28i,SUV - SMALL,2.0,4,AS,Z,11.7,8.4,10.2,28,238,8,1.393,0.5,23.33,SUV,Premium Gasoline
BMW,X4 xDRIVE35i,SUV - SMALL,3.0,6,AS,Z,12.7,8.8,10.9,26,257,8,1.443,0.5,23.58,SUV,Premium Gasoline
BMW,X5 M,SUV - STANDARD,4.4,8,AS,Z,16.6,12.1,14.6,19,343,8,1.372,0.55,23.49,SUV,Premium Gasoline
BMW,X5 xDRIVE35d,SUV - STANDARD,3.0,6,AS,D,10.0,7.6,8.9,32,233,8,1.316,0.5,26.18,SUV,Diesel
BMW,X5 xDRIVE35i,SUV - STANDARD,3.0,6,AS,Z,13.0,9.7,11.5,25,269,8,1.34,0.5,23.39,SUV,Premium Gasoline
BMW,X5 xDRIVE50i,SUV - STANDARD,4.4,8,AS,Z,15.7,11.4,13.8,20,322,8,1.377,0.55,23.33,SUV,Premium Gasoline
BMW,X6 M,SUV - STANDARD,4.4,8,AS,Z,16.6,12.1,14.6,19,343,8,1.372,0.55,23.49,SUV,Premium Gasoline
BMW,X6 xDRIVE35i,SUV - STANDARD,3.0,6,AS,Z,13.0,9.7,11.5,25,269,8,1.34,0.5,23.39,SUV,Premium Gasoline
BMW,X6 xDRIVE50i,SUV - STANDARD,4.4,8,AS,Z,15.7,11.4,13.8,20,322,8,1.377,0.55,23.33,SUV,Premium Gasoline
BMW,Z4 sDRIVE28i,TWO-SEATER,2.0,4,AS,Z,10.7,7.1,9.1,31,212,8,1.507,0.5,23.3,Compact/Small,Premium Gasoline
BMW,Z4 sDRIVE28i,TWO-SEATER,2.0,4,M,Z,10.7,7.0,9.0,31,211,6,1.529,0.5,23.44,Compact/Small,Premium Gasoline
BMW,Z4 sDRIVE35i,TWO-SEATER,3.0,6,AM,Z,13.7,10.0,12.1,23,282,7,1.37,0.5,23.31,Compact/Small,Premium Gasoline
BMW,Z4 sDRIVE35is,TWO-SEATER,3.0,6,AM,Z,13.7,10.0,12.1,23,282,7,1.37,0.5,23.31,Compact/Small,Premium Gasoline
BUICK,ENCLAVE,SUV - STANDARD,3.6,6,A,X,15.8,10.6,13.4,21,315,6,1.491,0.6,23.51,SUV,Regular Gasoline
BUICK,ENCLAVE AWD,SUV - STANDARD,3.6,6,A,X,16.1,10.8,13.7,21,323,6,1.491,0.6,23.58,SUV,Regular Gasoline
BUICK,ENCORE,SUV - SMALL,1.4,4,AS,X,9.5,7.2,8.5,33,199,6,1.319,0.35,23.41,SUV,Regular Gasoline
BUICK,ENCORE AWD,SUV - SMALL,1.4,4,AS,X,10.2,8.0,9.2,31,215,6,1.275,0.35,23.37,SUV,Regular Gasoline
BUICK,ENCORE SPORT TOURING,SUV - SMALL,1.4,4,AS,X,8.5,6.9,7.8,36,182,6,1.232,0.35,23.33,SUV,Regular Gasoline
BUICK,ENCORE SPORT TOURING AWD,SUV - SMALL,1.4,4,AS,X,8.9,7.4,8.2,34,192,6,1.203,0.35,23.41,SUV,Regular Gasoline
BUICK,ENVISION AWD,SUV - SMALL,2.0,4,A,Z,11.8,9.1,10.6,27,248,6,1.297,0.5,23.4,SUV,Premium Gasoline
BUICK,LACROSSE FFV,MID-SIZE,3.6,6,AS,X,13.7,8.6,11.4,25,268,6,1.593,0.6,23.51,Mid-size,Regular Gasoline
BUICK,LACROSSE FFV,MID-SIZE,3.6,6,AS,E,18.7,12.4,15.8,18,260,6,1.508,0.6,16.46,Mid-size,Ethanol (E85)
BUICK,LACROSSE eASSIST,MID-SIZE,2.4,4,AS,X,9.6,6.5,8.2,34,193,6,1.477,0.6,23.54,Mid-size,Regular Gasoline
BUICK,LACROSSE AWD FFV,MID-SIZE,3.6,6,AS,X,13.8,9.0,11.7,24,274,6,1.533,0.6,23.42,Mid-size,Regular Gasoline
BUICK,LACROSSE AWD FFV,MID-SIZE,3.6,6,AS,E,18.5,12.5,15.8,18,263,6,1.48,0.6,16.65,Mid-size,Ethanol (E85)
BUICK,REGAL,MID-SIZE,2.0,4,AS,Z,11.4,7.9,9.8,29,231,6,1.443,0.5,23.57,Mid-size,Premium Gasoline
BUICK,REGAL,MID-SIZE,2.0,4,M,Z,11.6,7.6,9.8,29,230,6,1.526,0.5,23.47,Mid-size,Premium Gasoline
BUICK,REGAL eASSIST,MID-SIZE,2.4,4,AS,X,9.6,6.5,8.2,34,193,6,1.477,0.6,23.54,Mid-size,Regular Gasoline
BUICK,REGAL AWD,MID-SIZE,2.0,4,AS,Z,12.4,8.7,10.7,26,252,6,1.425,0.5,23.55,Mid-size,Premium Gasoline
BUICK,VERANO,COMPACT,2.0,4,AS,Z,11.4,7.9,9.8,29,231,6,1.443,0.5,23.57,Compact/Small,Premium Gasoline
BUICK,VERANO,COMPACT,2.0,4,M,Z,11.6,7.6,9.8,29,230,6,1.526,0.5,23.47,Compact/Small,Premium Gasoline
BUICK,VERANO,COMPACT,2.4,4,AS,X,11.3,7.4,9.6,29,224,6,1.527,0.6,23.33,Compact/Small,Regular Gasoline
CADILLAC,ATS,COMPACT,2.0,4,AS,Z,10.5,7.6,9.2,31,215,8,1.382,0.5,23.37,Compact/Small,Premium Gasoline
CADILLAC,ATS,COMPACT,2.0,4,M,Z,12.0,8.1,10.3,27,240,6,1.481,0.5,23.3,Compact/Small,Premium Gasoline
CADILLAC,ATS,COMPACT,2.5,4,AS,X,10.6,7.3,9.1,31,214,8,1.452,0.625,23.52,Compact/Small,Regular Gasoline
CADILLAC,ATS,COMPACT,3.6,6,AS,X,11.6,7.9,9.9,29,233,8,1.468,0.6,23.54,Compact/Small,Regular Gasoline
CADILLAC,ATS AWD,COMPACT,2.0,4,AS,Z,10.8,7.8,9.4,30,221,8,1.385,0.5,23.51,Compact/Small,Premium Gasoline
CADILLAC,ATS AWD,COMPACT,3.6,6,AS,X,12.2,8.5,10.5,27,247,8,1.435,0.6,23.52,Compact/Small,Regular Gasoline
CADILLAC,ATS-V,COMPACT,3.6,6,AS,Z,14.7,9.8,12.5,23,293,8,1.5,0.6,23.44,Compact/Small,Premium Gasoline
CADILLAC,ATS-V,COMPACT,3.6,6,M,Z,14.2,10.2,12.4,23,289,6,1.392,0.6,23.31,Compact/Small,Premium Gasoline
CADILLAC,CT6,FULL-SIZE,2.0,4,AS,Z,11.0,7.6,9.5,30,222,8,1.447,0.5,23.37,Mid-size,Premium Gasoline
CADILLAC,CT6 AWD,FULL-SIZE,3.0,6,AS,Z,13.0,9.0,11.2,25,263,8,1.444,0.5,23.48,Mid-size,Premium Gasoline
CADILLAC,CT6 AWD,FULL-SIZE,3.6,6,AS,X,12.8,8.7,11.0,26,257,8,1.471,0.6,23.36,Mid-size,Regular Gasoline
CADILLAC,CTS,MID-SIZE,2.0,4,AS,Z,11.0,7.6,9.5,30,221,8,1.447,0.5,23.26,Mid-size,Premium Gasoline
CADILLAC,CTS,MID-SIZE,3.6,6,AS,X,11.6,7.9,9.9,29,233,8,1.468,0.6,23.54,Mid-size,Regular Gasoline
CADILLAC,CTS AWD,MID-SIZE,2.0,4,AS,Z,11.2,8.1,9.8,29,229,8,1.383,0.5,23.37,Mid-size,Premium Gasoline
CADILLAC,CTS AWD,MID-SIZE,3.6,6,AS,X,12.2,8.5,10.5,27,247,8,1.435,0.6,23.52,Mid-size,Regular Gasoline
CADILLAC,CTS Vsport,MID-SIZE,3.6,6,AS,Z,14.7,9.8,12.5,23,293,8,1.5,0.6,23.44,Mid-size,Premium Gasoline
CADILLAC,CTS-V,MID-SIZE,6.2,8,AS,Z,16.6,11.1,14.1,20,332,8,1.495,0.775,23.55,Mid-size,Premium Gasoline
CADILLAC,ESCALADE 4WD,SUV - STANDARD,6.2,8,A,Z,16.0,11.2,13.9,20,325,8,1.429,0.775,23.38,SUV,Premium Gasoline
CADILLAC,SRX,SUV - STANDARD,3.6,6,AS,X,14.2,9.8,12.3,23,287,6,1.449,0.6,23.33,SUV,Regular Gasoline
CADILLAC,SRX AWD,SUV - STANDARD,3.6,6,AS,X,14.8,10.4,12.8,22,300,6,1.423,0.6,23.44,SUV,Regular Gasoline
CADILLAC,XTS,FULL-SIZE,3.6,6,AS,X,13.6,8.6,11.3,25,263,6,1.581,0.6,23.27,Mid-size,Regular Gasoline
CADILLAC,XTS AWD,FULL-SIZE,3.6,6,AS,X,13.9,8.9,11.6,24,273,6,1.562,0.6,23.53,Mid-size,Regular Gasoline
CADILLAC,XTS Vsport AWD,FULL-SIZE,3.6,6,AS,Z,15.0,10.2,12.8,22,302,6,1.471,0.6,23.59,Mid-size,Premium Gasoline
CHEVROLET,CAMARO,COMPACT,2.0,4,AS,Z,10.9,7.5,9.3,30,218,8,1.453,0.5,23.44,Compact/Small,Premium Gasoline
CHEVROLET,CAMARO,COMPACT,2.0,4,M,Z,11.4,7.9,9.8,29,229,6,1.443,0.5,23.37,Compact/Small,Premium Gasoline
CHEVROLET,CAMARO,COMPACT,3.6,6,AS,X,12.3,8.5,10.6,27,248,8,1.447,0.6,23.4,Compact/Small,Regular Gasoline
CHEVROLET,CAMARO,COMPACT,3.6,6,M,X,13.2,8.7,11.2,25,261,6,1.517,0.6,23.3,Compact/Small,Regular Gasoline
CHEVROLET,CAMARO SS,COMPACT,6.2,8,AS,Z,14.2,8.4,11.6,24,272,8,1.69,0.775,23.45,Compact/Small,Premium Gasoline
CHEVROLET,CAMARO SS,COMPACT,6.2,8,M,Z,14.3,9.4,12.1,23,284,6,1.521,0.775,23.47,Compact/Small,Premium Gasoline
CHEVROLET,CITY EXPRESS,SPECIAL PURPOSE VEHICLE,2.0,4,AV,X,9.7,9.0,9.4,30,220,,1.078,0.5,23.4,Other,Regular Gasoline
CHEVROLET,COLORADO,PICKUP TRUCK - SMALL,2.5,4,A,X,11.9,8.9,10.5,27,247,6,1.337,0.625,23.52,Truck/Van,Regular Gasoline
CHEVROLET,COLORADO,PICKUP TRUCK - SMALL,2.5,4,M,X,12.2,9.1,10.8,26,253,6,1.341,0.625,23.43,Truck/Van,Regular Gasoline
CHEVROLET,COLORADO,PICKUP TRUCK - SMALL,2.8,4,A,D,10.8,7.7,9.4,30,252,6,1.403,0.7,26.81,Truck/Van,Diesel
CHEVROLET,COLORADO,PICKUP TRUCK - SMALL,3.6,6,A,X,13.0,9.2,11.3,25,265,6,1.413,0.6,23.45,Truck/Van,Regular Gasoline
CHEVROLET,COLORADO 4WD,PICKUP TRUCK - SMALL,2.5,4,A,X,12.7,9.6,11.3,25,265,6,1.323,0.625,23.45,Truck/Van,Regular Gasoline
CHEVROLET,COLORADO 4WD,PICKUP TRUCK - SMALL,2.8,4,A,D,12.0,8.2,10.3,27,277,6,1.463,0.7,26.89,Truck/Van,Diesel
CHEVROLET,COLORADO 4WD,PICKUP TRUCK - SMALL,3.6,6,A,X,13.6,9.9,11.9,24,279,6,1.374,0.6,23.45,Truck/Van,Regular Gasoline
CHEVROLET,CORVETTE,TWO-SEATER,6.2,8,AS,Z,14.6,8.1,11.7,24,275,8,1.802,0.775,23.5,Compact/Small,Premium Gasoline
CHEVROLET,CORVETTE,TWO-SEATER,6.2,8,M,Z,13.7,8.2,11.2,25,263,7,1.671,0.775,23.48,Compact/Small,Premium Gasoline
CHEVROLET,CORVETTE Z06,TWO-SEATER,6.2,8,AS,Z,17.7,10.2,14.3,20,335,8,1.735,0.775,23.43,Compact/Small,Premium Gasoline
CHEVROLET,CORVETTE Z06,TWO-SEATER,6.2,8,M,Z,15.7,10.6,13.4,21,313,7,1.481,0.775,23.36,Compact/Small,Premium Gasoline
CHEVROLET,CRUZE,COMPACT,1.4,4,AS,X,7.8,5.6,6.8,42,159,6,1.393,0.35,23.38,Compact/Small,Regular Gasoline
CHEVROLET,CRUZE,COMPACT,1.4,4,M,X,8.2,5.8,7.1,40,167,6,1.414,0.35,23.52,Compact/Small,Regular Gasoline
CHEVROLET,CRUZE PREMIER,COMPACT,1.4,4,AS,X,7.8,5.9,6.9,41,160,6,1.322,0.35,23.19,Compact/Small,Regular Gasoline
CHEVROLET,CRUZE LIMITED,MID-SIZE,1.4,4,AS,X,9.1,6.3,7.8,36,184,6,1.444,0.35,23.59,Mid-size,Regular Gasoline
CHEVROLET,CRUZE LIMITED,MID-SIZE,1.4,4,M,X,9.0,6.2,7.8,36,182,6,1.452,0.35,23.33,Mid-size,Regular Gasoline
CHEVROLET,CRUZE LIMITED,MID-SIZE,1.8,4,AS,X,10.5,6.8,8.8,32,207,6,1.544,0.45,23.52,Mid-size,Regular Gasoline
CHEVROLET,CRUZE LIMITED,MID-SIZE,1.8,4,M,X,9.4,6.6,8.1,35,190,6,1.424,0.45,23.46,Mid-size,Regular Gasoline
CHEVROLET,CRUZE LIMITED ECO,MID-SIZE,1.4,4,A,X,9.0,6.1,7.7,37,181,6,1.475,0.35,23.51,Mid-size,Regular Gasoline
CHEVROLET,CRUZE LIMITED ECO,MID-SIZE,1.4,4,M,X,8.4,5.6,7.1,40,167,6,1.5,0.35,23.52,Mid-size,Regular Gasoline
CHEVROLET,EQUINOX,SUV - SMALL,2.4,4,A,X,10.5,7.3,9.1,31,214,6,1.438,0.6,23.52,SUV,Regular Gasoline
CHEVROLET,EQUINOX,SUV - SMALL,3.6,6,A,X,14.2,9.5,12.1,23,285,6,1.495,0.6,23.55,SUV,Regular Gasoline
CHEVROLET,EQUINOX FFV,SUV - SMALL,2.4,4,A,X,10.5,7.3,9.1,31,214,6,1.438,0.6,23.52,SUV,Regular Gasoline
CHEVROLET,EQUINOX FFV,SUV - SMALL,2.4,4,A,E,15.6,10.8,13.4,21,221,6,1.444,0.6,16.49,SUV,Ethanol (E85)
CHEVROLET,EQUINOX AWD,SUV - SMALL,2.4,4,A,X,11.5,8.2,10.0,28,235,6,1.402,0.6,23.5,SUV,Regular Gasoline
CHEVROLET,EQUINOX AWD,SUV - SMALL,3.6,6,A,X,14.9,10.1,12.8,22,300,6,1.475,0.6,23.44,SUV,Regular Gasoline
CHEVROLET,EQUINOX AWD FFV,SUV - SMALL,2.4,4,A,X,11.5,8.2,10.0,28,235,6,1.402,0.6,23.5,SUV,Regular Gasoline
CHEVROLET,EQUINOX AWD FFV,SUV - SMALL,2.4,4,A,E,16.3,11.6,14.2,20,236,6,1.405,0.6,16.62,SUV,Ethanol (E85)
CHEVROLET,EXPRESS 2500 PASSENGER,VAN - PASSENGER,6.0,8,A,X,22.0,14.9,18.8,15,441,6,1.477,0.75,23.46,Truck/Van,Regular Gasoline
CHEVROLET,EXPRESS 3500 PASSENGER,VAN - PASSENGER,6.0,8,A,X,23.0,16.0,19.8,14,465,6,1.438,0.75,23.48,Truck/Van,Regular Gasoline
CHEVROLET,IMPALA,FULL-SIZE,2.5,4,AS,X,10.6,7.5,9.2,31,215,6,1.413,0.625,23.37,Mid-size,Regular Gasoline
CHEVROLET,IMPALA FFV,FULL-SIZE,3.6,6,AS,X,12.5,8.2,10.6,27,248,6,1.524,0.6,23.4,Mid-size,Regular Gasoline
CHEVROLET,IMPALA FFV,FULL-SIZE,3.6,6,AS,E,17.0,11.5,14.5,19,239,6,1.478,0.6,16.48,Mid-size,Ethanol (E85)
CHEVROLET,IMPALA DUAL FUEL,MID-SIZE,3.6,6,AS,X,13.9,9.3,11.9,24,272,6,1.495,0.6,22.86,Mid-size,Regular Gasoline
CHEVROLET,IMPALA DUAL FUEL,MID-SIZE,3.6,6,AS,N,15.2,9.5,12.7,22,213,6,1.6,0.6,16.77,Mid-size,Natural Gas
CHEVROLET,MALIBU,MID-SIZE,1.5,4,A,X,8.7,6.3,7.6,37,179,6,1.381,0.375,23.55,Mid-size,Regular Gasoline
CHEVROLET,MALIBU,MID-SIZE,2.0,4,AS,Z,10.6,7.1,9.0,31,211,8,1.493,0.5,23.44,Mid-size,Premium Gasoline
CHEVROLET,MALIBU LIMITED,MID-SIZE,2.5,4,AS,X,10.0,7.0,8.6,33,202,6,1.429,0.625,23.49,Mid-size,Regular Gasoline
CHEVROLET,MALIBU HYBRID,MID-SIZE,1.8,4,AV,X,5.0,5.1,5.1,55,122,,0.98,0.45,23.92,Mid-size,Regular Gasoline
CHEVROLET,SILVERADO,PICKUP TRUCK - STANDARD,5.3,8,A,X,14.6,10.4,12.7,22,298,6,1.404,0.662,23.46,Truck/Van,Regular Gasoline
CHEVROLET,SILVERADO,PICKUP TRUCK - STANDARD,6.2,8,A,Z,16.1,11.4,14.0,20,328,8,1.412,0.775,23.43,Truck/Van,Premium Gasoline
CHEVROLET,SILVERADO FFV,PICKUP TRUCK - STANDARD,4.3,6,A,X,13.5,10.0,11.9,24,280,6,1.35,0.717,23.53,Truck/Van,Regular Gasoline
CHEVROLET,SILVERADO FFV,PICKUP TRUCK - STANDARD,4.3,6,A,E,19.3,14.4,17.1,17,284,6,1.34,0.717,16.61,Truck/Van,Ethanol (E85)
CHEVROLET,SILVERADO FFV,PICKUP TRUCK - STANDARD,5.3,8,A,X,14.6,10.4,12.7,22,298,6,1.404,0.662,23.46,Truck/Van,Regular Gasoline
CHEVROLET,SILVERADO FFV,PICKUP TRUCK - STANDARD,5.3,8,A,E,19.9,14.0,17.2,16,286,6,1.421,0.662,16.63,Truck/Van,Ethanol (E85)
CHEVROLET,SILVERADO 4WD,PICKUP TRUCK - STANDARD,5.3,8,A,X,15.0,10.7,13.1,22,307,6,1.402,0.662,23.44,Truck/Van,Regular Gasoline
CHEVROLET,SILVERADO 4WD,PICKUP TRUCK - STANDARD,6.2,8,A,Z,16.3,11.6,14.2,20,332,8,1.405,0.775,23.38,Truck/Van,Premium Gasoline
CHEVROLET,SILVERADO 4WD FFV,PICKUP TRUCK - STANDARD,4.3,6,A,X,14.2,10.7,12.6,22,296,6,1.327,0.717,23.49,Truck/Van,Regular Gasoline
CHEVROLET,SILVERADO 4WD FFV,PICKUP TRUCK - STANDARD,4.3,6,A,E,20.3,15.3,18.1,16,301,6,1.327,0.717,16.63,Truck/Van,Ethanol (E85)
CHEVROLET,SILVERADO 4WD FFV,PICKUP TRUCK - STANDARD,5.3,8,A,X,15.0,10.7,13.1,22,306,6,1.402,0.662,23.36,Truck/Van,Regular Gasoline
CHEVROLET,SILVERADO 4WD FFV,PICKUP TRUCK - STANDARD,5.3,8,A,E,20.5,14.4,17.8,16,295,6,1.424,0.662,16.57,Truck/Van,Ethanol (E85)
CHEVROLET,SILVERADO eASSIST 4WD,PICKUP TRUCK - STANDARD,5.3,8,A,X,14.4,11.2,13.0,22,304,8,1.286,0.662,23.38,Truck/Van,Regular Gasoline
CHEVROLET,SONIC,COMPACT,1.4,4,AS,X,9.0,6.8,8.0,35,188,6,1.324,0.35,23.5,Compact/Small,Regular Gasoline
CHEVROLET,SONIC,COMPACT,1.4,4,M,X,8.5,6.2,7.5,38,175,6,1.371,0.35,23.33,Compact/Small,Regular Gasoline
CHEVROLET,SONIC,COMPACT,1.8,4,AS,X,9.6,6.7,8.3,34,195,6,1.433,0.45,23.49,Compact/Small,Regular Gasoline
CHEVROLET,SONIC,COMPACT,1.8,4,M,X,9.0,6.8,8.0,35,187,5,1.324,0.45,23.38,Compact/Small,Regular Gasoline
CHEVROLET,SONIC RS,COMPACT,1.4,4,AS,X,9.5,7.1,8.4,34,195,6,1.338,0.35,23.21,Compact/Small,Regular Gasoline
CHEVROLET,SONIC RS,COMPACT,1.4,4,M,X,8.9,7.0,8.0,35,189,6,1.271,0.35,23.62,Compact/Small,Regular Gasoline
CHEVROLET,SONIC 5,STATION WAGON - SMALL,1.4,4,AS,X,9.0,6.8,8.0,35,188,6,1.324,0.35,23.5,Mid-size,Regular Gasoline
CHEVROLET,SONIC 5,STATION WAGON - SMALL,1.4,4,M,X,8.5,6.2,7.5,38,175,6,1.371,0.35,23.33,Mid-size,Regular Gasoline
CHEVROLET,SONIC 5,STATION WAGON - SMALL,1.8,4,AS,X,9.6,6.7,8.3,34,195,6,1.433,0.45,23.49,Mid-size,Regular Gasoline
CHEVROLET,SONIC 5,STATION WAGON - SMALL,1.8,4,M,X,9.0,6.8,8.0,35,187,5,1.324,0.45,23.38,Mid-size,Regular Gasoline
CHEVROLET,SONIC 5 RS,STATION WAGON - SMALL,1.4,4,AS,X,9.5,7.1,8.4,34,195,6,1.338,0.35,23.21,Mid-size,Regular Gasoline
CHEVROLET,SONIC 5 RS,STATION WAGON - SMALL,1.4,4,M,X,8.9,7.0,8.0,35,189,6,1.271,0.35,23.62,Mid-size,Regular Gasoline
CHEVROLET,SPARK,SUBCOMPACT,1.4,4,AV,X,7.6,5.7,6.7,42,157,,1.333,0.35,23.43,Compact/Small,Regular Gasoline
CHEVROLET,SPARK,SUBCOMPACT,1.4,4,M,X,7.8,5.8,6.9,41,162,5,1.345,0.35,23.48,Compact/Small,Regular Gasoline
CHEVROLET,SUBURBAN,SUV - STANDARD,5.3,8,A,X,15.1,10.4,13.0,22,304,6,1.452,0.662,23.38,SUV,Regular Gasoline
CHEVROLET,SUBURBAN FFV,SUV - STANDARD,5.3,8,A,X,15.1,10.4,13.0,22,304,6,1.452,0.662,23.38,SUV,Regular Gasoline
CHEVROLET,SUBURBAN FFV,SUV - STANDARD,5.3,8,A,E,20.5,14.0,17.6,16,288,6,1.464,0.662,16.36,SUV,Ethanol (E85)
CHEVROLET,SUBURBAN 4WD,SUV - STANDARD,5.3,8,A,X,15.4,10.8,13.3,21,312,6,1.426,0.662,23.46,SUV,Regular Gasoline
CHEVROLET,SUBURBAN 4WD FFV,SUV - STANDARD,5.3,8,A,X,15.4,10.8,13.3,21,312,6,1.426,0.662,23.46,SUV,Regular Gasoline
CHEVROLET,SUBURBAN 4WD FFV,SUV - STANDARD,5.3,8,A,E,22.2,15.3,19.1,15,317,6,1.451,0.662,16.6,SUV,Ethanol (E85)
CHEVROLET,TAHOE,SUV - STANDARD,5.3,8,A,X,15.1,10.4,13.0,22,304,6,1.452,0.662,23.38,SUV,Regular Gasoline
CHEVROLET,TAHOE FFV,SUV - STANDARD,5.3,8,A,X,15.1,10.4,13.0,22,304,6,1.452,0.662,23.38,SUV,Regular Gasoline
CHEVROLET,TAHOE FFV,SUV - STANDARD,5.3,8,A,E,20.5,14.0,17.6,16,288,6,1.464,0.662,16.36,SUV,Ethanol (E85)
CHEVROLET,TAHOE 4WD,SUV - STANDARD,5.3,8,A,X,15.2,10.8,13.2,21,310,6,1.407,0.662,23.48,SUV,Regular Gasoline
CHEVROLET,TAHOE 4WD FFV,SUV - STANDARD,5.3,8,A,X,15.2,10.8,13.2,21,310,6,1.407,0.662,23.48,SUV,Regular Gasoline
CHEVROLET,TAHOE 4WD FFV,SUV - STANDARD,5.3,8,A,E,20.9,14.5,18.0,16,300,6,1.441,0.662,16.67,SUV,Ethanol (E85)
CHEVROLET,TRAVERSE,SUV - STANDARD,3.6,6,A,X,15.8,10.6,13.4,21,315,6,1.491,0.6,23.51,SUV,Regular Gasoline
CHEVROLET,TRAVERSE AWD,SUV - STANDARD,3.6,6,A,X,16.1,10.8,13.7,21,323,6,1.491,0.6,23.58,SUV,Regular Gasoline
CHEVROLET,TRAX,SUV - SMALL,1.4,4,AS,X,9.2,7.0,8.2,34,193,6,1.314,0.35,23.54,SUV,Regular Gasoline
CHEVROLET,TRAX,SUV - SMALL,1.4,4,M,X,9.1,6.9,8.1,35,190,6,1.319,0.35,23.46,SUV,Regular Gasoline
CHEVROLET,TRAX 4WD,SUV - SMALL,1.4,4,AS,X,9.7,7.6,8.7,32,205,6,1.276,0.35,23.56,SUV,Regular Gasoline
CHRYSLER,200 FFV,MID-SIZE,2.4,4,A,X,10.2,6.4,8.5,33,198,9,1.594,0.6,23.29,Mid-size,Regular Gasoline
CHRYSLER,200 FFV,MID-SIZE,2.4,4,A,E,13.6,8.5,11.3,25,186,9,1.6,0.6,16.46,Mid-size,Ethanol (E85)
CHRYSLER,200 FFV,MID-SIZE,3.6,6,A,X,12.4,7.5,10.2,28,239,9,1.653,0.6,23.43,Mid-size,Regular Gasoline
CHRYSLER,200 FFV,MID-SIZE,3.6,6,A,E,16.5,10.1,13.6,21,225,9,1.634,0.6,16.54,Mid-size,Ethanol (E85)
CHRYSLER,200 AWD FFV,MID-SIZE,3.6,6,A,X,12.8,8.1,10.7,26,250,9,1.58,0.6,23.36,Mid-size,Regular Gasoline
CHRYSLER,200 AWD FFV,MID-SIZE,3.6,6,A,E,16.9,10.8,14.1,20,232,9,1.565,0.6,16.45,Mid-size,Ethanol (E85)
CHRYSLER,300,FULL-SIZE,3.6,6,A,X,12.4,7.7,10.3,27,240,8,1.61,0.6,23.3,Mid-size,Regular Gasoline
CHRYSLER,300 FFV,FULL-SIZE,3.6,6,A,X,12.4,7.7,10.3,27,240,8,1.61,0.6,23.3,Mid-size,Regular Gasoline
CHRYSLER,300 FFV,FULL-SIZE,3.6,6,A,E,16.8,10.3,13.9,20,229,8,1.631,0.6,16.47,Mid-size,Ethanol (E85)
CHRYSLER,300 (MDS),FULL-SIZE,5.7,8,A,X,14.8,9.3,12.3,23,289,8,1.591,0.712,23.5,Mid-size,Regular Gasoline
CHRYSLER,300 AWD,FULL-SIZE,3.6,6,A,X,12.8,8.6,10.9,26,257,8,1.488,0.6,23.58,Mid-size,Regular Gasoline
CHRYSLER,300 AWD FFV,FULL-SIZE,3.6,6,A,X,12.8,8.6,10.9,26,257,8,1.488,0.6,23.58,Mid-size,Regular Gasoline
CHRYSLER,300 AWD FFV,FULL-SIZE,3.6,6,A,E,17.3,11.7,14.8,19,243,8,1.479,0.6,16.42,Mid-size,Ethanol (E85)
CHRYSLER,TOWN & COUNTRY FFV,MINIVAN,3.6,6,A,X,14.1,9.5,12.0,24,282,6,1.484,0.6,23.5,Truck/Van,Regular Gasoline
CHRYSLER,TOWN & COUNTRY FFV,MINIVAN,3.6,6,A,E,19.7,13.3,16.8,17,279,6,1.481,0.6,16.61,Truck/Van,Ethanol (E85)
DODGE,CHALLENGER,MID-SIZE,3.6,6,A,X,12.4,7.8,10.3,27,242,8,1.59,0.6,23.5,Mid-size,Regular Gasoline
DODGE,CHALLENGER,MID-SIZE,5.7,8,M,X,15.6,10.0,13.1,22,307,6,1.56,0.712,23.44,Mid-size,Regular Gasoline
DODGE,CHALLENGER,MID-SIZE,6.4,8,M,Z,16.8,10.4,13.9,20,326,6,1.615,0.8,23.45,Mid-size,Premium Gasoline
DODGE,CHALLENGER (MDS),MID-SIZE,5.7,8,A,X,14.8,9.3,12.3,23,289,8,1.591,0.712,23.5,Mid-size,Regular Gasoline
DODGE,CHALLENGER (MDS),MID-SIZE,6.4,8,A,Z,15.7,9.5,12.9,22,302,8,1.653,0.8,23.41,Mid-size,Premium Gasoline
DODGE,CHALLENGER SRT,MID-SIZE,6.4,8,M,Z,16.8,10.4,13.9,20,326,6,1.615,0.8,23.45,Mid-size,Premium Gasoline
DODGE,CHALLENGER SRT (MDS),MID-SIZE,6.4,8,A,Z,15.7,9.5,12.9,22,302,8,1.653,0.8,23.41,Mid-size,Premium Gasoline
DODGE,CHALLENGER SRT HELLCAT,MID-SIZE,6.2,8,A,Z,17.6,10.7,14.5,19,339,8,1.645,0.775,23.38,Mid-size,Premium Gasoline
DODGE,CHALLENGER SRT HELLCAT,MID-SIZE,6.2,8,M,Z,18.1,11.4,15.1,19,353,6,1.588,0.775,23.38,Mid-size,Premium Gasoline
DODGE,CHARGER,FULL-SIZE,3.6,6,A,X,13.7,8.9,11.5,25,271,5,1.539,0.6,23.57,Mid-size,Regular Gasoline
DODGE,CHARGER,FULL-SIZE,3.6,6,A,X,12.4,7.7,10.3,27,240,8,1.61,0.6,23.3,Mid-size,Regular Gasoline
DODGE,CHARGER FFV,FULL-SIZE,3.6,6,A,X,13.7,8.9,11.5,25,271,5,1.539,0.6,23.57,Mid-size,Regular Gasoline
DODGE,CHARGER FFV,FULL-SIZE,3.6,6,A,E,18.7,12.4,15.9,18,264,5,1.508,0.6,16.6,Mid-size,Ethanol (E85)
DODGE,CHARGER FFV,FULL-SIZE,3.6,6,A,X,12.4,7.7,10.3,27,240,8,1.61,0.6,23.3,Mid-size,Regular Gasoline
DODGE,CHARGER FFV,FULL-SIZE,3.6,6,A,E,16.8,10.3,13.9,20,229,8,1.631,0.6,16.47,Mid-size,Ethanol (E85)
DODGE,CHARGER (MDS),FULL-SIZE,5.7,8,A,X,15.7,9.6,12.9,22,302,5,1.635,0.712,23.41,Mid-size,Regular Gasoline
DODGE,CHARGER (MDS),FULL-SIZE,5.7,8,A,X,14.8,9.3,12.3,23,289,8,1.591,0.712,23.5,Mid-size,Regular Gasoline
DODGE,CHARGER (MDS),FULL-SIZE,6.4,8,A,Z,15.7,9.5,12.9,22,302,8,1.653,0.8,23.41,Mid-size,Premium Gasoline
DODGE,CHARGER AWD,FULL-SIZE,3.6,6,A,X,12.8,8.6,10.9,26,257,8,1.488,0.6,23.58,Mid-size,Regular Gasoline
DODGE,CHARGER AWD FFV,FULL-SIZE,3.6,6,A,X,12.8,8.6,10.9,26,257,8,1.488,0.6,23.58,Mid-size,Regular Gasoline
DODGE,CHARGER AWD FFV,FULL-SIZE,3.6,6,A,E,17.3,11.7,14.8,19,243,8,1.479,0.6,16.42,Mid-size,Ethanol (E85)
DODGE,CHARGER AWD (MDS),FULL-SIZE,5.7,8,A,X,16.1,10.0,13.4,21,313,5,1.61,0.712,23.36,Mid-size,Regular Gasoline
DODGE,CHARGER SRT (MDS),FULL-SIZE,6.4,8,A,Z,15.7,9.5,12.9,22,302,8,1.653,0.8,23.41,Mid-size,Premium Gasoline
DODGE,CHARGER SRT HELLCAT,FULL-SIZE,6.2,8,A,Z,17.6,10.7,14.5,19,339,8,1.645,0.775,23.38,Mid-size,Premium Gasoline
DODGE,DART,MID-SIZE,2.0,4,M,X,9.4,6.5,8.1,35,189,6,1.446,0.5,23.33,Mid-size,Regular Gasoline
DODGE,DART,MID-SIZE,2.4,4,A,X,10.1,6.8,8.6,33,202,6,1.485,0.6,23.49,Mid-size,Regular Gasoline
DODGE,DART,MID-SIZE,2.4,4,M,X,10.5,6.7,8.8,32,205,6,1.567,0.6,23.3,Mid-size,Regular Gasoline
DODGE,DART FFV,MID-SIZE,2.0,4,A,X,9.9,7.0,8.6,33,201,6,1.414,0.5,23.37,Mid-size,Regular Gasoline
DODGE,DART FFV,MID-SIZE,2.0,4,A,E,13.3,9.3,11.5,25,187,6,1.43,0.5,16.26,Mid-size,Ethanol (E85)
DODGE,DART GT,MID-SIZE,2.4,4,A,X,10.6,7.5,9.2,31,215,6,1.413,0.6,23.37,Mid-size,Regular Gasoline
DODGE,DART GT,MID-SIZE,2.4,4,M,X,10.2,7.0,8.8,32,207,6,1.457,0.6,23.52,Mid-size,Regular Gasoline
DODGE,DART TURBO AERO,MID-SIZE,1.4,4,AM,X,8.4,5.9,7.3,39,171,6,1.424,0.35,23.42,Mid-size,Regular Gasoline
DODGE,DART TURBO AERO,MID-SIZE,1.4,4,M,X,8.5,5.8,7.3,39,171,6,1.466,0.35,23.42,Mid-size,Regular Gasoline
DODGE,DURANGO AWD,SUV - STANDARD,3.6,6,A,X,12.8,9.5,11.3,25,265,8,1.347,0.6,23.45,SUV,Regular Gasoline
DODGE,DURANGO AWD (MDS),SUV - STANDARD,5.7,8,A,X,16.7,10.7,14.0,20,329,8,1.561,0.712,23.5,SUV,Regular Gasoline
DODGE,GRAND CARAVAN FFV,MINIVAN,3.6,6,A,X,13.7,9.4,11.8,24,276,6,1.457,0.6,23.39,Truck/Van,Regular Gasoline
DODGE,GRAND CARAVAN FFV,MINIVAN,3.6,6,A,E,19.2,13.1,16.4,17,269,6,1.466,0.6,16.4,Truck/Van,Ethanol (E85)
DODGE,JOURNEY,SUV - SMALL,2.4,4,A,X,12.7,9.1,11.1,25,260,4,1.396,0.6,23.42,SUV,Regular Gasoline
DODGE,JOURNEY FFV,SUV - SMALL,3.6,6,A,X,14.2,9.4,12.1,23,283,6,1.511,0.6,23.39,SUV,Regular Gasoline
DODGE,JOURNEY FFV,SUV - SMALL,3.6,6,A,E,18.9,12.9,16.2,17,270,6,1.465,0.6,16.67,SUV,Ethanol (E85)
DODGE,JOURNEY AWD,SUV - SMALL,3.6,6,A,X,14.5,9.9,12.4,23,292,6,1.465,0.6,23.55,SUV,Regular Gasoline
DODGE,VIPER SRT,TWO-SEATER,8.4,10,M,Z,19.2,11.3,15.6,18,364,6,1.699,0.84,23.33,Compact/Small,Premium Gasoline
FIAT,500 CABRIO,MINICOMPACT,1.4,4,A,X,8.7,6.9,7.9,36,183,6,1.261,0.35,23.16,Compact/Small,Regular Gasoline
FIAT,500 CABRIO,MINICOMPACT,1.4,4,M,X,7.9,6.3,7.2,39,168,5,1.254,0.35,23.33,Compact/Small,Regular Gasoline
FIAT,500 HATCHBACK,MINICOMPACT,1.4,4,A,X,8.7,6.9,7.9,36,183,6,1.261,0.35,23.16,Compact/Small,Regular Gasoline
FIAT,500 HATCHBACK,MINICOMPACT,1.4,4,M,X,7.6,5.9,6.8,42,160,5,1.288,0.35,23.53,Compact/Small,Regular Gasoline
FIAT,500 HATCHBACK TURBO,MINICOMPACT,1.4,4,A,X,9.6,7.3,8.6,33,200,6,1.315,0.35,23.26,Compact/Small,Regular Gasoline
FIAT,500 HATCHBACK TURBO,MINICOMPACT,1.4,4,M,X,8.5,6.9,7.8,36,183,5,1.232,0.35,23.46,Compact/Small,Regular Gasoline
FIAT,500 ABARTH CABRIO,MINICOMPACT,1.4,4,A,X,9.6,7.3,8.6,33,200,6,1.315,0.35,23.26,Compact/Small,Regular Gasoline
FIAT,500 ABARTH CABRIO,MINICOMPACT,1.4,4,M,X,8.5,6.9,7.8,36,183,5,1.232,0.35,23.46,Compact/Small,Regular Gasoline
FIAT,500 ABARTH HATCHBACK,MINICOMPACT,1.4,4,A,X,9.6,7.3,8.6,33,200,6,1.315,0.35,23.26,Compact/Small,Regular Gasoline
FIAT,500 ABARTH HATCHBACK,MINICOMPACT,1.4,4,M,X,8.5,6.9,7.8,36,183,5,1.232,0.35,23.46,Compact/Small,Regular Gasoline
FIAT,500L,STATION WAGON - SMALL,1.4,4,A,X,10.6,7.8,9.4,30,218,6,1.359,0.35,23.19,Mid-size,Regular Gasoline
FIAT,500L,STATION WAGON - SMALL,1.4,4,AM,X,9.9,7.2,8.7,32,203,6,1.375,0.35,23.33,Mid-size,Regular Gasoline
FIAT,500L,STATION WAGON - SMALL,1.4,4,M,X,9.3,7.1,8.3,34,194,6,1.31,0.35,23.37,Mid-size,Regular Gasoline
FIAT,500X,SUV - SMALL,1.4,4,M,X,9.5,6.9,8.3,34,194,6,1.377,0.35,23.37,SUV,Regular Gasoline
FIAT,500X,SUV - SMALL,2.4,4,A,X,10.6,7.6,9.3,30,217,9,1.395,0.6,23.33,SUV,Regular Gasoline
FIAT,500X AWD,SUV - SMALL,2.4,4,A,X,11.0,7.9,9.6,29,224,9,1.392,0.6,23.33,SUV,Regular Gasoline
FORD,C-MAX HYBRID,FULL-SIZE,2.0,4,AV,X,5.6,6.4,6.0,47,140,,0.875,0.5,23.33,Mid-size,Regular Gasoline
FORD,EDGE,SUV - SMALL,2.0,4,AS,X,11.5,7.8,9.8,29,231,6,1.474,0.5,23.57,SUV,Regular Gasoline
FORD,EDGE (Start/Stop),SUV - SMALL,2.0,4,AS,X,11.3,7.9,9.8,29,228,6,1.43,0.5,23.27,SUV,Regular Gasoline
FORD,EDGE,SUV - SMALL,3.5,6,AS,X,13.4,9.0,11.4,25,268,6,1.489,0.583,23.51,SUV,Regular Gasoline
FORD,EDGE AWD,SUV - SMALL,2.0,4,AS,X,11.8,8.4,10.3,27,240,6,1.405,0.5,23.3,SUV,Regular Gasoline
FORD,EDGE AWD,SUV - SMALL,2.7,6,AS,X,13.6,9.8,11.9,24,278,6,1.388,0.45,23.36,SUV,Regular Gasoline
FORD,EDGE AWD,SUV - SMALL,3.5,6,AS,X,13.7,9.6,11.8,24,278,6,1.427,0.583,23.56,SUV,Regular Gasoline
FORD,ESCAPE,SUV - SMALL,1.6,4,AS,X,10.1,7.4,8.9,32,208,6,1.365,0.4,23.37,SUV,Regular Gasoline
FORD,ESCAPE,SUV - SMALL,2.0,4,AS,X,10.9,7.9,9.6,29,224,6,1.38,0.5,23.33,SUV,Regular Gasoline
FORD,ESCAPE,SUV - SMALL,2.5,4,AS,X,10.9,7.6,9.4,30,220,6,1.434,0.625,23.4,SUV,Regular Gasoline
FORD,ESCAPE AWD,SUV - SMALL,1.6,4,AS,X,10.5,7.9,9.4,30,220,6,1.329,0.4,23.4,SUV,Regular Gasoline
FORD,ESCAPE AWD,SUV - SMALL,2.0,4,AS,X,11.4,8.4,10.0,28,236,6,1.357,0.5,23.6,SUV,Regular Gasoline
FORD,EXPEDITION 4X4,SUV - STANDARD,3.5,6,AS,X,16.2,11.9,14.3,20,334,6,1.361,0.583,23.36,SUV,Regular Gasoline
FORD,EXPEDITION EL 4X4,SUV - STANDARD,3.5,6,AS,X,16.4,12.1,14.4,20,338,6,1.355,0.583,23.47,SUV,Regular Gasoline
FORD,EXPLORER,SUV - STANDARD,2.3,4,AS,X,12.6,8.5,10.8,26,253,6,1.482,0.575,23.43,SUV,Regular Gasoline
FORD,EXPLORER FFV,SUV - STANDARD,3.5,6,AS,X,13.9,9.6,12.0,24,280,6,1.448,0.583,23.33,SUV,Regular Gasoline
FORD,EXPLORER FFV,SUV - STANDARD,3.5,6,AS,E,18.7,12.9,16.1,18,264,6,1.45,0.583,16.4,SUV,Ethanol (E85)
FORD,EXPLORER AWD,SUV - STANDARD,2.3,4,AS,X,13.1,9.1,11.3,25,265,6,1.44,0.575,23.45,SUV,Regular Gasoline
FORD,EXPLORER AWD,SUV - STANDARD,3.5,6,AS,X,14.9,10.7,13.0,22,305,6,1.393,0.583,23.46,SUV,Regular Gasoline
FORD,EXPLORER FFV AWD,SUV - STANDARD,3.5,6,AS,X,14.4,10.4,12.6,22,295,6,1.385,0.583,23.41,SUV,Regular Gasoline
FORD,EXPLORER FFV AWD,SUV - STANDARD,3.5,6,AS,E,19.7,14.1,17.2,16,282,6,1.397,0.583,16.4,SUV,Ethanol (E85)
FORD,F-150,PICKUP TRUCK - STANDARD,2.7,6,AS,X,12.3,9.2,10.9,26,256,6,1.337,0.45,23.49,Truck/Van,Regular Gasoline
FORD,F-150,PICKUP TRUCK - STANDARD,3.5,6,AS,X,13.5,9.8,11.9,24,278,6,1.378,0.583,23.36,Truck/Van,Regular Gasoline
FORD,F-150 (Payload Pkg),PICKUP TRUCK - STANDARD,2.7,6,AS,X,13.1,9.8,11.2,25,263,6,1.337,0.45,23.48,Truck/Van,Regular Gasoline
FORD,F-150 (Payload Pkg),PICKUP TRUCK - STANDARD,3.5,6,AS,X,14.7,10.7,12.9,22,303,6,1.374,0.583,23.49,Truck/Van,Regular Gasoline
FORD,F-150 FFV,PICKUP TRUCK - STANDARD,3.5,6,A,X,13.2,9.6,11.6,24,272,6,1.375,0.583,23.45,Truck/Van,Regular Gasoline
FORD,F-150 FFV,PICKUP TRUCK - STANDARD,3.5,6,A,E,17.9,13.0,15.7,18,261,6,1.377,0.583,16.62,Truck/Van,Ethanol (E85)
FORD,F-150 FFV,PICKUP TRUCK - STANDARD,5.0,8,AS,X,15.3,10.6,13.2,21,309,6,1.443,0.625,23.41,Truck/Van,Regular Gasoline
FORD,F-150 FFV,PICKUP TRUCK - STANDARD,5.0,8,AS,E,20.6,14.3,17.8,16,292,6,1.441,0.625,16.4,Truck/Van,Ethanol (E85)
FORD,F-150 FFV (Payload Pkg),PICKUP TRUCK - STANDARD,5.0,8,AS,X,16.8,11.8,14.5,19,341,6,1.424,0.625,23.52,Truck/Van,Regular Gasoline
FORD,F-150 FFV (Payload Pkg),PICKUP TRUCK - STANDARD,5.0,8,AS,E,20.6,14.3,17.8,16,293,6,1.441,0.625,16.46,Truck/Van,Ethanol (E85)
FORD,F-150 4X4,PICKUP TRUCK - STANDARD,2.7,6,AS,X,13.1,10.1,11.7,24,275,6,1.297,0.45,23.5,Truck/Van,Regular Gasoline
FORD,F-150 4X4,PICKUP TRUCK - STANDARD,3.5,6,AS,X,14.7,10.7,12.9,22,303,6,1.374,0.583,23.49,Truck/Van,Regular Gasoline
FORD,F-150 4X4 (Payload Pkg),PICKUP TRUCK - STANDARD,2.7,6,AS,X,13.3,10.7,12.3,23,288,6,1.243,0.45,23.41,Truck/Van,Regular Gasoline
FORD,F-150 4X4 (Payload Pkg),PICKUP TRUCK - STANDARD,3.5,6,AS,X,15.6,11.7,13.8,20,324,6,1.333,0.583,23.48,Truck/Van,Regular Gasoline
FORD,F-150 FFV 4X4,PICKUP TRUCK - STANDARD,3.5,6,A,X,14.0,10.6,12.5,23,292,6,1.321,0.583,23.36,Truck/Van,Regular Gasoline
FORD,F-150 FFV 4X4,PICKUP TRUCK - STANDARD,3.5,6,A,E,19.1,14.3,16.9,17,278,6,1.336,0.583,16.45,Truck/Van,Ethanol (E85)
FORD,F-150 FFV 4X4,PICKUP TRUCK - STANDARD,5.0,8,AS,X,16.0,11.3,13.8,20,324,6,1.416,0.625,23.48,Truck/Van,Regular Gasoline
FORD,F-150 FFV 4X4,PICKUP TRUCK - STANDARD,5.0,8,AS,E,21.6,15.1,18.7,15,306,6,1.43,0.625,16.36,Truck/Van,Ethanol (E85)
FORD,F-150 FFV 4X4 (Payload Pkg),PICKUP TRUCK - STANDARD,5.0,8,AS,X,16.8,12.4,14.8,19,347,6,1.355,0.625,23.45,Truck/Van,Regular Gasoline
FORD,F-150 FFV 4X4 (Payload Pkg),PICKUP TRUCK - STANDARD,5.0,8,AS,E,21.8,15.3,18.8,15,310,6,1.425,0.625,16.49,Truck/Van,Ethanol (E85)
FORD,FIESTA,SUBCOMPACT,1.6,4,AS,X,8.7,6.4,7.6,37,180,6,1.359,0.4,23.68,Compact/Small,Regular Gasoline
FORD,FIESTA,SUBCOMPACT,1.6,4,M,X,8.5,6.5,7.6,37,179,5,1.308,0.4,23.55,Compact/Small,Regular Gasoline
FORD,FIESTA SFE,SUBCOMPACT,1.0,3,M,X,7.5,5.5,6.6,43,153,5,1.364,0.333,23.18,Compact/Small,Regular Gasoline
FORD,FIESTA ST,COMPACT,1.6,4,M,X,9.0,7.1,8.1,35,191,6,1.268,0.4,23.58,Compact/Small,Regular Gasoline
FORD,FLEX,SUV - STANDARD,3.5,6,AS,X,14.7,10.2,12.7,22,298,6,1.441,0.583,23.46,SUV,Regular Gasoline
FORD,FLEX AWD,SUV - STANDARD,3.5,6,AS,X,14.7,10.7,12.9,22,303,6,1.374,0.583,23.49,SUV,Regular Gasoline
FORD,FLEX AWD GTDI,SUV - STANDARD,3.5,6,AS,X,15.7,11.2,13.7,21,322,6,1.402,0.583,23.5,SUV,Regular Gasoline
FORD,FOCUS,COMPACT,1.0,3,AS,X,8.5,5.9,7.3,39,171,6,1.441,0.333,23.42,Compact/Small,Regular Gasoline
FORD,FOCUS,COMPACT,1.0,3,M,X,7.8,5.7,6.8,42,160,6,1.368,0.333,23.53,Compact/Small,Regular Gasoline
FORD,FOCUS FFV,COMPACT,2.0,4,AM,X,8.9,6.0,7.6,37,178,6,1.483,0.5,23.42,Compact/Small,Regular Gasoline
FORD,FOCUS FFV,COMPACT,2.0,4,AM,E,11.9,8.3,10.3,27,170,6,1.434,0.5,16.5,Compact/Small,Ethanol (E85)
FORD,FOCUS FFV,COMPACT,2.0,4,AS,X,9.0,6.2,7.8,36,183,6,1.452,0.5,23.46,Compact/Small,Regular Gasoline
FORD,FOCUS FFV,COMPACT,2.0,4,AS,E,12.1,8.6,10.5,27,175,6,1.407,0.5,16.67,Compact/Small,Ethanol (E85)
FORD,FOCUS FFV,COMPACT,2.0,4,M,X,9.2,6.6,8.0,35,188,5,1.394,0.5,23.5,Compact/Small,Regular Gasoline
FORD,FOCUS FFV,COMPACT,2.0,4,M,E,12.3,8.9,10.8,26,179,5,1.382,0.5,16.57,Compact/Small,Ethanol (E85)
FORD,FOCUS RS AWD,MID-SIZE,2.3,4,M,Z,12.1,9.3,10.9,26,255,6,1.301,0.575,23.39,Mid-size,Premium Gasoline
FORD,FOCUS ST,MID-SIZE,2.0,4,M,X,10.5,7.7,9.2,31,217,6,1.364,0.5,23.59,Mid-size,Regular Gasoline
FORD,FUSION,MID-SIZE,1.5,4,AS,X,9.9,6.5,8.4,34,197,6,1.523,0.375,23.45,Mid-size,Regular Gasoline
FORD,FUSION (Start/Stop),MID-SIZE,1.5,4,AS,X,9.4,6.3,8.0,35,188,6,1.492,0.375,23.5,Mid-size,Regular Gasoline
FORD,FUSION,MID-SIZE,2.0,4,AS,X,10.5,7.0,8.9,32,210,6,1.5,0.5,23.6,Mid-size,Regular Gasoline
FORD,FUSION,MID-SIZE,2.5,4,AS,X,10.5,6.9,8.9,32,209,6,1.522,0.625,23.48,Mid-size,Regular Gasoline
FORD,FUSION AWD,MID-SIZE,2.0,4,AS,X,10.8,7.5,9.3,30,220,6,1.44,0.5,23.66,Mid-size,Regular Gasoline
FORD,FUSION HYBRID,MID-SIZE,2.0,4,AV,X,5.4,5.7,5.5,51,130,,0.947,0.5,23.64,Mid-size,Regular Gasoline
FORD,MUSTANG,SUBCOMPACT,2.3,4,AS,X,11.0,7.4,9.4,30,219,6,1.486,0.575,23.3,Compact/Small,Regular Gasoline
FORD,MUSTANG,SUBCOMPACT,2.3,4,M,X,10.6,7.6,9.2,31,217,6,1.395,0.575,23.59,Compact/Small,Regular Gasoline
FORD,MUSTANG,SUBCOMPACT,3.7,6,AS,X,12.6,8.5,10.7,26,253,6,1.482,0.617,23.64,Compact/Small,Regular Gasoline
FORD,MUSTANG,SUBCOMPACT,3.7,6,M,X,13.6,8.4,11.2,25,264,6,1.619,0.617,23.57,Compact/Small,Regular Gasoline
FORD,MUSTANG,SUBCOMPACT,5.0,8,AS,X,14.9,9.5,12.4,23,292,6,1.568,0.625,23.55,Compact/Small,Regular Gasoline
FORD,MUSTANG,SUBCOMPACT,5.0,8,M,X,15.5,9.4,12.7,22,298,6,1.649,0.625,23.46,Compact/Small,Regular Gasoline
FORD,MUSTANG CONVERTIBLE,SUBCOMPACT,2.3,4,AS,X,11.6,8.0,10.0,28,234,6,1.45,0.575,23.4,Compact/Small,Regular Gasoline
FORD,MUSTANG CONVERTIBLE,SUBCOMPACT,5.0,8,AS,X,15.4,10.0,13.0,22,304,6,1.54,0.625,23.38,Compact/Small,Regular Gasoline
FORD,SHELBY GT350 MUSTANG,SUBCOMPACT,5.2,8,M,Z,16.9,11.0,14.2,20,334,6,1.536,0.65,23.52,Compact/Small,Premium Gasoline
FORD,T-150 WAGON,VAN - PASSENGER,3.5,6,AS,X,16.1,12.7,14.6,19,342,6,1.268,0.583,23.42,Truck/Van,Regular Gasoline
FORD,T-150 WAGON FFV,VAN - PASSENGER,3.7,6,AS,X,16.8,13.2,15.2,19,356,6,1.273,0.617,23.42,Truck/Van,Regular Gasoline
FORD,T-150 WAGON FFV,VAN - PASSENGER,3.7,6,AS,E,23.1,18.6,21.0,13,345,6,1.242,0.617,16.43,Truck/Van,Ethanol (E85)
FORD,TAURUS,FULL-SIZE,2.0,4,AS,X,11.8,8.1,10.1,28,237,6,1.457,0.5,23.47,Mid-size,Regular Gasoline
FORD,TAURUS FFV,FULL-SIZE,3.5,6,AS,X,13.1,8.7,11.1,25,260,6,1.506,0.583,23.42,Mid-size,Regular Gasoline
FORD,TAURUS FFV,FULL-SIZE,3.5,6,AS,E,17.6,11.6,14.9,19,248,6,1.517,0.583,16.64,Mid-size,Ethanol (E85)
FORD,TAURUS AWD,FULL-SIZE,3.5,6,AS,X,14.7,9.8,12.5,23,293,6,1.5,0.583,23.44,Mid-size,Regular Gasoline
FORD,TAURUS FFV AWD,FULL-SIZE,3.5,6,AS,X,13.6,9.8,12.4,23,291,6,1.388,0.583,23.47,Mid-size,Regular Gasoline
FORD,TAURUS FFV AWD,FULL-SIZE,3.5,6,AS,E,18.7,13.3,16.3,17,271,6,1.406,0.583,16.63,Mid-size,Ethanol (E85)
FORD,TRANSIT CONNECT VAN,SPECIAL PURPOSE VEHICLE,1.6,4,AS,X,10.8,8.0,9.5,30,223,6,1.35,0.4,23.47,Other,Regular Gasoline
FORD,TRANSIT CONNECT VAN,SPECIAL PURPOSE VEHICLE,2.5,4,AS,X,11.9,8.6,10.4,27,243,6,1.384,0.625,23.37,Other,Regular Gasoline
FORD,TRANSIT CONNECT VAN FFV,SPECIAL PURPOSE VEHICLE,2.5,4,AS,X,11.9,8.6,10.4,27,243,6,1.384,0.625,23.37,Other,Regular Gasoline
FORD,TRANSIT CONNECT VAN FFV,SPECIAL PURPOSE VEHICLE,2.5,4,AS,E,16.1,11.8,14.2,20,233,6,1.364,0.625,16.41,Other,Ethanol (E85)
FORD,TRANSIT CONNECT WAGON,SPECIAL PURPOSE VEHICLE,2.5,4,AS,X,12.4,8.7,10.7,26,252,6,1.425,0.625,23.55,Other,Regular Gasoline
FORD,TRANSIT CONNECT WAGON FFV,SPECIAL PURPOSE VEHICLE,2.5,4,AS,X,12.4,8.7,10.7,26,252,6,1.425,0.625,23.55,Other,Regular Gasoline
FORD,TRANSIT CONNECT WAGON FFV,SPECIAL PURPOSE VEHICLE,2.5,4,AS,E,16.8,12.0,14.6,19,240,6,1.4,0.625,16.44,Other,Ethanol (E85)
FORD,TRANSIT CONNECT WAGON LWB,SPECIAL PURPOSE VEHICLE,2.5,4,AS,X,12.4,8.7,10.7,26,252,6,1.425,0.625,23.55,Other,Regular Gasoline
FORD,TRANSIT CONNECT WAGON LWB FFV,SPECIAL PURPOSE VEHICLE,2.5,4,AS,X,12.4,8.7,10.7,26,252,6,1.425,0.625,23.55,Other,Regular Gasoline
FORD,TRANSIT CONNECT WAGON LWB FFV,SPECIAL PURPOSE VEHICLE,2.5,4,AS,E,16.8,12.0,14.6,19,240,6,1.4,0.625,16.44,Other,Ethanol (E85)
GMC,ACADIA,SUV - STANDARD,3.6,6,A,X,15.8,10.6,13.4,21,315,6,1.491,0.6,23.51,SUV,Regular Gasoline
GMC,ACADIA AWD,SUV - STANDARD,3.6,6,A,X,16.1,10.8,13.7,21,323,6,1.491,0.6,23.58,SUV,Regular Gasoline
GMC,CANYON,PICKUP TRUCK - SMALL,2.5,4,A,X,11.9,8.9,10.5,27,247,6,1.337,0.625,23.52,Truck/Van,Regular Gasoline
GMC,CANYON,PICKUP TRUCK - SMALL,2.5,4,M,X,12.2,9.1,10.8,26,253,6,1.341,0.625,23.43,Truck/Van,Regular Gasoline
GMC,CANYON,PICKUP TRUCK - SMALL,2.8,4,A,D,10.8,7.7,9.4,30,252,6,1.403,0.7,26.81,Truck/Van,Diesel
GMC,CANYON,PICKUP TRUCK - SMALL,3.6,6,A,X,13.0,9.2,11.3,25,265,6,1.413,0.6,23.45,Truck/Van,Regular Gasoline
GMC,CANYON 4WD,PICKUP TRUCK - SMALL,2.5,4,A,X,12.7,9.6,11.3,25,265,6,1.323,0.625,23.45,Truck/Van,Regular Gasoline
GMC,CANYON 4WD,PICKUP TRUCK - SMALL,2.8,4,A,D,12.0,8.2,10.3,27,277,6,1.463,0.7,26.89,Truck/Van,Diesel
GMC,CANYON 4WD,PICKUP TRUCK - SMALL,3.6,6,A,X,13.6,9.9,11.9,24,279,6,1.374,0.6,23.45,Truck/Van,Regular Gasoline
GMC,SAVANA 2500 PASSENGER,VAN - PASSENGER,6.0,8,A,X,22.0,14.9,18.8,15,441,6,1.477,0.75,23.46,Truck/Van,Regular Gasoline
GMC,SAVANA 3500 PASSENGER,VAN - PASSENGER,6.0,8,A,X,23.0,16.0,19.8,14,465,6,1.438,0.75,23.48,Truck/Van,Regular Gasoline
GMC,SIERRA,PICKUP TRUCK - STANDARD,5.3,8,A,X,14.6,10.4,12.7,22,298,6,1.404,0.662,23.46,Truck/Van,Regular Gasoline
GMC,SIERRA,PICKUP TRUCK - STANDARD,6.2,8,A,Z,16.1,11.4,14.0,20,327,8,1.412,0.775,23.36,Truck/Van,Premium Gasoline
GMC,SIERRA FFV,PICKUP TRUCK - STANDARD,4.3,6,A,X,13.5,10.0,11.9,24,280,6,1.35,0.717,23.53,Truck/Van,Regular Gasoline
GMC,SIERRA FFV,PICKUP TRUCK - STANDARD,4.3,6,A,E,19.3,14.4,17.1,17,284,6,1.34,0.717,16.61,Truck/Van,Ethanol (E85)
GMC,SIERRA FFV,PICKUP TRUCK - STANDARD,5.3,8,A,X,14.6,10.4,12.7,22,298,6,1.404,0.662,23.46,Truck/Van,Regular Gasoline
GMC,SIERRA FFV,PICKUP TRUCK - STANDARD,5.3,8,A,E,19.9,14.0,17.2,16,286,6,1.421,0.662,16.63,Truck/Van,Ethanol (E85)
GMC,SIERRA 4WD,PICKUP TRUCK - STANDARD,5.3,8,A,X,15.0,10.7,13.1,22,307,6,1.402,0.662,23.44,Truck/Van,Regular Gasoline
GMC,SIERRA 4WD,PICKUP TRUCK - STANDARD,6.2,8,A,Z,16.3,11.6,14.2,20,332,8,1.405,0.775,23.38,Truck/Van,Premium Gasoline
GMC,SIERRA 4WD FFV,PICKUP TRUCK - STANDARD,4.3,6,A,X,14.2,10.7,12.6,22,296,6,1.327,0.717,23.49,Truck/Van,Regular Gasoline
GMC,SIERRA 4WD FFV,PICKUP TRUCK - STANDARD,4.3,6,A,E,20.3,15.3,18.1,16,301,6,1.327,0.717,16.63,Truck/Van,Ethanol (E85)
GMC,SIERRA 4WD FFV,PICKUP TRUCK - STANDARD,5.3,8,A,X,15.0,10.7,13.1,22,306,6,1.402,0.662,23.36,Truck/Van,Regular Gasoline
GMC,SIERRA 4WD FFV,PICKUP TRUCK - STANDARD,5.3,8,A,E,20.5,14.4,17.8,16,295,6,1.424,0.662,16.57,Truck/Van,Ethanol (E85)
GMC,SIERRA eASSIST 4WD,PICKUP TRUCK - STANDARD,5.3,8,A,X,14.4,11.2,13.0,22,304,8,1.286,0.662,23.38,Truck/Van,Regular Gasoline
GMC,TERRAIN,SUV - SMALL,2.4,4,A,X,10.5,7.3,9.1,31,214,6,1.438,0.6,23.52,SUV,Regular Gasoline
GMC,TERRAIN,SUV - SMALL,3.6,6,A,X,14.2,9.5,12.1,23,285,6,1.495,0.6,23.55,SUV,Regular Gasoline
GMC,TERRAIN FFV,SUV - SMALL,2.4,4,A,X,10.5,7.3,9.1,31,214,6,1.438,0.6,23.52,SUV,Regular Gasoline
GMC,TERRAIN FFV,SUV - SMALL,2.4,4,A,E,15.6,10.8,13.4,21,221,6,1.444,0.6,16.49,SUV,Ethanol (E85)
GMC,TERRAIN AWD,SUV - SMALL,2.4,4,A,X,11.5,8.2,10.0,28,235,6,1.402,0.6,23.5,SUV,Regular Gasoline
GMC,TERRAIN AWD,SUV - SMALL,3.6,6,A,X,14.9,10.1,12.8,22,300,6,1.475,0.6,23.44,SUV,Regular Gasoline
GMC,YUKON,SUV - STANDARD,5.3,8,A,X,15.1,10.4,13.0,22,304,6,1.452,0.662,23.38,SUV,Regular Gasoline
GMC,YUKON FFV,SUV - STANDARD,5.3,8,A,X,15.1,10.4,13.0,22,304,6,1.452,0.662,23.38,SUV,Regular Gasoline
GMC,YUKON FFV,SUV - STANDARD,5.3,8,A,E,20.5,14.0,17.6,16,288,6,1.464,0.662,16.36,SUV,Ethanol (E85)
GMC,YUKON 4WD,SUV - STANDARD,5.3,8,A,X,15.2,10.8,13.2,21,310,6,1.407,0.662,23.48,SUV,Regular Gasoline
GMC,YUKON 4WD,SUV - STANDARD,6.2,8,A,Z,15.9,11.1,13.8,20,323,8,1.432,0.775,23.41,SUV,Premium Gasoline
GMC,YUKON 4WD FFV,SUV - STANDARD,5.3,8,A,X,15.2,10.8,13.2,21,310,6,1.407,0.662,23.48,SUV,Regular Gasoline
GMC,YUKON 4WD FFV,SUV - STANDARD,5.3,8,A,E,20.9,14.5,18.0,16,300,6,1.441,0.662,16.67,SUV,Ethanol (E85)
GMC,YUKON XL,SUV - STANDARD,5.3,8,A,X,15.1,10.4,13.0,22,304,6,1.452,0.662,23.38,SUV,Regular Gasoline
GMC,YUKON XL FFV,SUV - STANDARD,5.3,8,A,X,15.1,10.4,13.0,22,304,6,1.452,0.662,23.38,SUV,Regular Gasoline
GMC,YUKON XL FFV,SUV - STANDARD,5.3,8,A,E,20.5,14.0,17.6,16,288,6,1.464,0.662,16.36,SUV,Ethanol (E85)
GMC,YUKON XL 4WD,SUV - STANDARD,5.3,8,A,X,15.4,10.8,13.3,21,312,6,1.426,0.662,23.46,SUV,Regular Gasoline
GMC,YUKON XL 4WD,SUV - STANDARD,6.2,8,A,Z,16.4,11.7,14.3,20,334,8,1.402,0.775,23.36,SUV,Premium Gasoline
GMC,YUKON XL 4WD FFV,SUV - STANDARD,5.3,8,A,X,15.4,10.8,13.3,21,312,6,1.426,0.662,23.46,SUV,Regular Gasoline
GMC,YUKON XL 4WD FFV,SUV - STANDARD,5.3,8,A,E,22.2,15.3,19.1,15,317,6,1.451,0.662,16.6,SUV,Ethanol (E85)
HONDA,ACCORD,MID-SIZE,2.4,4,M,X,10.3,7.2,8.9,32,207,6,1.431,0.6,23.26,Mid-size,Regular Gasoline
HONDA,ACCORD COUPE,MID-SIZE,3.5,6,AS,X,11.4,7.3,9.5,30,223,6,1.562,0.583,23.47,Mid-size,Regular Gasoline
HONDA,ACCORD COUPE,MID-SIZE,3.5,6,M,X,12.9,8.3,10.9,26,253,6,1.554,0.583,23.21,Mid-size,Regular Gasoline
HONDA,ACCORD SEDAN,MID-SIZE,2.4,4,AV,X,8.6,6.4,7.6,37,177,,1.344,0.6,23.29,Mid-size,Regular Gasoline
HONDA,ACCORD SEDAN,MID-SIZE,3.5,6,A,X,11.3,7.0,9.4,30,219,6,1.614,0.583,23.3,Mid-size,Regular Gasoline
HONDA,ACCORD SPORT,MID-SIZE,2.4,4,AV,X,9.1,6.8,8.0,35,187,7,1.338,0.6,23.38,Mid-size,Regular Gasoline
HONDA,CIVIC COUPE,COMPACT,1.5,4,AV,X,7.5,5.6,6.7,42,155,,1.339,0.375,23.13,Compact/Small,Regular Gasoline
HONDA,CIVIC COUPE,COMPACT,2.0,4,AV,X,7.8,5.8,6.9,41,162,,1.345,0.5,23.48,Compact/Small,Regular Gasoline
HONDA,CIVIC COUPE,COMPACT,2.0,4,M,X,8.9,6.1,7.7,37,179,6,1.459,0.5,23.25,Compact/Small,Regular Gasoline
HONDA,CIVIC SEDAN,MID-SIZE,1.5,4,AV,X,7.6,5.5,6.7,42,157,,1.382,0.375,23.43,Mid-size,Regular Gasoline
HONDA,CIVIC SEDAN,MID-SIZE,2.0,4,AV,X,7.8,5.8,6.9,41,162,,1.345,0.5,23.48,Mid-size,Regular Gasoline
HONDA,CIVIC SEDAN,MID-SIZE,2.0,4,M,X,8.8,5.9,7.5,38,176,6,1.492,0.5,23.47,Mid-size,Regular Gasoline
HONDA,CR-V,SUV - SMALL,2.4,4,AV,X,8.8,6.9,7.9,36,186,,1.275,0.6,23.54,SUV,Regular Gasoline
HONDA,CR-V AWD,SUV - SMALL,2.4,4,AV,X,9.5,7.5,8.6,33,202,,1.267,0.6,23.49,SUV,Regular Gasoline
HONDA,CR-Z,TWO-SEATER,1.5,4,AV,X,7.0,6.4,6.8,42,157,7,1.094,0.375,23.09,Compact/Small,Regular Gasoline
HONDA,CR-Z,TWO-SEATER,1.5,4,M,X,7.9,6.5,7.3,39,169,6,1.215,0.375,23.15,Compact/Small,Regular Gasoline
HONDA,FIT,STATION WAGON - SMALL,1.5,4,AV,X,7.0,5.7,6.4,44,150,,1.228,0.375,23.44,Mid-size,Regular Gasoline
HONDA,FIT,STATION WAGON - SMALL,1.5,4,AV,X,7.3,6.1,6.8,42,158,7,1.197,0.375,23.24,Mid-size,Regular Gasoline
HONDA,FIT,STATION WAGON - SMALL,1.5,4,M,X,8.1,6.4,7.3,39,171,6,1.266,0.375,23.42,Mid-size,Regular Gasoline
HONDA,HR-V,SUV - SMALL,1.8,4,AV,X,8.3,6.7,7.6,37,177,,1.239,0.45,23.29,SUV,Regular Gasoline
HONDA,HR-V,SUV - SMALL,1.8,4,AV,X,8.3,6.7,7.6,37,177,7,1.239,0.45,23.29,SUV,Regular Gasoline
HONDA,HR-V,SUV - SMALL,1.8,4,M,X,9.3,7.0,8.3,34,193,6,1.329,0.45,23.25,SUV,Regular Gasoline
HONDA,HR-V AWD,SUV - SMALL,1.8,4,AV,X,8.8,7.2,8.1,35,190,,1.222,0.45,23.46,SUV,Regular Gasoline
HONDA,HR-V AWD,SUV - SMALL,1.8,4,AV,X,8.8,7.2,8.1,35,190,7,1.222,0.45,23.46,SUV,Regular Gasoline
HONDA,ODYSSEY,MINIVAN,3.5,6,A,X,12.3,8.5,10.6,27,250,6,1.447,0.583,23.58,Truck/Van,Regular Gasoline
HONDA,PILOT,SUV - SMALL,3.5,6,A,X,12.4,8.8,10.8,26,253,6,1.409,0.583,23.43,SUV,Regular Gasoline
HONDA,PILOT AWD,SUV - SMALL,3.5,6,A,X,13.0,9.3,11.3,25,265,6,1.398,0.583,23.45,SUV,Regular Gasoline
HONDA,PILOT AWD,SUV - SMALL,3.5,6,AS,X,12.4,9.3,11.0,26,257,9,1.333,0.583,23.36,SUV,Regular Gasoline
HYUNDAI,ACCENT,COMPACT,1.6,4,AS,X,8.9,6.3,7.7,37,179,6,1.413,0.4,23.25,Compact/Small,Regular Gasoline
HYUNDAI,ACCENT,COMPACT,1.6,4,M,X,8.7,6.3,7.6,37,176,6,1.381,0.4,23.16,Compact/Small,Regular Gasoline
HYUNDAI,ELANTRA,MID-SIZE,1.8,4,AS,X,8.5,6.3,7.5,38,176,6,1.349,0.45,23.47,Mid-size,Regular Gasoline
HYUNDAI,ELANTRA,MID-SIZE,1.8,4,M,X,8.8,6.4,7.7,37,180,6,1.375,0.45,23.38,Mid-size,Regular Gasoline
HYUNDAI,ELANTRA,MID-SIZE,2.0,4,AS,X,9.7,6.7,8.3,34,194,6,1.448,0.5,23.37,Mid-size,Regular Gasoline
HYUNDAI,ELANTRA,MID-SIZE,2.0,4,M,X,9.8,7.0,8.5,33,198,6,1.4,0.5,23.29,Mid-size,Regular Gasoline
HYUNDAI,ELANTRA GT,MID-SIZE,2.0,4,AS,X,9.8,7.2,8.6,33,203,6,1.361,0.5,23.6,Mid-size,Regular Gasoline
HYUNDAI,ELANTRA GT,MID-SIZE,2.0,4,M,X,9.8,7.1,8.6,33,202,6,1.38,0.5,23.49,Mid-size,Regular Gasoline
HYUNDAI,EQUUS,FULL-SIZE,5.0,8,AS,Z,15.8,10.2,13.3,21,312,8,1.549,0.625,23.46,Mid-size,Premium Gasoline
HYUNDAI,GENESIS AWD,FULL-SIZE,3.8,6,AS,X,14.4,9.4,12.1,23,285,8,1.532,0.633,23.55,Mid-size,Regular Gasoline
HYUNDAI,GENESIS AWD,FULL-SIZE,5.0,8,AS,Z,17.3,10.5,14.2,20,332,8,1.648,0.625,23.38,Mid-size,Premium Gasoline
HYUNDAI,GENESIS COUPE,SUBCOMPACT,3.8,6,AS,Z,14.4,9.5,12.2,23,284,8,1.516,0.633,23.28,Compact/Small,Premium Gasoline
HYUNDAI,GENESIS COUPE,SUBCOMPACT,3.8,6,M,Z,14.1,9.6,12.1,23,283,6,1.469,0.633,23.39,Compact/Small,Premium Gasoline
HYUNDAI,SANTA FE,SUV - SMALL,3.3,6,AS,X,12.9,9.4,11.3,25,265,6,1.372,0.55,23.45,SUV,Regular Gasoline
HYUNDAI,SANTA FE AWD,SUV - SMALL,3.3,6,AS,X,13.0,9.7,11.5,25,269,6,1.34,0.55,23.39,SUV,Regular Gasoline
HYUNDAI,SANTA FE SPORT,SUV - SMALL,2.4,4,AS,X,11.7,8.7,10.3,27,239,6,1.345,0.6,23.2,SUV,Regular Gasoline
HYUNDAI,SANTA FE SPORT AWD,SUV - SMALL,2.0,4,AS,X,12.9,9.7,11.5,25,266,6,1.33,0.5,23.13,SUV,Regular Gasoline
HYUNDAI,SANTA FE SPORT AWD,SUV - SMALL,2.4,4,AS,X,12.5,9.3,11.1,25,257,6,1.344,0.6,23.15,SUV,Regular Gasoline
HYUNDAI,SANTA FE ULTIMATE AWD,SUV - SMALL,3.3,6,AS,X,13.9,10.8,12.5,23,295,6,1.287,0.55,23.6,SUV,Regular Gasoline
HYUNDAI,SONATA,FULL-SIZE,2.0,4,AS,X,10.4,7.4,9.1,31,214,6,1.405,0.5,23.52,Mid-size,Regular Gasoline
HYUNDAI,SONATA,FULL-SIZE,2.4,4,AS,X,9.4,6.5,8.1,35,191,6,1.446,0.6,23.58,Mid-size,Regular Gasoline
HYUNDAI,SONATA SPORT/LIMITED,FULL-SIZE,2.4,4,AS,X,10.0,7.0,8.6,33,204,6,1.429,0.6,23.72,Mid-size,Regular Gasoline
HYUNDAI,SONATA HYBRID,MID-SIZE,2.0,4,AM,X,5.9,5.3,5.6,50,133,6,1.113,0.5,23.75,Mid-size,Regular Gasoline
HYUNDAI,SONATA HYBRID LIMITED,MID-SIZE,2.0,4,AM,X,6.0,5.5,5.8,49,136,6,1.091,0.5,23.45,Mid-size,Regular Gasoline
HYUNDAI,TUCSON,SUV - SMALL,2.0,4,AS,X,10.1,7.6,9.0,31,211,6,1.329,0.5,23.44,SUV,Regular Gasoline
HYUNDAI,TUCSON AWD,SUV - SMALL,1.6,4,AM,X,9.9,8.4,9.2,31,219,7,1.179,0.4,23.8,SUV,Regular Gasoline
HYUNDAI,TUCSON AWD,SUV - SMALL,2.0,4,AS,X,11.0,9.0,10.1,28,240,6,1.222,0.5,23.76,SUV,Regular Gasoline
HYUNDAI,VELOSTER,COMPACT,1.6,4,AM,X,8.3,6.5,7.5,38,177,6,1.277,0.4,23.6,Compact/Small,Regular Gasoline
HYUNDAI,VELOSTER,COMPACT,1.6,4,M,X,8.8,6.7,7.8,36,186,6,1.313,0.4,23.85,Compact/Small,Regular Gasoline
HYUNDAI,VELOSTER TURBO,COMPACT,1.6,4,AM,X,8.9,7.1,8.1,35,191,6,1.254,0.4,23.58,Compact/Small,Regular Gasoline
HYUNDAI,VELOSTER TURBO,COMPACT,1.6,4,M,X,9.4,7.0,8.3,34,197,6,1.343,0.4,23.73,Compact/Small,Regular Gasoline
INFINITI,Q50,MID-SIZE,2.0,4,AS,Z,10.2,7.7,9.1,31,214,7,1.325,0.5,23.52,Mid-size,Premium Gasoline
INFINITI,Q50,MID-SIZE,3.0,6,AS,Z,12.1,8.1,10.3,27,242,7,1.494,0.5,23.5,Mid-size,Premium Gasoline
INFINITI,Q50 AWD,MID-SIZE,2.0,4,AS,Z,10.6,8.4,9.6,29,226,7,1.262,0.5,23.54,Mid-size,Premium Gasoline
INFINITI,Q50 AWD,MID-SIZE,3.0,6,AS,Z,12.3,8.5,10.6,27,249,7,1.447,0.5,23.49,Mid-size,Premium Gasoline
INFINITI,Q50S AWD,MID-SIZE,3.0,6,AS,Z,12.9,9.0,11.1,25,262,7,1.433,0.5,23.6,Mid-size,Premium Gasoline
INFINITI,Q50S RED SPORT,MID-SIZE,3.0,6,AS,Z,11.8,8.8,10.5,27,247,7,1.341,0.5,23.52,Mid-size,Premium Gasoline
INFINITI,Q50S RED SPORT AWD,MID-SIZE,3.0,6,AS,Z,12.3,9.1,10.8,26,256,7,1.352,0.5,23.7,Mid-size,Premium Gasoline
INFINITI,Q50 HYBRID,COMPACT,3.5,6,AS,Z,8.4,6.9,7.7,37,181,7,1.217,0.583,23.51,Compact/Small,Premium Gasoline
INFINITI,Q50 HYBRID AWD,COMPACT,3.5,6,AS,Z,8.7,7.6,8.2,34,193,7,1.145,0.583,23.54,Compact/Small,Premium Gasoline
INFINITI,Q70 AWD,MID-SIZE,3.7,6,AS,Z,13.2,9.7,11.6,24,274,7,1.361,0.617,23.62,Mid-size,Premium Gasoline
INFINITI,Q70 AWD,MID-SIZE,5.6,8,AS,Z,14.9,10.2,12.8,22,300,7,1.461,0.7,23.44,Mid-size,Premium Gasoline
INFINITI,Q70 HYBRID,MID-SIZE,3.5,6,AS,Z,8.0,6.9,7.5,38,177,7,1.159,0.583,23.6,Mid-size,Premium Gasoline
INFINITI,QX50 AWD,STATION WAGON - SMALL,3.7,6,AS,Z,13.7,9.7,11.9,24,279,7,1.412,0.617,23.45,Mid-size,Premium Gasoline
INFINITI,QX60,SUV - SMALL,3.5,6,AV,Z,11.8,8.5,10.3,27,242,7,1.388,0.583,23.5,SUV,Premium Gasoline
INFINITI,QX60 AWD,SUV - SMALL,3.5,6,AV,Z,12.2,8.9,10.7,26,252,7,1.371,0.583,23.55,SUV,Premium Gasoline
INFINITI,QX60 HYBRID AWD,SUV - STANDARD,2.5,4,AV,X,8.9,8.4,8.7,32,204,7,1.06,0.625,23.45,SUV,Regular Gasoline
INFINITI,QX70 AWD,SUV - SMALL,3.7,6,AS,Z,14.5,10.7,12.8,22,301,7,1.355,0.617,23.52,SUV,Premium Gasoline
INFINITI,QX80 4WD,SUV - STANDARD,5.6,8,AS,Z,17.4,12.2,15.1,19,354,7,1.426,0.7,23.44,SUV,Premium Gasoline
JAGUAR,F-TYPE CONVERTIBLE,TWO-SEATER,3.0,6,AS,Z,12.1,8.5,10.5,27,246,8,1.424,0.5,23.43,Compact/Small,Premium Gasoline
JAGUAR,F-TYPE CONVERTIBLE,TWO-SEATER,3.0,6,M,Z,14.9,9.8,12.6,22,296,6,1.52,0.5,23.49,Compact/Small,Premium Gasoline
JAGUAR,F-TYPE COUPE,TWO-SEATER,3.0,6,AS,Z,12.1,8.5,10.5,27,246,8,1.424,0.5,23.43,Compact/Small,Premium Gasoline
JAGUAR,F-TYPE COUPE,TWO-SEATER,3.0,6,M,Z,14.9,9.8,12.6,22,296,6,1.52,0.5,23.49,Compact/Small,Premium Gasoline
JAGUAR,F-TYPE PROJECT 7 CONVERTIBLE,TWO-SEATER,5.0,8,AS,Z,15.0,10.2,12.8,22,302,8,1.471,0.625,23.59,Compact/Small,Premium Gasoline
JAGUAR,F-TYPE R AWD CONVERTIBLE,TWO-SEATER,5.0,8,AS,Z,15.7,10.4,13.3,21,311,8,1.51,0.625,23.38,Compact/Small,Premium Gasoline
JAGUAR,F-TYPE R AWD COUPE,TWO-SEATER,5.0,8,AS,Z,15.7,10.4,13.3,21,311,6,1.51,0.625,23.38,Compact/Small,Premium Gasoline
JAGUAR,F-TYPE S CONVERTIBLE,TWO-SEATER,3.0,6,AS,Z,12.5,8.7,10.8,26,254,8,1.437,0.5,23.52,Compact/Small,Premium Gasoline
JAGUAR,F-TYPE S CONVERTIBLE,TWO-SEATER,3.0,6,M,Z,15.3,9.9,12.9,22,302,6,1.545,0.5,23.41,Compact/Small,Premium Gasoline
JAGUAR,F-TYPE S CONVERTIBLE AWD,TWO-SEATER,3.0,6,AS,Z,13.0,9.1,11.3,25,264,8,1.429,0.5,23.36,Compact/Small,Premium Gasoline
JAGUAR,F-TYPE S COUPE,TWO-SEATER,3.0,6,AS,Z,12.5,8.7,10.8,26,254,8,1.437,0.5,23.52,Compact/Small,Premium Gasoline
JAGUAR,F-TYPE S COUPE,TWO-SEATER,3.0,6,M,Z,15.3,9.9,12.9,22,302,6,1.545,0.5,23.41,Compact/Small,Premium Gasoline
JAGUAR,F-TYPE S COUPE AWD,TWO-SEATER,3.0,6,AS,Z,13.0,9.1,11.3,25,264,8,1.429,0.5,23.36,Compact/Small,Premium Gasoline
JAGUAR,XF AWD ,MID-SIZE,3.0,6,AS,Z,11.9,8.3,10.3,27,241,8,1.434,0.5,23.4,Mid-size,Premium Gasoline
JAGUAR,XJ R-SPORT 3.0 AWD,FULL-SIZE,3.0,6,AS,Z,14.0,8.9,11.7,24,275,8,1.573,0.5,23.5,Mid-size,Premium Gasoline
JAGUAR,XJL 3.0 AWD PORTFOLIO,FULL-SIZE,3.0,6,AS,Z,14.1,9.3,11.9,24,279,8,1.516,0.5,23.45,Mid-size,Premium Gasoline
JAGUAR,XJR,FULL-SIZE,5.0,8,AS,Z,15.8,10.2,13.3,21,313,8,1.549,0.625,23.53,Mid-size,Premium Gasoline
JAGUAR,XJR LWB,FULL-SIZE,5.0,8,AS,Z,15.8,10.2,13.3,21,313,8,1.549,0.625,23.53,Mid-size,Premium Gasoline
JEEP,CHEROKEE,SUV - SMALL,2.4,4,A,X,10.9,7.7,9.5,30,223,9,1.416,0.6,23.47,SUV,Regular Gasoline
JEEP,CHEROKEE FFV,SUV - SMALL,2.4,4,A,X,10.9,7.7,9.5,30,223,9,1.416,0.6,23.47,SUV,Regular Gasoline
JEEP,CHEROKEE FFV,SUV - SMALL,2.4,4,A,E,15.2,10.2,12.9,22,213,9,1.49,0.6,16.51,SUV,Ethanol (E85)
JEEP,CHEROKEE,SUV - SMALL,3.2,6,A,X,11.4,8.1,9.9,29,233,9,1.407,0.533,23.54,SUV,Regular Gasoline
JEEP,CHEROKEE 4X4,SUV - SMALL,2.4,4,A,X,11.3,8.3,10.0,28,233,9,1.361,0.6,23.3,SUV,Regular Gasoline
JEEP,CHEROKEE 4X4 FFV,SUV - SMALL,2.4,4,A,X,11.3,8.3,10.0,28,233,9,1.361,0.6,23.3,SUV,Regular Gasoline
JEEP,CHEROKEE 4X4 FFV,SUV - SMALL,2.4,4,A,E,15.9,11.0,13.7,21,226,9,1.445,0.6,16.5,SUV,Ethanol (E85)
JEEP,CHEROKEE 4X4,SUV - SMALL,3.2,6,A,X,11.6,8.5,10.2,28,240,9,1.365,0.533,23.53,SUV,Regular Gasoline
JEEP,CHEROKEE 4X4 ACTIVE DRIVE II,SUV - SMALL,2.4,4,A,X,11.4,8.6,10.1,28,238,9,1.326,0.6,23.56,SUV,Regular Gasoline
JEEP,CHEROKEE 4X4 ACTIVE DRIVE II,SUV - SMALL,3.2,6,A,X,12.5,8.9,10.9,26,256,9,1.404,0.533,23.49,SUV,Regular Gasoline
JEEP,CHEROKEE TRAILHAWK 4X4,SUV - SMALL,2.4,4,A,X,12.1,9.4,10.9,26,255,9,1.287,0.6,23.39,SUV,Regular Gasoline
JEEP,CHEROKEE TRAILHAWK 4X4,SUV - SMALL,3.2,6,A,X,12.2,9.0,10.8,26,253,9,1.356,0.533,23.43,SUV,Regular Gasoline
JEEP,COMPASS,SUV - SMALL,2.0,4,AV,X,10.8,8.9,10.0,28,234,,1.213,0.5,23.4,SUV,Regular Gasoline
JEEP,COMPASS,SUV - SMALL,2.0,4,M,X,10.3,7.8,9.2,31,214,5,1.321,0.5,23.26,SUV,Regular Gasoline
JEEP,COMPASS,SUV - SMALL,2.4,4,A,X,11.2,8.6,10.0,28,235,6,1.302,0.6,23.5,SUV,Regular Gasoline
JEEP,COMPASS,SUV - SMALL,2.4,4,M,X,10.2,8.2,9.3,30,218,5,1.244,0.6,23.44,SUV,Regular Gasoline
JEEP,COMPASS 4X4,SUV - SMALL,2.4,4,A,X,11.7,9.1,10.5,27,248,6,1.286,0.6,23.62,SUV,Regular Gasoline
JEEP,COMPASS 4X4,SUV - SMALL,2.4,4,M,X,10.6,8.6,9.7,29,228,5,1.233,0.6,23.51,SUV,Regular Gasoline
JEEP,COMPASS 4X4 TRAIL RATED,SUV - SMALL,2.4,4,AV,X,11.7,10.3,11.1,25,259,,1.136,0.6,23.33,SUV,Regular Gasoline
JEEP,GRAND CHEROKEE 4X4,SUV - STANDARD,3.6,6,A,X,12.8,9.5,11.3,25,265,8,1.347,0.6,23.45,SUV,Regular Gasoline
JEEP,GRAND CHEROKEE 4X4 (MDS),SUV - STANDARD,5.7,8,A,X,16.7,10.7,14.0,20,329,8,1.561,0.712,23.5,SUV,Regular Gasoline
JEEP,GRAND CHEROKEE SRT 4X4 (MDS),SUV - STANDARD,6.4,8,A,Z,18.5,12.6,15.8,18,370,8,1.468,0.8,23.42,SUV,Premium Gasoline
JEEP,PATRIOT,SUV - SMALL,2.0,4,AV,X,10.8,8.9,10.0,28,234,,1.213,0.5,23.4,SUV,Regular Gasoline
JEEP,PATRIOT,SUV - SMALL,2.0,4,M,X,10.3,7.8,9.2,31,214,5,1.321,0.5,23.26,SUV,Regular Gasoline
JEEP,PATRIOT,SUV - SMALL,2.4,4,A,X,11.2,8.6,10.0,28,235,6,1.302,0.6,23.5,SUV,Regular Gasoline
JEEP,PATRIOT,SUV - SMALL,2.4,4,M,X,10.2,8.2,9.3,30,218,5,1.244,0.6,23.44,SUV,Regular Gasoline
JEEP,PATRIOT 4X4,SUV - SMALL,2.4,4,A,X,11.7,9.1,10.5,27,248,6,1.286,0.6,23.62,SUV,Regular Gasoline
JEEP,PATRIOT 4X4,SUV - SMALL,2.4,4,M,X,10.6,8.6,9.7,29,228,5,1.233,0.6,23.51,SUV,Regular Gasoline
JEEP,PATRIOT 4X4 TRAIL RATED,SUV - SMALL,2.4,4,AV,X,11.7,10.3,11.1,25,259,,1.136,0.6,23.33,SUV,Regular Gasoline
JEEP,RENEGADE,SUV - SMALL,1.4,4,M,X,9.9,7.5,8.8,32,207,6,1.32,0.35,23.52,SUV,Regular Gasoline
JEEP,RENEGADE FFV,SUV - SMALL,2.4,4,A,X,10.8,7.7,9.4,30,220,9,1.403,0.6,23.4,SUV,Regular Gasoline
JEEP,RENEGADE FFV,SUV - SMALL,2.4,4,A,E,14.2,9.9,12.2,23,201,9,1.434,0.6,16.48,SUV,Ethanol (E85)
JEEP,RENEGADE 4X4,SUV - SMALL,1.4,4,M,X,9.9,7.5,8.8,32,203,6,1.32,0.35,23.07,SUV,Regular Gasoline
JEEP,RENEGADE 4X4,SUV - SMALL,2.4,4,A,X,11.2,8.0,9.8,29,229,9,1.4,0.6,23.37,SUV,Regular Gasoline
JEEP,WRANGLER 4X4,SUV - SMALL,3.6,6,A,X,14.1,11.1,12.8,22,299,5,1.27,0.6,23.36,SUV,Regular Gasoline
JEEP,WRANGLER 4X4,SUV - SMALL,3.6,6,M,X,14.2,11.0,12.8,22,299,6,1.291,0.6,23.36,SUV,Regular Gasoline
JEEP,WRANGLER UNLIMITED 4X4,SUV - SMALL,3.6,6,A,X,14.8,11.7,13.4,21,314,5,1.265,0.6,23.43,SUV,Regular Gasoline
JEEP,WRANGLER UNLIMITED 4X4,SUV - SMALL,3.6,6,M,X,15.0,11.4,13.4,21,312,6,1.316,0.6,23.28,SUV,Regular Gasoline
KIA,CADENZA,FULL-SIZE,3.3,6,AS,X,12.7,8.4,10.7,26,251,6,1.512,0.55,23.46,Mid-size,Regular Gasoline
KIA,FORTE,MID-SIZE,1.8,4,AS,X,8.9,6.1,7.6,37,179,6,1.459,0.45,23.55,Mid-size,Regular Gasoline
KIA,FORTE,MID-SIZE,1.8,4,M,X,9.3,6.3,7.9,36,186,6,1.476,0.45,23.54,Mid-size,Regular Gasoline
KIA,FORTE,MID-SIZE,2.0,4,AS,X,9.7,6.7,8.3,34,196,6,1.448,0.5,23.61,Mid-size,Regular Gasoline
KIA,FORTE,MID-SIZE,2.0,4,M,X,9.8,6.9,8.5,33,198,6,1.42,0.5,23.29,Mid-size,Regular Gasoline
KIA,FORTE 5,FULL-SIZE,1.6,4,AS,X,11.1,8.0,9.7,29,228,6,1.388,0.4,23.51,Mid-size,Regular Gasoline
KIA,FORTE 5,FULL-SIZE,1.6,4,M,X,11.1,8.2,9.8,29,227,6,1.354,0.4,23.16,Mid-size,Regular Gasoline
KIA,FORTE 5,FULL-SIZE,2.0,4,AS,X,9.5,7.2,8.5,33,199,6,1.319,0.5,23.41,Mid-size,Regular Gasoline
KIA,FORTE 5,FULL-SIZE,2.0,4,M,X,9.7,6.9,8.4,34,197,6,1.406,0.5,23.45,Mid-size,Regular Gasoline
KIA,FORTE KOUP,COMPACT,1.6,4,AS,X,10.6,7.8,9.4,30,218,6,1.359,0.4,23.19,Compact/Small,Regular Gasoline
KIA,FORTE KOUP,COMPACT,1.6,4,M,X,10.8,8.1,9.6,29,222,6,1.333,0.4,23.12,Compact/Small,Regular Gasoline
KIA,FORTE KOUP,COMPACT,2.0,4,AS,X,9.7,7.1,8.6,33,200,6,1.366,0.5,23.26,Compact/Small,Regular Gasoline
KIA,FORTE KOUP,COMPACT,2.0,4,M,X,10.0,7.4,8.8,32,206,6,1.351,0.5,23.41,Compact/Small,Regular Gasoline
KIA,K900,FULL-SIZE,3.8,6,AS,X,13.9,9.2,11.8,24,278,8,1.511,0.633,23.56,Mid-size,Regular Gasoline
KIA,K900,FULL-SIZE,5.0,8,AS,X,15.6,10.6,13.4,21,318,8,1.472,0.625,23.73,Mid-size,Regular Gasoline
KIA,OPTIMA,FULL-SIZE,1.6,4,AM,X,8.4,6.1,7.4,38,175,7,1.377,0.4,23.65,Mid-size,Regular Gasoline
KIA,OPTIMA,FULL-SIZE,2.0,4,AS,X,10.9,7.4,9.3,30,222,6,1.473,0.5,23.87,Mid-size,Regular Gasoline
KIA,OPTIMA,FULL-SIZE,2.4,4,AS,X,9.4,6.5,8.1,35,193,6,1.446,0.6,23.83,Mid-size,Regular Gasoline
KIA,OPTIMA HYBRID,MID-SIZE,2.4,4,AM,X,6.6,5.9,6.3,45,147,6,1.119,0.6,23.33,Mid-size,Regular Gasoline
KIA,OPTIMA HYBRID EX,MID-SIZE,2.4,4,AM,X,6.7,6.1,6.4,44,150,6,1.098,0.6,23.44,Mid-size,Regular Gasoline
KIA,RIO,COMPACT,1.6,4,AS,X,8.7,6.3,7.7,37,178,6,1.381,0.4,23.12,Compact/Small,Regular Gasoline
KIA,RIO,COMPACT,1.6,4,M,X,8.8,6.4,7.7,37,179,6,1.375,0.4,23.25,Compact/Small,Regular Gasoline
KIA,RONDO,STATION WAGON - MID-SIZE,2.0,4,AS,X,10.1,7.6,9.0,31,214,6,1.329,0.5,23.78,Mid-size,Regular Gasoline
KIA,RONDO,STATION WAGON - MID-SIZE,2.0,4,M,X,10.4,7.8,9.3,30,220,6,1.333,0.5,23.66,Mid-size,Regular Gasoline
KIA,SEDONA,MINIVAN,3.3,6,AS,X,13.2,9.7,11.6,24,275,6,1.361,0.55,23.71,Truck/Van,Regular Gasoline
KIA,SEDONA SX,MINIVAN,3.3,6,AS,X,12.9,9.5,11.4,25,269,6,1.358,0.55,23.6,Truck/Van,Regular Gasoline
KIA,SEDONA SXL,MINIVAN,3.3,6,AS,X,14.2,10.5,12.5,23,296,6,1.352,0.55,23.68,Truck/Van,Regular Gasoline
KIA,SORENTO,SUV - SMALL,2.0,4,AS,X,11.7,8.6,10.3,27,245,6,1.36,0.5,23.79,SUV,Regular Gasoline
KIA,SORENTO,SUV - SMALL,2.4,4,AS,X,11.1,8.2,9.8,29,233,6,1.354,0.6,23.78,SUV,Regular Gasoline
KIA,SORENTO AWD,SUV - SMALL,2.0,4,AS,X,12.3,9.3,10.9,26,259,6,1.323,0.5,23.76,SUV,Regular Gasoline
KIA,SORENTO AWD,SUV - SMALL,2.4,4,AS,X,11.4,9.2,10.4,27,245,6,1.239,0.6,23.56,SUV,Regular Gasoline
KIA,SORENTO AWD,SUV - SMALL,3.3,6,AS,X,13.4,9.4,11.6,24,275,6,1.426,0.55,23.71,SUV,Regular Gasoline
KIA,SOUL,STATION WAGON - SMALL,1.6,4,AS,X,9.8,7.8,8.9,32,206,6,1.256,0.4,23.15,Mid-size,Regular Gasoline
KIA,SOUL,STATION WAGON - SMALL,1.6,4,M,X,9.9,7.8,9.0,31,208,6,1.269,0.4,23.11,Mid-size,Regular Gasoline
KIA,SOUL,STATION WAGON - SMALL,2.0,4,AS,X,9.8,7.5,8.8,32,208,6,1.307,0.5,23.64,Mid-size,Regular Gasoline
KIA,SOUL ECO DYNAMICS,STATION WAGON - SMALL,2.0,4,AS,X,9.7,7.7,8.8,32,208,6,1.26,0.5,23.64,Mid-size,Regular Gasoline
KIA,SPORTAGE,SUV - SMALL,2.4,4,AS,X,11.4,8.3,10.0,28,231,6,1.373,0.6,23.1,SUV,Regular Gasoline
KIA,SPORTAGE,SUV - SMALL,2.4,4,M,X,12.9,9.2,11.3,25,261,6,1.402,0.6,23.1,SUV,Regular Gasoline
KIA,SPORTAGE AWD,SUV - SMALL,2.0,4,AS,X,12.6,9.7,11.3,25,261,6,1.299,0.5,23.1,SUV,Regular Gasoline
KIA,SPORTAGE AWD,SUV - SMALL,2.4,4,AS,X,12.0,9.3,10.8,26,251,6,1.29,0.6,23.24,SUV,Regular Gasoline
LAMBORGHINI,AVENTADOR COUPE,TWO-SEATER,6.5,12,AM,Z,22.2,12.7,17.9,16,420,7,1.748,0.542,23.46,Compact/Small,Premium Gasoline
LAMBORGHINI,AVENTADOR ROADSTER,TWO-SEATER,6.5,12,AM,Z,23.6,14.1,19.3,15,452,7,1.674,0.542,23.42,Compact/Small,Premium Gasoline
LAMBORGHINI,HURACAN,TWO-SEATER,5.2,10,AM,Z,16.4,11.4,14.2,20,331,7,1.439,0.52,23.31,Compact/Small,Premium Gasoline
LAMBORGHINI,HURACAN SPYDER,TWO-SEATER,5.2,10,AM,Z,16.9,11.8,14.6,19,340,7,1.432,0.52,23.29,Compact/Small,Premium Gasoline
LAND ROVER,DISCOVERY SPORT,SUV - SMALL,2.0,4,AS,Z,11.9,9.0,10.6,27,248,9,1.322,0.5,23.4,SUV,Premium Gasoline
LAND ROVER,LR4,SUV - STANDARD,3.0,6,AS,Z,16.2,12.1,14.3,20,336,8,1.339,0.5,23.5,SUV,Premium Gasoline
LAND ROVER,RANGE ROVER,SUV - STANDARD,3.0,6,AS,Z,14.2,10.2,12.4,23,291,8,1.392,0.5,23.47,SUV,Premium Gasoline
LAND ROVER,RANGE ROVER TD6 DIESEL,SUV - STANDARD,3.0,6,AS,D,10.6,8.1,9.4,30,254,8,1.309,0.5,27.02,SUV,Diesel
LAND ROVER,RANGE ROVER SUPERCHARGED,SUV - STANDARD,5.0,8,AS,Z,17.2,12.5,15.1,19,356,8,1.376,0.625,23.58,SUV,Premium Gasoline
LAND ROVER,RANGE ROVER SUPERCHARGED LWB,SUV - STANDARD,5.0,8,AS,Z,17.2,12.5,15.1,19,356,8,1.376,0.625,23.58,SUV,Premium Gasoline
LAND ROVER,RANGE ROVER SPORT,SUV - STANDARD,3.0,6,AS,Z,14.2,10.2,12.4,23,291,8,1.392,0.5,23.47,SUV,Premium Gasoline
LAND ROVER,RANGE ROVER SPORT TD6 DIESEL,SUV - STANDARD,3.0,6,AS,D,10.6,8.1,9.4,30,254,8,1.309,0.5,27.02,SUV,Diesel
LAND ROVER,RANGE ROVER SPORT SUPERCHARGED,SUV - STANDARD,5.0,8,AS,Z,16.6,12.3,14.7,19,344,8,1.35,0.625,23.4,SUV,Premium Gasoline
LAND ROVER,RANGE ROVER EVOQUE,SUV - SMALL,2.0,4,AS,Z,11.3,7.9,9.7,29,229,9,1.43,0.5,23.61,SUV,Premium Gasoline
LEXUS,CT 200h,COMPACT,1.8,4,AV,X,5.5,5.9,5.7,50,132,,0.932,0.45,23.16,Compact/Small,Regular Gasoline
LEXUS,ES 300h,MID-SIZE,2.5,4,AV,X,5.8,6.1,5.9,48,139,6,0.951,0.625,23.56,Mid-size,Regular Gasoline
LEXUS,ES 350,MID-SIZE,3.5,6,AS,X,11.4,7.6,9.7,29,225,6,1.5,0.583,23.2,Mid-size,Regular Gasoline
LEXUS,GS 200t,MID-SIZE,2.0,4,AS,Z,10.6,7.2,9.0,31,212,8,1.472,0.5,23.56,Mid-size,Premium Gasoline
LEXUS,GS 200t F SPORT,MID-SIZE,2.0,4,AS,Z,11.3,7.8,9.7,29,227,8,1.449,0.5,23.4,Mid-size,Premium Gasoline
LEXUS,GS 350,MID-SIZE,3.5,6,AS,Z,11.9,8.1,10.2,28,237,8,1.469,0.583,23.24,Mid-size,Premium Gasoline
LEXUS,GS 350 AWD,MID-SIZE,3.5,6,AS,Z,12.4,9.0,10.9,26,254,6,1.378,0.583,23.3,Mid-size,Premium Gasoline
LEXUS,GS 350 F SPORT,MID-SIZE,3.5,6,AS,Z,12.5,8.6,10.7,26,251,8,1.453,0.583,23.46,Mid-size,Premium Gasoline
LEXUS,GS 450h,MID-SIZE,3.5,6,AV,Z,8.1,6.9,7.6,37,177,8,1.174,0.583,23.29,Mid-size,Premium Gasoline
LEXUS,GS F,COMPACT,5.0,8,AS,Z,14.9,9.7,12.5,23,293,8,1.536,0.625,23.44,Compact/Small,Premium Gasoline
LEXUS,GX 460,SUV - STANDARD,4.6,8,AS,Z,15.7,11.7,13.9,20,322,6,1.342,0.575,23.17,SUV,Premium Gasoline
LEXUS,IS 200t,COMPACT,2.0,4,AS,Z,10.6,7.2,9.0,31,212,8,1.472,0.5,23.56,Compact/Small,Premium Gasoline
LEXUS,IS 300 AWD,COMPACT,3.5,6,AS,Z,12.6,9.2,11.1,25,258,6,1.37,0.583,23.24,Compact/Small,Premium Gasoline
LEXUS,IS 350,COMPACT,3.5,6,AS,Z,12.3,8.5,10.6,27,246,8,1.447,0.583,23.21,Compact/Small,Premium Gasoline
LEXUS,IS 350 AWD,COMPACT,3.5,6,AS,Z,12.6,9.2,11.1,25,258,6,1.37,0.583,23.24,Compact/Small,Premium Gasoline
LEXUS,LS 460,MID-SIZE,4.6,8,AS,Z,14.4,9.6,12.3,23,286,8,1.5,0.575,23.25,Mid-size,Premium Gasoline
LEXUS,LS 460 AWD,MID-SIZE,4.6,8,AS,Z,15.2,10.2,12.9,22,303,8,1.49,0.575,23.49,Mid-size,Premium Gasoline
LEXUS,LS 460 L AWD,MID-SIZE,4.6,8,AS,Z,15.2,10.2,12.9,22,303,8,1.49,0.575,23.49,Mid-size,Premium Gasoline
LEXUS,LS 600h L,MID-SIZE,5.0,8,AV,Z,12.7,10.1,11.5,25,268,8,1.257,0.625,23.3,Mid-size,Premium Gasoline
LEXUS,LX 570,SUV - STANDARD,5.7,8,AS,Z,18.3,12.9,15.9,18,371,8,1.419,0.712,23.33,SUV,Premium Gasoline
LEXUS,NX 200t AWD,SUV - SMALL,2.0,4,AS,Z,10.6,8.4,9.6,29,225,6,1.262,0.5,23.44,SUV,Premium Gasoline
LEXUS,NX 200t AWD F SPORT,SUV - SMALL,2.0,4,AS,Z,10.8,8.8,9.9,29,231,6,1.227,0.5,23.33,SUV,Premium Gasoline
LEXUS,NX 300h AWD,SUV - SMALL,2.5,4,AV,X,7.1,7.7,7.4,38,172,6,0.922,0.625,23.24,SUV,Regular Gasoline
LEXUS,RC 200t,SUBCOMPACT,2.0,4,AS,Z,10.6,7.4,9.0,31,214,8,1.432,0.5,23.78,Compact/Small,Premium Gasoline
LEXUS,RC 300 AWD,SUBCOMPACT,3.5,6,AS,Z,12.6,9.2,11.1,25,258,6,1.37,0.583,23.24,Compact/Small,Premium Gasoline
LEXUS,RC 350,SUBCOMPACT,3.5,6,AS,Z,12.3,8.5,10.6,27,246,8,1.447,0.583,23.21,Compact/Small,Premium Gasoline
LEXUS,RC 350 AWD,SUBCOMPACT,3.5,6,AS,Z,12.6,9.2,11.1,25,258,6,1.37,0.583,23.24,Compact/Small,Premium Gasoline
LEXUS,RC F,SUBCOMPACT,5.0,8,AS,Z,15.2,9.5,12.6,22,289,8,1.6,0.625,22.94,Compact/Small,Premium Gasoline
LEXUS,RX 350 AWD,SUV - SMALL,3.5,6,AS,X,12.2,8.9,10.7,26,251,8,1.371,0.583,23.46,SUV,Regular Gasoline
LEXUS,RX 450h AWD,SUV - STANDARD,3.5,6,AV,Z,7.7,8.2,8.0,35,186,6,0.939,0.583,23.25,SUV,Premium Gasoline
LINCOLN,MKC AWD,SUV - SMALL,2.0,4,AS,X,12.4,9.0,10.9,26,256,6,1.378,0.5,23.49,SUV,Regular Gasoline
LINCOLN,MKC AWD,SUV - SMALL,2.3,4,AS,X,12.8,9.1,11.1,25,261,6,1.407,0.575,23.51,SUV,Regular Gasoline
LINCOLN,MKS AWD,FULL-SIZE,3.5,6,AS,X,14.7,9.8,12.5,23,293,6,1.5,0.583,23.44,Mid-size,Regular Gasoline
LINCOLN,MKS AWD,FULL-SIZE,3.7,6,AS,X,14.2,9.8,12.2,23,287,6,1.449,0.617,23.52,Mid-size,Regular Gasoline
LINCOLN,MKT AWD,SUV - STANDARD,3.5,6,AS,X,15.7,11.2,13.7,21,322,6,1.402,0.583,23.5,SUV,Regular Gasoline
LINCOLN,MKT LIVERY,SPECIAL PURPOSE VEHICLE,2.0,4,AS,X,13.1,9.4,11.4,25,268,6,1.394,0.5,23.51,Other,Regular Gasoline
LINCOLN,MKT LIVERY AWD,SPECIAL PURPOSE VEHICLE,3.7,6,A,X,14.7,10.2,12.7,22,298,6,1.441,0.617,23.46,Other,Regular Gasoline
LINCOLN,MKX AWD,SUV - SMALL,2.7,6,AS,X,14.1,9.7,12.1,23,283,6,1.454,0.45,23.39,SUV,Regular Gasoline
LINCOLN,MKX AWD,SUV - SMALL,3.7,6,AS,X,14.4,10.3,12.5,23,293,6,1.398,0.617,23.44,SUV,Regular Gasoline
LINCOLN,MKZ,MID-SIZE,2.0,4,AS,X,10.5,7.0,8.9,32,210,6,1.5,0.5,23.6,Mid-size,Regular Gasoline
LINCOLN,MKZ,MID-SIZE,3.7,6,AS,X,12.8,8.7,10.9,26,257,6,1.471,0.617,23.58,Mid-size,Regular Gasoline
LINCOLN,MKZ AWD,MID-SIZE,2.0,4,AS,X,10.8,7.5,9.3,30,220,6,1.44,0.5,23.66,Mid-size,Regular Gasoline
LINCOLN,MKZ AWD,MID-SIZE,3.7,6,AS,X,13.8,9.7,11.9,24,279,6,1.423,0.617,23.45,Mid-size,Regular Gasoline
LINCOLN,MKZ HYBRID,MID-SIZE,2.0,4,AV,X,5.7,6.0,5.8,49,136,,0.95,0.5,23.45,Mid-size,Regular Gasoline
LINCOLN,NAVIGATOR 4X4,SUV - STANDARD,3.5,6,AS,X,16.2,11.9,14.3,20,334,6,1.361,0.583,23.36,SUV,Regular Gasoline
LINCOLN,NAVIGATOR L 4X4,SUV - STANDARD,3.5,6,AS,X,16.1,12.4,14.4,20,339,6,1.298,0.583,23.54,SUV,Regular Gasoline
MASERATI,GHIBLI,MID-SIZE,3.0,6,AS,Z,14.1,9.8,12.2,23,286,8,1.439,0.5,23.44,Mid-size,Premium Gasoline
MASERATI,GHIBLI S,MID-SIZE,3.0,6,AS,Z,14.5,10.0,12.5,23,293,8,1.45,0.5,23.44,Mid-size,Premium Gasoline
MASERATI,GHIBLI SQ4,MID-SIZE,3.0,6,AS,Z,15.0,10.0,12.6,22,295,8,1.5,0.5,23.41,Mid-size,Premium Gasoline
MASERATI,GRANTURISMO,SUBCOMPACT,4.7,8,AS,Z,18.2,11.4,15.1,19,357,6,1.596,0.588,23.64,Compact/Small,Premium Gasoline
MASERATI,GRANTURISMO CONVERTIBLE,SUBCOMPACT,4.7,8,AS,Z,18.2,11.6,15.2,19,360,6,1.569,0.588,23.68,Compact/Small,Premium Gasoline
MASERATI,QUATTROPORTE GTS,FULL-SIZE,3.8,8,AS,Z,16.2,11.0,14.0,20,322,8,1.473,0.475,23.0,Mid-size,Premium Gasoline
MASERATI,QUATTROPORTE S,FULL-SIZE,3.0,6,AS,Z,15.2,10.2,12.9,22,300,8,1.49,0.5,23.26,Mid-size,Premium Gasoline
MASERATI,QUATTROPORTE SQ4,FULL-SIZE,3.0,6,AS,Z,15.1,10.2,12.9,22,302,8,1.48,0.5,23.41,Mid-size,Premium Gasoline
MAZDA,CX-3,COMPACT,2.0,4,AS,X,8.2,6.7,7.6,37,179,6,1.224,0.5,23.55,Compact/Small,Regular Gasoline
MAZDA,CX-3 4WD,COMPACT,2.0,4,AS,X,8.8,7.3,8.1,35,189,6,1.205,0.5,23.33,Compact/Small,Regular Gasoline
MAZDA,CX-5,SUV - SMALL,2.0,4,AS,X,9.0,7.3,8.2,34,192,6,1.233,0.5,23.41,SUV,Regular Gasoline
MAZDA,CX-5,SUV - SMALL,2.5,4,AS,X,8.9,7.1,8.1,35,190,6,1.254,0.625,23.46,SUV,Regular Gasoline
MAZDA,CX-5 (SIL),SUV - SMALL,2.0,4,M,X,9.0,6.8,8.0,35,188,6,1.324,0.5,23.5,SUV,Regular Gasoline
MAZDA,CX-5 4WD,SUV - SMALL,2.0,4,AS,X,9.3,7.6,8.5,33,199,6,1.224,0.5,23.41,SUV,Regular Gasoline
MAZDA,CX-5 4WD,SUV - SMALL,2.5,4,AS,X,9.8,7.9,9.0,31,210,6,1.241,0.625,23.33,SUV,Regular Gasoline
MAZDA,MAZDA3 4-DOOR,COMPACT,2.0,4,AS,X,7.9,5.7,6.9,41,162,6,1.386,0.5,23.48,Compact/Small,Regular Gasoline
MAZDA,MAZDA3 4-DOOR (SIL),COMPACT,2.0,4,M,X,8.0,5.8,7.0,40,165,6,1.379,0.5,23.57,Compact/Small,Regular Gasoline
MAZDA,MAZDA3 4-DOOR,COMPACT,2.5,4,AS,X,8.4,6.1,7.4,38,173,6,1.377,0.625,23.38,Compact/Small,Regular Gasoline
MAZDA,MAZDA3 4-DOOR (i-ELOOP),COMPACT,2.5,4,AS,X,8.2,5.9,7.2,39,169,6,1.39,0.625,23.47,Compact/Small,Regular Gasoline
MAZDA,MAZDA3 4-DOOR (SIL),COMPACT,2.5,4,M,X,9.3,6.4,8.0,35,189,6,1.453,0.625,23.62,Compact/Small,Regular Gasoline
MAZDA,MAZDA3 5-DOOR,MID-SIZE,2.0,4,AS,X,8.0,5.9,7.0,40,165,6,1.356,0.5,23.57,Mid-size,Regular Gasoline
MAZDA,MAZDA3 5-DOOR (SIL),MID-SIZE,2.0,4,M,X,8.2,5.9,7.1,40,167,6,1.39,0.5,23.52,Mid-size,Regular Gasoline
MAZDA,MAZDA3 5-DOOR,MID-SIZE,2.5,4,AS,X,8.7,6.5,7.7,37,182,6,1.338,0.625,23.64,Mid-size,Regular Gasoline
MAZDA,MAZDA3 5-DOOR (i-ELOOP),MID-SIZE,2.5,4,AS,X,8.2,6.0,7.2,39,170,6,1.367,0.625,23.61,Mid-size,Regular Gasoline
MAZDA,MAZDA3 5-DOOR (SIL),MID-SIZE,2.5,4,M,X,9.2,6.6,8.1,35,190,6,1.394,0.625,23.46,Mid-size,Regular Gasoline
MAZDA,MAZDA5,MINIVAN,2.5,4,AS,X,10.8,8.3,9.7,29,226,5,1.301,0.625,23.3,Truck/Van,Regular Gasoline
MAZDA,MAZDA5,MINIVAN,2.5,4,M,X,11.1,8.3,9.8,29,229,6,1.337,0.625,23.37,Truck/Van,Regular Gasoline
MAZDA,MAZDA6,MID-SIZE,2.5,4,AS,X,8.8,6.1,7.6,37,178,6,1.443,0.625,23.42,Mid-size,Regular Gasoline
MAZDA,MAZDA6 (i-ELOOP),MID-SIZE,2.5,4,AS,X,8.5,5.9,7.3,39,171,6,1.441,0.625,23.42,Mid-size,Regular Gasoline
MAZDA,MAZDA6 (SIL),MID-SIZE,2.5,4,M,X,9.4,6.4,8.1,35,188,6,1.469,0.625,23.21,Mid-size,Regular Gasoline
MAZDA,MX-5,TWO-SEATER,2.0,4,AS,Z,8.9,6.5,7.8,36,183,6,1.369,0.5,23.46,Compact/Small,Premium Gasoline
MAZDA,MX-5 (SIL),TWO-SEATER,2.0,4,M,Z,8.8,6.9,7.8,36,183,6,1.275,0.5,23.46,Compact/Small,Premium Gasoline
MERCEDES-BENZ,AMG C 63,COMPACT,4.0,8,AS,Z,13.4,9.6,11.7,24,268,7,1.396,0.5,22.91,Compact/Small,Premium Gasoline
MERCEDES-BENZ,AMG C 63 S,COMPACT,4.0,8,AS,Z,13.4,9.6,11.7,24,268,7,1.396,0.5,22.91,Compact/Small,Premium Gasoline
MERCEDES-BENZ,AMG CLA 45,COMPACT,2.0,4,AS,Z,10.2,7.7,9.1,31,214,7,1.325,0.5,23.52,Compact/Small,Premium Gasoline
MERCEDES-BENZ,AMG CLS 63 S 4MATIC,COMPACT,5.5,8,AS,Z,15.1,10.8,13.1,22,308,7,1.398,0.688,23.51,Compact/Small,Premium Gasoline
MERCEDES-BENZ,AMG E 63 S 4MATIC,MID-SIZE,5.5,8,AS,Z,15.3,10.8,13.3,21,310,7,1.417,0.688,23.31,Mid-size,Premium Gasoline
MERCEDES-BENZ,AMG E 63 S 4MATIC WAGON,STATION WAGON - MID-SIZE,5.5,8,AS,Z,15.2,11.0,13.3,21,310,7,1.382,0.688,23.31,Mid-size,Premium Gasoline
MERCEDES-BENZ,AMG G 63,SUV - STANDARD,5.5,8,AS,Z,20.0,16.6,18.5,15,417,7,1.205,0.688,22.54,SUV,Premium Gasoline
MERCEDES-BENZ,AMG G 65,SUV - STANDARD,6.0,12,AS,Z,24.3,17.9,21.4,13,476,7,1.358,0.5,22.24,SUV,Premium Gasoline
MERCEDES-BENZ,AMG GL 63 S,SUV - STANDARD,5.5,8,AS,Z,18.2,14.0,16.3,17,369,7,1.3,0.688,22.64,SUV,Premium Gasoline
MERCEDES-BENZ,AMG GLA 45,SUV - SMALL,2.0,4,AS,Z,10.3,8.1,9.3,30,216,7,1.272,0.5,23.23,SUV,Premium Gasoline
MERCEDES-BENZ,AMG GLE 63 S 4MATIC,SUV - STANDARD,5.5,8,AS,Z,17.3,13.5,15.6,18,366,7,1.281,0.688,23.46,SUV,Premium Gasoline
MERCEDES-BENZ,AMG GLE 63 S COUPE 4MATIC,SUV - STANDARD,5.5,8,AS,Z,17.2,12.8,15.2,19,363,7,1.344,0.688,23.88,SUV,Premium Gasoline
MERCEDES-BENZ,AMG GT S,TWO-SEATER,4.0,8,AM,Z,14.5,10.8,12.8,22,303,7,1.343,0.5,23.67,Compact/Small,Premium Gasoline
MERCEDES-BENZ,AMG S 63,FULL-SIZE,5.5,8,AS,Z,15.7,10.1,13.2,21,313,7,1.554,0.688,23.71,Mid-size,Premium Gasoline
MERCEDES-BENZ,AMG S 63 COUPE,COMPACT,5.5,8,AS,Z,15.3,10.2,13.0,22,313,7,1.5,0.688,24.08,Compact/Small,Premium Gasoline
MERCEDES-BENZ,AMG S 65,FULL-SIZE,6.0,12,AS,Z,18.5,11.8,15.5,18,361,7,1.568,0.5,23.29,Mid-size,Premium Gasoline
MERCEDES-BENZ,AMG S 65 COUPE,COMPACT,6.0,12,AS,Z,18.0,11.3,15.0,19,355,7,1.593,0.5,23.67,Compact/Small,Premium Gasoline
MERCEDES-BENZ,AMG SL 63,TWO-SEATER,5.5,8,AS,Z,14.7,9.5,12.4,23,298,7,1.547,0.688,24.03,Compact/Small,Premium Gasoline
MERCEDES-BENZ,AMG SL 65,TWO-SEATER,6.0,12,AS,Z,16.7,11.2,14.2,20,335,7,1.491,0.5,23.59,Compact/Small,Premium Gasoline
MERCEDES-BENZ,AMG SLK 55,TWO-SEATER,5.5,8,AS,Z,12.4,8.5,10.6,27,252,7,1.459,0.688,23.77,Compact/Small,Premium Gasoline
MERCEDES-BENZ,B 250,MID-SIZE,2.0,4,AS,Z,9.2,6.6,8.0,35,188,7,1.394,0.5,23.5,Mid-size,Premium Gasoline
MERCEDES-BENZ,B 250 4MATIC,MID-SIZE,2.0,4,AS,Z,10.0,7.5,8.9,32,206,7,1.333,0.5,23.15,Mid-size,Premium Gasoline
MERCEDES-BENZ,C 300 4MATIC,COMPACT,2.0,4,AS,Z,10.1,7.8,9.0,31,212,7,1.295,0.5,23.56,Compact/Small,Premium Gasoline
MERCEDES-BENZ,C 450 AMG SPORT 4MATIC,COMPACT,3.0,6,AS,Z,11.1,9.6,10.4,27,231,7,1.156,0.5,22.21,Compact/Small,Premium Gasoline
MERCEDES-BENZ,CLA 250,COMPACT,2.0,4,AS,Z,9.4,6.4,8.1,35,188,7,1.469,0.5,23.21,Compact/Small,Premium Gasoline
MERCEDES-BENZ,CLA 250 4MATIC FFV,COMPACT,2.0,4,AS,Z,9.8,7.1,8.6,33,198,7,1.38,0.5,23.02,Compact/Small,Premium Gasoline
MERCEDES-BENZ,CLA 250 4MATIC FFV,COMPACT,2.0,4,AS,E,13.1,9.8,11.6,24,198,7,1.337,0.5,17.07,Compact/Small,Ethanol (E85)
MERCEDES-BENZ,CLS 400 4MATIC,COMPACT,3.0,6,AS,Z,12.2,8.8,10.7,26,252,7,1.386,0.5,23.55,Compact/Small,Premium Gasoline
MERCEDES-BENZ,CLS 550 4MATIC,COMPACT,4.7,8,AS,Z,13.7,9.3,11.7,24,277,7,1.473,0.588,23.68,Compact/Small,Premium Gasoline
MERCEDES-BENZ,E 250 BLUETEC 4MATIC,MID-SIZE,2.1,4,AS,D,8.6,6.0,7.4,38,200,7,1.433,0.525,27.03,Mid-size,Diesel
MERCEDES-BENZ,E 300 4MATIC,MID-SIZE,3.5,6,AS,Z,11.9,8.2,10.2,28,240,7,1.451,0.583,23.53,Mid-size,Premium Gasoline
MERCEDES-BENZ,E 400 4MATIC,MID-SIZE,3.0,6,AS,Z,12.0,8.5,10.4,27,244,7,1.412,0.5,23.46,Mid-size,Premium Gasoline
MERCEDES-BENZ,E 400 4MATIC COUPE,SUBCOMPACT,3.0,6,AS,Z,11.8,8.4,10.2,28,239,7,1.405,0.5,23.43,Compact/Small,Premium Gasoline
MERCEDES-BENZ,E 400 4MATIC WAGON,STATION WAGON - MID-SIZE,3.0,6,AS,Z,12.4,8.9,10.8,26,253,7,1.393,0.5,23.43,Mid-size,Premium Gasoline
MERCEDES-BENZ,E 400 CABRIOLET,SUBCOMPACT,3.0,6,AS,Z,11.5,8.1,10.0,28,233,7,1.42,0.5,23.3,Compact/Small,Premium Gasoline
MERCEDES-BENZ,E 550 4MATIC,MID-SIZE,4.7,8,AS,Z,12.9,9.6,11.4,25,270,7,1.344,0.588,23.68,Mid-size,Premium Gasoline
MERCEDES-BENZ,E 550 CABRIOLET,SUBCOMPACT,4.7,8,AS,Z,13.7,9.2,11.7,24,275,7,1.489,0.588,23.5,Compact/Small,Premium Gasoline
MERCEDES-BENZ,E 550 COUPE,SUBCOMPACT,4.7,8,AS,Z,13.4,8.9,11.4,25,268,7,1.506,0.588,23.51,Compact/Small,Premium Gasoline
MERCEDES-BENZ,G 550,SUV - STANDARD,5.5,8,AS,Z,19.0,16.5,17.9,16,401,7,1.152,0.688,22.4,SUV,Premium Gasoline
MERCEDES-BENZ,GL 350 BLUETEC 4MATIC,SUV - STANDARD,3.0,6,AS,D,13.6,10.0,12.0,24,322,7,1.36,0.5,26.83,SUV,Diesel
MERCEDES-BENZ,GL 450 4MATIC,SUV - STANDARD,3.0,6,AS,Z,15.2,12.6,14.0,20,298,7,1.206,0.5,21.29,SUV,Premium Gasoline
MERCEDES-BENZ,GL 550 4MATIC,SUV - STANDARD,4.7,8,AS,Z,17.5,13.1,15.5,18,365,7,1.336,0.588,23.55,SUV,Premium Gasoline
MERCEDES-BENZ,GLA 250 4MATIC,SUV - SMALL,2.0,4,AS,Z,9.8,7.4,8.7,32,203,7,1.324,0.5,23.33,SUV,Premium Gasoline
MERCEDES-BENZ,GLE 350d 4MATIC,SUV - STANDARD,3.0,6,A,D,10.1,8.0,9.2,31,246,9,1.262,0.5,26.74,SUV,Diesel
MERCEDES-BENZ,GLE 350d 4MATIC COUPE,SUV - STANDARD,3.0,6,A,D,10.4,8.2,9.4,30,253,9,1.268,0.5,26.91,SUV,Diesel
MERCEDES-BENZ,GLE 400 4MATIC,SUV - STANDARD,3.0,6,AS,Z,13.3,10.4,12.0,24,282,7,1.279,0.5,23.5,SUV,Premium Gasoline
MERCEDES-BENZ,GLE 450 AMG SPORT 4MATIC COUPE,SUV - STANDARD,3.0,6,A,Z,13.6,10.2,12.0,24,281,9,1.333,0.5,23.42,SUV,Premium Gasoline
MERCEDES-BENZ,GLE 550 4MATIC,SUV - STANDARD,4.7,8,AS,Z,16.2,11.8,14.2,20,335,7,1.373,0.588,23.59,SUV,Premium Gasoline
MERCEDES-BENZ,MAYBACH S 600,FULL-SIZE,6.0,12,AS,Z,18.2,11.7,15.3,18,359,7,1.556,0.5,23.46,Mid-size,Premium Gasoline
MERCEDES-BENZ,METRIS CARGO,SPECIAL PURPOSE VEHICLE,2.0,4,AS,Z,10.8,9.5,10.2,28,233,7,1.137,0.5,22.84,Other,Premium Gasoline
MERCEDES-BENZ,METRIS PASSENGER,SPECIAL PURPOSE VEHICLE,2.0,4,AS,Z,11.5,10.2,10.9,26,248,7,1.127,0.5,22.75,Other,Premium Gasoline
MERCEDES-BENZ,S 400 4MATIC SWB,MID-SIZE,3.0,6,AS,Z,12.6,8.6,10.8,26,253,7,1.465,0.5,23.43,Mid-size,Premium Gasoline
MERCEDES-BENZ,S 550 4MATIC SWB,MID-SIZE,4.7,8,AS,Z,14.7,9.1,12.2,23,294,7,1.615,0.588,24.1,Mid-size,Premium Gasoline
MERCEDES-BENZ,S 550 4MATIC LWB,FULL-SIZE,4.7,8,AS,Z,14.8,9.8,12.5,23,287,7,1.51,0.588,22.96,Mid-size,Premium Gasoline
MERCEDES-BENZ,S 550 4MATIC COUPE,COMPACT,4.7,8,AS,Z,14.4,9.8,12.3,23,289,7,1.469,0.588,23.5,Compact/Small,Premium Gasoline
MERCEDES-BENZ,S 600,FULL-SIZE,6.0,12,AS,Z,17.3,11.0,14.5,19,340,7,1.573,0.5,23.45,Mid-size,Premium Gasoline
MERCEDES-BENZ,SL 550,TWO-SEATER,4.7,8,AS,Z,14.6,9.6,12.3,23,289,7,1.521,0.588,23.5,Compact/Small,Premium Gasoline
MERCEDES-BENZ,SLK 300,TWO-SEATER,2.0,4,A,Z,9.6,7.3,8.5,33,199,9,1.315,0.5,23.41,Compact/Small,Premium Gasoline
MERCEDES-BENZ,SLK 350,TWO-SEATER,3.5,6,AS,Z,11.1,8.1,9.8,29,229,7,1.37,0.583,23.37,Compact/Small,Premium Gasoline
MINI,COOPER 3 DOOR,SUBCOMPACT,1.5,3,AS,Z,8.7,6.6,7.7,37,181,6,1.318,0.5,23.51,Compact/Small,Premium Gasoline
MINI,COOPER 3 DOOR,SUBCOMPACT,1.5,3,M,Z,8.4,6.0,7.3,39,172,6,1.4,0.5,23.56,Compact/Small,Premium Gasoline
MINI,COOPER 5 DOOR,SUBCOMPACT,1.5,3,AS,Z,8.7,6.6,7.7,37,181,6,1.318,0.5,23.51,Compact/Small,Premium Gasoline
MINI,COOPER 5 DOOR,SUBCOMPACT,1.5,3,M,Z,8.2,6.0,7.2,39,170,6,1.367,0.5,23.61,Compact/Small,Premium Gasoline
MINI,COOPER CLUBMAN,MID-SIZE,1.5,3,AS,Z,9.4,7.0,8.3,34,195,6,1.343,0.5,23.49,Mid-size,Premium Gasoline
MINI,COOPER CLUBMAN,MID-SIZE,1.5,3,M,Z,9.5,6.6,8.2,34,194,6,1.439,0.5,23.66,Mid-size,Premium Gasoline
MINI,COOPER CONVERTIBLE,MINICOMPACT,1.5,3,AS,Z,8.7,6.6,7.7,37,181,6,1.318,0.5,23.51,Compact/Small,Premium Gasoline
MINI,COOPER CONVERTIBLE,MINICOMPACT,1.5,3,M,Z,8.2,6.0,7.2,39,170,6,1.367,0.5,23.61,Compact/Small,Premium Gasoline
MINI,COOPER S 3 DOOR,SUBCOMPACT,2.0,4,AS,Z,9.2,7.0,8.2,34,193,6,1.314,0.5,23.54,Compact/Small,Premium Gasoline
MINI,COOPER S 3 DOOR,SUBCOMPACT,2.0,4,M,Z,10.0,7.0,8.7,32,203,6,1.429,0.5,23.33,Compact/Small,Premium Gasoline
MINI,COOPER S 5 DOOR,SUBCOMPACT,2.0,4,AS,Z,9.2,7.0,8.2,34,193,6,1.314,0.5,23.54,Compact/Small,Premium Gasoline
MINI,COOPER S 5 DOOR,SUBCOMPACT,2.0,4,M,Z,10.0,7.0,8.7,32,203,6,1.429,0.5,23.33,Compact/Small,Premium Gasoline
MINI,COOPER S CLUBMAN,MID-SIZE,2.0,4,AS,Z,9.7,7.0,8.5,33,198,6,1.386,0.5,23.29,Mid-size,Premium Gasoline
MINI,COOPER S CLUBMAN,MID-SIZE,2.0,4,M,Z,10.6,7.4,9.2,31,215,6,1.432,0.5,23.37,Mid-size,Premium Gasoline
MINI,COOPER S CONVERTIBLE,MINICOMPACT,2.0,4,AS,Z,9.7,7.0,8.5,33,198,6,1.386,0.5,23.29,Compact/Small,Premium Gasoline
MINI,COOPER S CONVERTIBLE,MINICOMPACT,2.0,4,M,Z,10.0,7.0,8.7,32,203,6,1.429,0.5,23.33,Compact/Small,Premium Gasoline
MINI,COOPER S COUNTRYMAN ALL4,COMPACT,1.6,4,AS,Z,10.1,7.7,9.0,31,212,6,1.312,0.4,23.56,Compact/Small,Premium Gasoline
MINI,COOPER S COUNTRYMAN ALL4,COMPACT,1.6,4,M,Z,9.4,7.6,8.6,33,201,6,1.237,0.4,23.37,Compact/Small,Premium Gasoline
MINI,COOPER S PACEMAN ALL4,COMPACT,1.6,4,AS,Z,10.1,7.7,9.0,31,212,6,1.312,0.4,23.56,Compact/Small,Premium Gasoline
MINI,COOPER S PACEMAN ALL4,COMPACT,1.6,4,M,Z,9.4,7.6,8.6,33,201,6,1.237,0.4,23.37,Compact/Small,Premium Gasoline
MINI,JOHN COOPER WORKS,SUBCOMPACT,2.0,4,AS,Z,9.4,7.5,8.5,33,199,6,1.253,0.5,23.41,Compact/Small,Premium Gasoline
MINI,JOHN COOPER WORKS,SUBCOMPACT,2.0,4,M,Z,10.4,7.7,9.2,31,214,6,1.351,0.5,23.26,Compact/Small,Premium Gasoline
MINI,JOHN COOPER WORKS COUNTRYMAN ALL4,COMPACT,1.6,4,AS,Z,10.1,7.7,9.0,31,212,6,1.312,0.4,23.56,Compact/Small,Premium Gasoline
MINI,JOHN COOPER WORKS COUNTRYMAN ALL4,COMPACT,1.6,4,M,Z,9.4,7.6,8.6,33,201,6,1.237,0.4,23.37,Compact/Small,Premium Gasoline
MINI,JOHN COOPER WORKS PACEMAN ALL4,COMPACT,1.6,4,AS,Z,10.1,7.7,9.0,31,212,6,1.312,0.4,23.56,Compact/Small,Premium Gasoline
MINI,JOHN COOPER WORKS PACEMAN ALL4,COMPACT,1.6,4,M,Z,9.4,7.6,8.6,33,201,6,1.237,0.4,23.37,Compact/Small,Premium Gasoline
MITSUBISHI,LANCER,COMPACT,2.0,4,AV,X,8.6,6.8,7.8,36,181,6,1.265,0.5,23.21,Compact/Small,Regular Gasoline
MITSUBISHI,LANCER,COMPACT,2.0,4,M,X,9.6,7.0,8.4,34,198,5,1.371,0.5,23.57,Compact/Small,Regular Gasoline
MITSUBISHI,LANCER,COMPACT,2.4,4,AV,X,9.8,7.6,8.8,32,204,6,1.289,0.6,23.18,Compact/Small,Regular Gasoline
MITSUBISHI,LANCER,COMPACT,2.4,4,M,X,10.5,7.7,9.2,31,217,5,1.364,0.6,23.59,Compact/Small,Regular Gasoline
MITSUBISHI,LANCER 4WD,COMPACT,2.4,4,AV,X,10.2,7.8,9.1,31,210,6,1.308,0.6,23.08,Compact/Small,Regular Gasoline
MITSUBISHI,LANCER SPORTBACK,STATION WAGON - SMALL,2.0,4,AV,X,9.2,7.1,8.3,34,191,6,1.296,0.5,23.01,Mid-size,Regular Gasoline
MITSUBISHI,LANCER SPORTBACK,STATION WAGON - SMALL,2.0,4,M,X,9.9,7.2,8.7,32,203,5,1.375,0.5,23.33,Mid-size,Regular Gasoline
MITSUBISHI,MIRAGE,COMPACT,1.2,3,AV,X,6.4,5.3,5.9,48,139,,1.208,0.4,23.56,Compact/Small,Regular Gasoline
MITSUBISHI,MIRAGE,COMPACT,1.2,3,M,X,7.0,5.6,6.3,45,147,5,1.25,0.4,23.33,Compact/Small,Regular Gasoline
MITSUBISHI,OUTLANDER,SUV - SMALL,2.4,4,AV,X,9.2,7.5,8.4,34,193,6,1.227,0.6,22.98,SUV,Regular Gasoline
MITSUBISHI,OUTLANDER 4WD,SUV - SMALL,2.4,4,AV,X,9.7,8.1,9.0,31,207,6,1.198,0.6,23.0,SUV,Regular Gasoline
MITSUBISHI,OUTLANDER 4WD,SUV - SMALL,3.0,6,AS,Z,11.9,8.5,10.4,27,238,6,1.4,0.5,22.88,SUV,Premium Gasoline
MITSUBISHI,RVR,SUV - SMALL,2.0,4,AV,X,9.6,7.6,8.7,32,202,6,1.263,0.5,23.22,SUV,Regular Gasoline
MITSUBISHI,RVR,SUV - SMALL,2.0,4,M,X,10.3,8.0,9.3,30,214,5,1.288,0.5,23.01,SUV,Regular Gasoline
MITSUBISHI,RVR 4WD,SUV - SMALL,2.4,4,AV,X,10.5,8.6,9.6,29,223,6,1.221,0.6,23.23,SUV,Regular Gasoline
NISSAN,370Z,TWO-SEATER,3.7,6,AS,Z,12.6,9.2,11.1,25,260,7,1.37,0.617,23.42,Compact/Small,Premium Gasoline
NISSAN,370Z,TWO-SEATER,3.7,6,M,Z,13.3,9.3,11.5,25,269,6,1.43,0.617,23.39,Compact/Small,Premium Gasoline
NISSAN,370Z ROADSTER,TWO-SEATER,3.7,6,AS,Z,13.1,9.6,11.5,25,270,7,1.365,0.617,23.48,Compact/Small,Premium Gasoline
NISSAN,370Z ROADSTER,TWO-SEATER,3.7,6,M,Z,13.6,9.7,11.8,24,278,6,1.402,0.617,23.56,Compact/Small,Premium Gasoline
NISSAN,ALTIMA,MID-SIZE,2.5,4,AV,X,8.7,6.0,7.5,38,176,,1.45,0.625,23.47,Mid-size,Regular Gasoline
NISSAN,ALTIMA 3.5,MID-SIZE,3.5,6,AV,X,10.3,7.4,9.0,31,212,7,1.392,0.583,23.56,Mid-size,Regular Gasoline
NISSAN,ALTIMA SR,MID-SIZE,2.5,4,AV,X,8.9,6.3,7.7,37,181,7,1.413,0.625,23.51,Mid-size,Regular Gasoline
NISSAN,FRONTIER,PICKUP TRUCK - SMALL,2.5,4,A,X,13.6,10.4,12.1,23,285,5,1.308,0.625,23.55,Truck/Van,Regular Gasoline
NISSAN,FRONTIER,PICKUP TRUCK - SMALL,2.5,4,M,X,12.2,10.2,11.3,25,266,5,1.196,0.625,23.54,Truck/Van,Regular Gasoline
NISSAN,FRONTIER,PICKUP TRUCK - SMALL,4.0,6,A,X,14.8,10.3,12.7,22,300,5,1.437,0.667,23.62,Truck/Van,Regular Gasoline
NISSAN,FRONTIER 4WD,PICKUP TRUCK - SMALL,4.0,6,A,X,15.7,11.3,13.7,21,322,5,1.389,0.667,23.5,Truck/Van,Regular Gasoline
NISSAN,FRONTIER 4WD,PICKUP TRUCK - SMALL,4.0,6,M,X,15.0,11.2,13.3,21,313,6,1.339,0.667,23.53,Truck/Van,Regular Gasoline
NISSAN,GT-R,SUBCOMPACT,3.8,6,AM,Z,14.3,10.5,12.6,22,294,6,1.362,0.633,23.33,Compact/Small,Premium Gasoline
NISSAN,JUKE,STATION WAGON - SMALL,1.6,4,AV,Z,8.5,7.2,7.9,36,186,7,1.181,0.4,23.54,Mid-size,Premium Gasoline
NISSAN,JUKE,STATION WAGON - SMALL,1.6,4,M,Z,8.5,6.9,7.8,36,183,6,1.232,0.4,23.46,Mid-size,Premium Gasoline
NISSAN,JUKE AWD,STATION WAGON - SMALL,1.6,4,AV,Z,8.8,7.5,8.2,34,194,7,1.173,0.4,23.66,Mid-size,Premium Gasoline
NISSAN,JUKE NISMO RS,STATION WAGON - SMALL,1.6,4,M,Z,8.9,7.5,8.3,34,194,6,1.187,0.4,23.37,Mid-size,Premium Gasoline
NISSAN,JUKE NISMO RS AWD,STATION WAGON - SMALL,1.6,4,AV,Z,9.4,8.1,8.8,32,208,8,1.16,0.4,23.64,Mid-size,Premium Gasoline
NISSAN,MAXIMA,MID-SIZE,3.5,6,AV,Z,10.9,7.8,9.5,30,223,7,1.397,0.583,23.47,Mid-size,Premium Gasoline
NISSAN,MICRA,COMPACT,1.6,4,A,X,8.8,6.6,7.8,36,184,4,1.333,0.4,23.59,Compact/Small,Regular Gasoline
NISSAN,MICRA,COMPACT,1.6,4,M,X,8.6,6.6,7.7,37,182,5,1.303,0.4,23.64,Compact/Small,Regular Gasoline
NISSAN,MURANO,STATION WAGON - MID-SIZE,3.5,6,AV,X,11.0,8.2,9.8,29,230,7,1.341,0.583,23.47,Mid-size,Regular Gasoline
NISSAN,MURANO AWD,STATION WAGON - MID-SIZE,3.5,6,AV,X,11.2,8.3,9.9,29,232,7,1.349,0.583,23.43,Mid-size,Regular Gasoline
NISSAN,NV200 CARGO VAN,SPECIAL PURPOSE VEHICLE,2.0,4,AV,X,9.7,9.0,9.4,30,220,,1.078,0.5,23.4,Other,Regular Gasoline
NISSAN,PATHFINDER,SUV - SMALL,3.5,6,AV,X,11.9,8.6,10.4,27,245,,1.384,0.583,23.56,SUV,Regular Gasoline
NISSAN,PATHFINDER 4WD,SUV - SMALL,3.5,6,AV,X,12.1,8.9,10.7,26,251,,1.36,0.583,23.46,SUV,Regular Gasoline
NISSAN,PATHFINDER 4WD PLATINUM,SUV - SMALL,3.5,6,AV,X,12.7,9.0,11.0,26,258,,1.411,0.583,23.45,SUV,Regular Gasoline
NISSAN,ROGUE,SUV - SMALL,2.5,4,AV,X,9.1,7.1,8.2,34,194,,1.282,0.625,23.66,SUV,Regular Gasoline
NISSAN,ROGUE AWD,SUV - SMALL,2.5,4,AV,X,9.5,7.4,8.6,33,201,,1.284,0.625,23.37,SUV,Regular Gasoline
NISSAN,SENTRA,MID-SIZE,1.8,4,AV,X,8.0,6.1,7.2,39,167,,1.311,0.45,23.19,Mid-size,Regular Gasoline
NISSAN,SENTRA,MID-SIZE,1.8,4,M,X,8.9,6.6,7.9,36,184,6,1.348,0.45,23.29,Mid-size,Regular Gasoline
NISSAN,VERSA,MID-SIZE,1.6,4,AV,X,7.5,6.0,6.8,42,161,,1.25,0.4,23.68,Mid-size,Regular Gasoline
NISSAN,VERSA,MID-SIZE,1.6,4,M,X,8.6,6.5,7.6,37,179,5,1.323,0.4,23.55,Mid-size,Regular Gasoline
PORSCHE,911 CARRERA,MINICOMPACT,3.4,6,AM,Z,11.6,8.4,10.1,28,238,7,1.381,0.567,23.56,Compact/Small,Premium Gasoline
PORSCHE,911 CARRERA,MINICOMPACT,3.4,6,M,Z,12.3,8.6,10.6,27,249,7,1.43,0.567,23.49,Compact/Small,Premium Gasoline
PORSCHE,911 CARRERA CABRIOLET,MINICOMPACT,3.4,6,AM,Z,11.5,8.4,10.1,28,236,7,1.369,0.567,23.37,Compact/Small,Premium Gasoline
PORSCHE,911 CARRERA CABRIOLET,MINICOMPACT,3.4,6,M,Z,12.3,8.7,10.7,26,251,7,1.414,0.567,23.46,Compact/Small,Premium Gasoline
PORSCHE,911 CARRERA GTS,MINICOMPACT,3.8,6,AM,Z,12.7,9.0,11.0,26,259,7,1.411,0.633,23.55,Compact/Small,Premium Gasoline
PORSCHE,911 CARRERA GTS,MINICOMPACT,3.8,6,M,Z,12.9,9.0,11.2,25,262,7,1.433,0.633,23.39,Compact/Small,Premium Gasoline
PORSCHE,911 CARRERA GTS CABRIOLET,MINICOMPACT,3.8,6,AM,Z,12.7,9.2,11.1,25,260,7,1.38,0.633,23.42,Compact/Small,Premium Gasoline
PORSCHE,911 CARRERA GTS CABRIOLET,MINICOMPACT,3.8,6,M,Z,13.4,9.3,11.6,24,272,7,1.441,0.633,23.45,Compact/Small,Premium Gasoline
PORSCHE,911 CARRERA S,MINICOMPACT,3.8,6,AM,Z,11.9,8.7,10.5,27,245,7,1.368,0.633,23.33,Compact/Small,Premium Gasoline
PORSCHE,911 CARRERA S,MINICOMPACT,3.8,6,M,Z,12.4,8.7,10.7,26,252,7,1.425,0.633,23.55,Compact/Small,Premium Gasoline
PORSCHE,911 CARRERA S CABRIOLET,MINICOMPACT,3.8,6,AM,Z,12.2,8.7,10.6,27,250,7,1.402,0.633,23.58,Compact/Small,Premium Gasoline
PORSCHE,911 CARRERA S CABRIOLET,MINICOMPACT,3.8,6,M,Z,12.5,8.9,10.9,26,255,7,1.404,0.633,23.39,Compact/Small,Premium Gasoline
PORSCHE,911 CARRERA 4,MINICOMPACT,3.4,6,AM,Z,11.7,8.5,10.2,28,240,7,1.376,0.567,23.53,Compact/Small,Premium Gasoline
PORSCHE,911 CARRERA 4,MINICOMPACT,3.4,6,M,Z,12.3,8.7,10.7,26,251,7,1.414,0.567,23.46,Compact/Small,Premium Gasoline
PORSCHE,911 CARRERA 4 CABRIOLET,MINICOMPACT,3.4,6,AM,Z,11.9,8.8,10.5,27,246,7,1.352,0.567,23.43,Compact/Small,Premium Gasoline
PORSCHE,911 CARRERA 4 CABRIOLET,MINICOMPACT,3.4,6,M,Z,12.5,9.0,10.9,26,257,7,1.389,0.567,23.58,Compact/Small,Premium Gasoline
PORSCHE,911 CARRERA 4 GTS,MINICOMPACT,3.8,6,AM,Z,12.7,9.2,11.1,25,260,7,1.38,0.633,23.42,Compact/Small,Premium Gasoline
PORSCHE,911 CARRERA 4 GTS,MINICOMPACT,3.8,6,M,Z,13.0,9.2,11.3,25,265,7,1.413,0.633,23.45,Compact/Small,Premium Gasoline
PORSCHE,911 CARRERA 4 GTS CABRIOLET,MINICOMPACT,3.8,6,AM,Z,13.1,9.4,11.4,25,268,7,1.394,0.633,23.51,Compact/Small,Premium Gasoline
PORSCHE,911 CARRERA 4 GTS CABRIOLET,MINICOMPACT,3.8,6,M,Z,13.4,9.3,11.6,24,272,7,1.441,0.633,23.45,Compact/Small,Premium Gasoline
PORSCHE,911 CARRERA 4S,MINICOMPACT,3.8,6,AM,Z,12.2,8.9,10.7,26,251,7,1.371,0.633,23.46,Compact/Small,Premium Gasoline
PORSCHE,911 CARRERA 4S,MINICOMPACT,3.8,6,M,Z,12.7,8.9,11.0,26,258,7,1.427,0.633,23.45,Compact/Small,Premium Gasoline
PORSCHE,911 CARRERA 4S CABRIOLET,MINICOMPACT,3.8,6,AM,Z,12.5,9.1,11.0,26,257,7,1.374,0.633,23.36,Compact/Small,Premium Gasoline
PORSCHE,911 CARRERA 4S CABRIOLET,MINICOMPACT,3.8,6,M,Z,12.9,9.2,11.2,25,262,7,1.402,0.633,23.39,Compact/Small,Premium Gasoline
PORSCHE,911 GT3,TWO-SEATER,3.8,6,AM,Z,16.0,11.5,14.0,20,329,7,1.391,0.633,23.5,Compact/Small,Premium Gasoline
PORSCHE,911 GT3RS,TWO-SEATER,4.0,6,AM,Z,16.3,11.8,14.3,20,334,7,1.381,0.667,23.36,Compact/Small,Premium Gasoline
PORSCHE,911 TARGA 4,MINICOMPACT,3.4,6,AM,Z,12.3,8.9,10.8,26,253,7,1.382,0.567,23.43,Compact/Small,Premium Gasoline
PORSCHE,911 TARGA 4,MINICOMPACT,3.4,6,M,Z,12.9,9.0,11.1,25,261,7,1.433,0.567,23.51,Compact/Small,Premium Gasoline
PORSCHE,911 TARGA 4S,MINICOMPACT,3.8,6,AM,Z,12.8,9.3,11.2,25,260,7,1.376,0.633,23.21,Compact/Small,Premium Gasoline
PORSCHE,911 TARGA 4S,MINICOMPACT,3.8,6,M,Z,13.1,9.2,11.4,25,267,7,1.424,0.633,23.42,Compact/Small,Premium Gasoline
PORSCHE,911 TURBO,MINICOMPACT,3.8,6,AM,Z,13.7,9.6,11.9,24,278,7,1.427,0.633,23.36,Compact/Small,Premium Gasoline
PORSCHE,911 TURBO CABRIOLET,MINICOMPACT,3.8,6,AM,Z,13.7,9.6,11.9,24,278,7,1.427,0.633,23.36,Compact/Small,Premium Gasoline
PORSCHE,911 TURBO S,MINICOMPACT,3.8,6,AM,Z,13.7,9.6,11.9,24,278,7,1.427,0.633,23.36,Compact/Small,Premium Gasoline
PORSCHE,911 TURBO S CABRIOLET,MINICOMPACT,3.8,6,AM,Z,13.7,9.6,11.9,24,278,7,1.427,0.633,23.36,Compact/Small,Premium Gasoline
PORSCHE,BOXSTER,TWO-SEATER,2.7,6,AM,Z,10.7,7.4,9.2,31,217,7,1.446,0.45,23.59,Compact/Small,Premium Gasoline
PORSCHE,BOXSTER,TWO-SEATER,2.7,6,M,Z,11.5,7.9,9.9,29,232,6,1.456,0.45,23.43,Compact/Small,Premium Gasoline
PORSCHE,BOXSTER GTS,TWO-SEATER,3.4,6,AM,Z,10.9,7.7,9.5,30,222,7,1.416,0.567,23.37,Compact/Small,Premium Gasoline
PORSCHE,BOXSTER GTS,TWO-SEATER,3.4,6,M,Z,12.1,8.9,10.7,26,250,6,1.36,0.567,23.36,Compact/Small,Premium Gasoline
PORSCHE,BOXSTER S,TWO-SEATER,3.4,6,AM,Z,11.3,7.9,9.8,29,230,7,1.43,0.567,23.47,Compact/Small,Premium Gasoline
PORSCHE,BOXSTER S,TWO-SEATER,3.4,6,M,Z,11.9,8.6,10.4,27,245,6,1.384,0.567,23.56,Compact/Small,Premium Gasoline
PORSCHE,BOXSTER SPYDER,TWO-SEATER,3.8,6,M,Z,13.1,9.9,11.6,24,272,6,1.323,0.633,23.45,Compact/Small,Premium Gasoline
PORSCHE,CAYENNE,SUV - STANDARD,3.6,6,A,Z,13.5,9.7,11.8,24,277,8,1.392,0.6,23.47,SUV,Premium Gasoline
PORSCHE,CAYENNE DIESEL (modified),SUV - STANDARD,3.0,6,A,D,11.2,8.4,9.8,29,270,8,1.333,0.5,27.55,SUV,Diesel
PORSCHE,CAYENNE GTS,SUV - STANDARD,3.6,6,A,Z,14.8,10.4,12.8,22,300,8,1.423,0.6,23.44,SUV,Premium Gasoline
PORSCHE,CAYENNE TURBO,SUV - STANDARD,4.8,8,A,Z,16.7,11.2,14.2,20,334,8,1.491,0.6,23.52,SUV,Premium Gasoline
PORSCHE,CAYENNE TURBO S,SUV - STANDARD,4.8,8,A,Z,16.9,11.2,14.3,20,336,8,1.509,0.6,23.5,SUV,Premium Gasoline
PORSCHE,CAYMAN,TWO-SEATER,2.7,6,AM,Z,10.7,7.4,9.2,31,217,7,1.446,0.45,23.59,Compact/Small,Premium Gasoline
PORSCHE,CAYMAN,TWO-SEATER,2.7,6,M,Z,11.5,7.9,9.9,29,232,6,1.456,0.45,23.43,Compact/Small,Premium Gasoline
PORSCHE,CAYMAN GT4,TWO-SEATER,3.8,6,M,Z,13.3,10.1,11.8,24,277,6,1.317,0.633,23.47,Compact/Small,Premium Gasoline
PORSCHE,CAYMAN GTS,TWO-SEATER,3.4,6,AM,Z,10.9,7.7,9.5,30,222,7,1.416,0.567,23.37,Compact/Small,Premium Gasoline
PORSCHE,CAYMAN GTS,TWO-SEATER,3.4,6,M,Z,12.1,8.9,10.7,26,250,6,1.36,0.567,23.36,Compact/Small,Premium Gasoline
PORSCHE,CAYMAN S,TWO-SEATER,3.4,6,AM,Z,11.3,7.9,9.8,29,230,7,1.43,0.567,23.47,Compact/Small,Premium Gasoline
PORSCHE,CAYMAN S,TWO-SEATER,3.4,6,M,Z,11.9,8.6,10.4,27,245,6,1.384,0.567,23.56,Compact/Small,Premium Gasoline
PORSCHE,MACAN S,SUV - SMALL,3.0,6,A,Z,13.7,10.3,12.2,23,285,7,1.33,0.5,23.36,SUV,Premium Gasoline
PORSCHE,MACAN TURBO,SUV - SMALL,3.6,6,A,Z,14.2,10.1,12.3,23,287,7,1.406,0.6,23.33,SUV,Premium Gasoline
PORSCHE,PANAMERA,FULL-SIZE,3.6,6,AM,Z,12.9,8.4,10.9,26,255,7,1.536,0.6,23.39,Mid-size,Premium Gasoline
PORSCHE,PANAMERA GTS,FULL-SIZE,4.8,8,AM,Z,15.1,9.7,12.7,22,298,7,1.557,0.6,23.46,Mid-size,Premium Gasoline
PORSCHE,PANAMERA S,FULL-SIZE,3.0,6,AM,Z,13.4,8.8,11.4,25,267,7,1.523,0.5,23.42,Mid-size,Premium Gasoline
PORSCHE,PANAMERA 4,FULL-SIZE,3.6,6,AM,Z,13.1,8.7,11.1,25,262,7,1.506,0.6,23.6,Mid-size,Premium Gasoline
PORSCHE,PANAMERA 4S,FULL-SIZE,3.0,6,AM,Z,13.4,8.8,11.4,25,267,7,1.523,0.5,23.42,Mid-size,Premium Gasoline
PORSCHE,PANAMERA 4S EXECUTIVE,FULL-SIZE,3.0,6,AM,Z,13.7,8.9,11.5,25,271,7,1.539,0.5,23.57,Mid-size,Premium Gasoline
PORSCHE,PANAMERA TURBO,FULL-SIZE,4.8,8,AM,Z,15.3,9.7,12.8,22,300,7,1.577,0.6,23.44,Mid-size,Premium Gasoline
PORSCHE,PANAMERA TURBO EXECUTIVE,FULL-SIZE,4.8,8,AM,Z,15.4,9.8,12.9,22,303,7,1.571,0.6,23.49,Mid-size,Premium Gasoline
PORSCHE,PANAMERA TURBO S,FULL-SIZE,4.8,8,AM,Z,15.3,9.7,12.8,22,300,7,1.577,0.6,23.44,Mid-size,Premium Gasoline
PORSCHE,PANAMERA TURBO S EXECUTIVE,FULL-SIZE,4.8,8,AM,Z,15.4,9.8,12.9,22,303,7,1.571,0.6,23.49,Mid-size,Premium Gasoline
RAM,1500 FFV,PICKUP TRUCK - STANDARD,3.6,6,A,X,13.9,9.5,11.9,24,279,8,1.463,0.6,23.45,Truck/Van,Regular Gasoline
RAM,1500 FFV,PICKUP TRUCK - STANDARD,3.6,6,A,E,19.4,13.6,16.8,17,279,8,1.426,0.6,16.61,Truck/Van,Ethanol (E85)
RAM,1500 HFE,PICKUP TRUCK - STANDARD,3.6,6,A,X,12.9,9.3,11.3,25,264,8,1.387,0.6,23.36,Truck/Van,Regular Gasoline
RAM,1500 (MDS),PICKUP TRUCK - STANDARD,5.7,8,A,X,17.1,12.0,14.8,19,348,6,1.425,0.712,23.51,Truck/Van,Regular Gasoline
RAM,1500 (MDS),PICKUP TRUCK - STANDARD,5.7,8,A,X,15.8,10.9,13.6,21,319,8,1.45,0.712,23.46,Truck/Van,Regular Gasoline
RAM,1500 ECODIESEL,PICKUP TRUCK - STANDARD,3.0,6,A,D,11.6,8.4,10.2,28,272,8,1.381,0.5,26.67,Truck/Van,Diesel
RAM,1500 ECODIESEL HFE,PICKUP TRUCK - STANDARD,3.0,6,A,D,11.3,8.0,9.8,29,264,8,1.412,0.5,26.94,Truck/Van,Diesel
RAM,1500 4X4 FFV,PICKUP TRUCK - STANDARD,3.6,6,A,X,14.6,10.1,12.6,22,294,8,1.446,0.6,23.33,Truck/Van,Regular Gasoline
RAM,1500 4X4 FFV,PICKUP TRUCK - STANDARD,3.6,6,A,E,20.5,14.5,17.8,16,296,8,1.414,0.6,16.63,Truck/Van,Ethanol (E85)
RAM,1500 4X4 (MDS),PICKUP TRUCK - STANDARD,5.7,8,A,X,17.7,12.7,15.4,18,362,6,1.394,0.712,23.51,Truck/Van,Regular Gasoline
RAM,1500 4X4 (MDS),PICKUP TRUCK - STANDARD,5.7,8,A,X,16.2,11.5,14.1,20,330,8,1.409,0.712,23.4,Truck/Van,Regular Gasoline
RAM,1500 4X4 ECODIESEL,PICKUP TRUCK - STANDARD,3.0,6,A,D,12.1,8.8,10.6,27,283,8,1.375,0.5,26.7,Truck/Van,Diesel
RAM,PROMASTER CITY,SPECIAL PURPOSE VEHICLE,2.4,4,A,X,11.2,8.1,9.8,29,231,9,1.383,0.6,23.57,Other,Regular Gasoline
ROLLS-ROYCE,GHOST,FULL-SIZE,6.6,12,AS,Z,19.2,12.4,16.1,18,373,8,1.548,0.55,23.17,Mid-size,Premium Gasoline
ROLLS-ROYCE,GHOST EWB,FULL-SIZE,6.6,12,AS,Z,19.2,12.4,16.1,18,373,8,1.548,0.55,23.17,Mid-size,Premium Gasoline
ROLLS-ROYCE,PHANTOM,FULL-SIZE,6.7,12,AS,Z,20.9,12.7,17.2,16,403,8,1.646,0.558,23.43,Mid-size,Premium Gasoline
ROLLS-ROYCE,PHANTOM EWB,FULL-SIZE,6.7,12,AS,Z,20.7,12.9,17.2,16,404,8,1.605,0.558,23.49,Mid-size,Premium Gasoline
ROLLS-ROYCE,PHANTOM COUPE,COMPACT,6.7,12,AS,Z,20.9,12.7,17.2,16,403,8,1.646,0.558,23.43,Compact/Small,Premium Gasoline
ROLLS-ROYCE,PHANTOM DROPHEAD COUPE,COMPACT,6.7,12,AS,Z,20.7,12.9,17.2,16,404,8,1.605,0.558,23.49,Compact/Small,Premium Gasoline
ROLLS-ROYCE,WRAITH,MID-SIZE,6.6,12,AS,Z,18.8,11.8,15.6,18,367,8,1.593,0.55,23.53,Mid-size,Premium Gasoline
SCION,FR-S,MINICOMPACT,2.0,4,AS,Z,9.6,7.0,8.4,34,197,6,1.371,0.5,23.45,Compact/Small,Premium Gasoline
SCION,FR-S,MINICOMPACT,2.0,4,M,Z,10.9,7.9,9.6,29,224,6,1.38,0.5,23.33,Compact/Small,Premium Gasoline
SCION,iM,MID-SIZE,1.8,4,AV,X,8.3,6.3,7.4,38,173,7,1.317,0.45,23.38,Mid-size,Regular Gasoline
SCION,iM,MID-SIZE,1.8,4,M,X,8.6,6.6,7.7,37,180,6,1.303,0.45,23.38,Mid-size,Regular Gasoline
SCION,tC,COMPACT,2.5,4,AS,X,10.2,7.6,9.0,31,211,6,1.342,0.625,23.44,Compact/Small,Regular Gasoline
SCION,tC,COMPACT,2.5,4,M,X,10.2,7.7,9.0,31,210,6,1.325,0.625,23.33,Compact/Small,Regular Gasoline
SMART,FORTWO CABRIOLET,TWO-SEATER,0.9,3,AM,Z,7.5,6.1,6.9,41,157,6,1.23,0.3,22.75,Compact/Small,Premium Gasoline
SMART,FORTWO COUPE,TWO-SEATER,0.9,3,AM,Z,7.5,6.1,6.9,41,157,6,1.23,0.3,22.75,Compact/Small,Premium Gasoline
SUBARU,BRZ,MINICOMPACT,2.0,4,AS,Z,9.6,7.0,8.4,34,197,6,1.371,0.5,23.45,Compact/Small,Premium Gasoline
SUBARU,BRZ,MINICOMPACT,2.0,4,M,Z,10.9,7.9,9.6,29,224,6,1.38,0.5,23.33,Compact/Small,Premium Gasoline
SUBARU,FORESTER AWD,SUV - SMALL,2.0,4,AV,Z,10.2,8.5,9.4,30,222,8,1.2,0.5,23.62,SUV,Premium Gasoline
SUBARU,FORESTER AWD,SUV - SMALL,2.5,4,AV,X,9.6,7.5,8.7,32,204,6,1.28,0.625,23.45,SUV,Regular Gasoline
SUBARU,FORESTER AWD,SUV - SMALL,2.5,4,M,X,10.6,8.4,9.6,29,227,6,1.262,0.625,23.65,SUV,Regular Gasoline
SUBARU,IMPREZA AWD,COMPACT,2.0,4,AV,X,8.5,6.4,7.6,37,177,6,1.328,0.5,23.29,Compact/Small,Regular Gasoline
SUBARU,IMPREZA AWD,COMPACT,2.0,4,M,X,9.5,7.0,8.4,34,197,5,1.357,0.5,23.45,Compact/Small,Regular Gasoline
SUBARU,IMPREZA WAGON AWD,STATION WAGON - SMALL,2.0,4,AV,X,8.5,6.4,7.6,37,177,6,1.328,0.5,23.29,Mid-size,Regular Gasoline
SUBARU,IMPREZA WAGON AWD,STATION WAGON - SMALL,2.0,4,M,X,9.5,7.0,8.4,34,197,5,1.357,0.5,23.45,Mid-size,Regular Gasoline
SUBARU,LEGACY AWD,MID-SIZE,2.5,4,AV,X,9.0,6.5,7.9,36,185,6,1.385,0.625,23.42,Mid-size,Regular Gasoline
SUBARU,LEGACY AWD,MID-SIZE,2.5,4,M,X,10.7,7.8,9.4,30,220,6,1.372,0.625,23.4,Mid-size,Regular Gasoline
SUBARU,LEGACY AWD,MID-SIZE,3.6,6,AV,X,11.9,8.2,10.2,28,239,6,1.451,0.6,23.43,Mid-size,Regular Gasoline
SUBARU,OUTBACK AWD,SUV - SMALL,2.5,4,AV,X,9.3,7.1,8.3,34,196,6,1.31,0.625,23.61,SUV,Regular Gasoline
SUBARU,OUTBACK AWD,SUV - SMALL,2.5,4,M,X,11.0,8.2,9.7,29,228,6,1.341,0.625,23.51,SUV,Regular Gasoline
SUBARU,OUTBACK AWD,SUV - SMALL,3.6,6,AV,X,12.0,8.6,10.5,27,246,6,1.395,0.6,23.43,SUV,Regular Gasoline
SUBARU,WRX,COMPACT,2.0,4,AV,Z,12.5,9.5,11.2,25,254,8,1.316,0.5,22.68,Compact/Small,Premium Gasoline
SUBARU,WRX,COMPACT,2.0,4,M,Z,11.3,8.4,10.0,28,233,6,1.345,0.5,23.3,Compact/Small,Premium Gasoline
SUBARU,WRX,COMPACT,2.5,4,M,Z,13.8,10.2,12.2,23,285,6,1.353,0.625,23.36,Compact/Small,Premium Gasoline
SUBARU,XV CROSSTREK AWD,SUV - SMALL,2.0,4,AV,X,9.1,7.0,8.1,35,191,6,1.3,0.5,23.58,SUV,Regular Gasoline
SUBARU,XV CROSSTREK AWD,SUV - SMALL,2.0,4,M,X,10.2,7.7,9.1,31,214,5,1.325,0.5,23.52,SUV,Regular Gasoline
SUBARU,XV CROSSTREK HYBRID AWD,SUV - SMALL,2.0,4,AV,X,7.9,6.9,7.5,38,175,6,1.145,0.5,23.33,SUV,Regular Gasoline
TOYOTA,4RUNNER 4WD,SUV - STANDARD,4.0,6,AS,X,14.2,11.1,12.8,22,298,5,1.279,0.667,23.28,SUV,Regular Gasoline
TOYOTA,4RUNNER 4WD (Part-Time 4WD),SUV - STANDARD,4.0,6,AS,X,14.2,11.1,12.8,22,298,5,1.279,0.667,23.28,SUV,Regular Gasoline
TOYOTA,AVALON,MID-SIZE,3.5,6,AS,X,11.4,7.6,9.7,29,225,6,1.5,0.583,23.2,Mid-size,Regular Gasoline
TOYOTA,CAMRY,MID-SIZE,2.5,4,AS,X,9.4,6.7,8.2,34,192,6,1.403,0.625,23.41,Mid-size,Regular Gasoline
TOYOTA,CAMRY,MID-SIZE,3.5,6,AS,X,11.0,7.7,9.5,30,222,6,1.429,0.583,23.37,Mid-size,Regular Gasoline
TOYOTA,CAMRY HYBRID LE,MID-SIZE,2.5,4,AV,X,5.5,6.0,5.7,50,134,,0.917,0.625,23.51,Mid-size,Regular Gasoline
TOYOTA,CAMRY HYBRID XLE/SE,MID-SIZE,2.5,4,AV,X,5.7,6.0,5.9,48,137,,0.95,0.625,23.22,Mid-size,Regular Gasoline
TOYOTA,COROLLA,MID-SIZE,1.8,4,A,X,8.6,6.5,7.6,37,179,4,1.323,0.45,23.55,Mid-size,Regular Gasoline
TOYOTA,COROLLA,MID-SIZE,1.8,4,AV,X,8.2,6.2,7.3,39,171,,1.323,0.45,23.42,Mid-size,Regular Gasoline
TOYOTA,COROLLA,MID-SIZE,1.8,4,AV,X,7.9,6.1,7.1,40,166,7,1.295,0.45,23.38,Mid-size,Regular Gasoline
TOYOTA,COROLLA,MID-SIZE,1.8,4,M,X,8.4,6.4,7.5,38,174,6,1.312,0.45,23.2,Mid-size,Regular Gasoline
TOYOTA,COROLLA LE ECO (1-mode),MID-SIZE,1.8,4,AV,X,7.7,5.6,6.8,42,160,,1.375,0.45,23.53,Mid-size,Regular Gasoline
TOYOTA,COROLLA LE ECO (2-mode),MID-SIZE,1.8,4,AV,X,7.7,6.0,6.9,41,162,,1.283,0.45,23.48,Mid-size,Regular Gasoline
TOYOTA,HIGHLANDER,SUV - SMALL,3.5,6,AS,X,12.5,9.3,11.1,25,260,6,1.344,0.583,23.42,SUV,Regular Gasoline
TOYOTA,HIGHLANDER AWD,SUV - STANDARD,3.5,6,AS,X,13.0,9.8,11.6,24,272,6,1.327,0.583,23.45,SUV,Regular Gasoline
TOYOTA,HIGHLANDER HYBRID AWD,SUV - STANDARD,3.5,6,AV,X,8.6,8.4,8.5,33,198,6,1.024,0.583,23.29,SUV,Regular Gasoline
TOYOTA,HIGHLANDER HYBRID AWD LE,SUV - STANDARD,3.5,6,AV,X,8.4,8.3,8.4,34,195,6,1.012,0.583,23.21,SUV,Regular Gasoline
TOYOTA,PRIUS,MID-SIZE,1.8,4,AV,X,4.4,4.6,4.5,63,104,,0.957,0.45,23.11,Mid-size,Regular Gasoline
TOYOTA,PRIUS c,COMPACT,1.5,4,AV,X,4.5,5.1,4.7,60,111,,0.882,0.375,23.62,Compact/Small,Regular Gasoline
TOYOTA,PRIUS v,STATION WAGON - MID-SIZE,1.8,4,AV,X,5.4,5.8,5.6,50,131,,0.931,0.45,23.39,Mid-size,Regular Gasoline
TOYOTA,RAV4,SUV - SMALL,2.5,4,AS,X,10.1,7.7,9.0,31,212,6,1.312,0.625,23.56,SUV,Regular Gasoline
TOYOTA,RAV4 AWD,SUV - SMALL,2.5,4,AS,X,10.5,8.2,9.5,30,220,6,1.28,0.625,23.16,SUV,Regular Gasoline
TOYOTA,RAV4 HYBRID AWD,SUV - SMALL,2.5,4,AV,X,6.9,7.6,7.2,39,169,6,0.908,0.625,23.47,SUV,Regular Gasoline
TOYOTA,RAV4 LE/XLE,SUV - SMALL,2.5,4,AS,X,10.0,7.6,8.9,32,208,6,1.316,0.625,23.37,SUV,Regular Gasoline
TOYOTA,RAV4 LIMITED/SE AWD,SUV - SMALL,2.5,4,AS,X,10.6,8.1,9.4,30,220,6,1.309,0.625,23.4,SUV,Regular Gasoline
TOYOTA,SIENNA,MINIVAN,3.5,6,AS,X,13.0,9.5,11.4,25,267,6,1.368,0.583,23.42,Truck/Van,Regular Gasoline
TOYOTA,SIENNA AWD,MINIVAN,3.5,6,AS,X,14.4,10.2,12.5,23,290,6,1.412,0.583,23.2,Truck/Van,Regular Gasoline
TOYOTA,TACOMA,PICKUP TRUCK - SMALL,2.7,4,AS,X,12.0,10.0,11.1,25,261,6,1.2,0.675,23.51,Truck/Van,Regular Gasoline
TOYOTA,TACOMA,PICKUP TRUCK - SMALL,3.5,6,AS,X,12.6,10.0,11.4,25,267,6,1.26,0.583,23.42,Truck/Van,Regular Gasoline
TOYOTA,TACOMA 4WD,PICKUP TRUCK - SMALL,2.7,4,AS,X,12.7,10.5,11.7,24,274,6,1.21,0.675,23.42,Truck/Van,Regular Gasoline
TOYOTA,TACOMA 4WD,PICKUP TRUCK - SMALL,2.7,4,M,X,12.4,11.4,11.9,24,279,5,1.088,0.675,23.45,Truck/Van,Regular Gasoline
TOYOTA,TACOMA 4WD,PICKUP TRUCK - SMALL,3.5,6,AS,X,13.1,10.5,11.9,24,280,6,1.248,0.583,23.53,Truck/Van,Regular Gasoline
TOYOTA,TACOMA 4WD,PICKUP TRUCK - SMALL,3.5,6,M,X,13.6,11.2,12.5,23,292,6,1.214,0.583,23.36,Truck/Van,Regular Gasoline
TOYOTA,TACOMA 4WD D-CAB OFF-ROAD,PICKUP TRUCK - SMALL,3.5,6,M,X,13.8,11.7,12.9,22,300,6,1.179,0.583,23.26,Truck/Van,Regular Gasoline
TOYOTA,TUNDRA,PICKUP TRUCK - STANDARD,4.6,8,AS,X,15.9,12.3,14.3,20,335,6,1.293,0.575,23.43,Truck/Van,Regular Gasoline
TOYOTA,TUNDRA,PICKUP TRUCK - STANDARD,5.7,8,AS,X,17.3,13.0,15.4,18,360,6,1.331,0.712,23.38,Truck/Van,Regular Gasoline
TOYOTA,TUNDRA 4WD,PICKUP TRUCK - STANDARD,4.6,8,AS,X,16.9,12.9,15.1,19,351,6,1.31,0.575,23.25,Truck/Van,Regular Gasoline
TOYOTA,TUNDRA 4WD,PICKUP TRUCK - STANDARD,5.7,8,AS,X,18.2,14.1,16.3,17,380,6,1.291,0.712,23.31,Truck/Van,Regular Gasoline
TOYOTA,VENZA,SUV - SMALL,2.7,4,AS,X,11.6,9.0,10.4,27,244,6,1.289,0.675,23.46,SUV,Regular Gasoline
TOYOTA,VENZA,SUV - SMALL,3.5,6,AS,X,12.5,9.0,10.9,26,256,6,1.389,0.583,23.49,SUV,Regular Gasoline
TOYOTA,VENZA 4WD,SUV - SMALL,2.7,4,AS,X,11.6,9.2,10.5,27,241,6,1.261,0.675,22.95,SUV,Regular Gasoline
TOYOTA,VENZA 4WD,SUV - SMALL,3.5,6,AS,X,12.8,9.3,11.3,25,263,6,1.376,0.583,23.27,SUV,Regular Gasoline
TOYOTA,YARIS,COMPACT,1.5,4,AS,X,7.2,5.6,6.4,44,151,6,1.286,0.375,23.59,Compact/Small,Regular Gasoline
TOYOTA,YARIS (SIL),COMPACT,1.5,4,M,X,7.6,5.7,6.7,42,157,6,1.333,0.375,23.43,Compact/Small,Regular Gasoline
TOYOTA,YARIS HATCHBACK,COMPACT,1.5,4,A,X,7.8,6.6,7.3,39,170,4,1.182,0.375,23.29,Compact/Small,Regular Gasoline
TOYOTA,YARIS HATCHBACK,COMPACT,1.5,4,M,X,7.7,6.3,7.1,40,165,5,1.222,0.375,23.24,Compact/Small,Regular Gasoline
VOLKSWAGEN,BEETLE,COMPACT,1.8,4,AS,X,9.6,7.0,8.4,34,196,6,1.371,0.45,23.33,Compact/Small,Regular Gasoline
VOLKSWAGEN,BEETLE,COMPACT,1.8,4,M,X,9.5,6.9,8.4,34,196,5,1.377,0.45,23.33,Compact/Small,Regular Gasoline
VOLKSWAGEN,BEETLE CONVERTIBLE,SUBCOMPACT,1.8,4,AS,X,9.6,7.0,8.4,34,196,6,1.371,0.45,23.33,Compact/Small,Regular Gasoline
VOLKSWAGEN,BEETLE DUNE,COMPACT,1.8,4,AS,X,9.7,7.5,8.7,32,203,6,1.293,0.45,23.33,Compact/Small,Regular Gasoline
VOLKSWAGEN,CC,COMPACT,2.0,4,AM,Z,10.7,7.7,9.3,30,217,6,1.39,0.5,23.33,Compact/Small,Premium Gasoline
VOLKSWAGEN,GOLF,COMPACT,1.8,4,AS,X,9.3,6.5,8.1,35,189,6,1.431,0.45,23.33,Compact/Small,Regular Gasoline
VOLKSWAGEN,GOLF,COMPACT,1.8,4,M,X,9.3,6.4,8.0,35,187,5,1.453,0.45,23.38,Compact/Small,Regular Gasoline
VOLKSWAGEN,GOLF GTI,COMPACT,2.0,4,AM,X,9.5,7.2,8.5,33,198,6,1.319,0.5,23.29,Compact/Small,Regular Gasoline
VOLKSWAGEN,GOLF GTI,COMPACT,2.0,4,M,X,9.4,6.9,8.3,34,193,6,1.362,0.5,23.25,Compact/Small,Regular Gasoline
VOLKSWAGEN,GOLF R,COMPACT,2.0,4,AM,Z,10.4,7.9,9.3,30,216,6,1.316,0.5,23.23,Compact/Small,Premium Gasoline
VOLKSWAGEN,GOLF R,COMPACT,2.0,4,M,Z,10.9,7.7,9.4,30,220,6,1.416,0.5,23.4,Compact/Small,Premium Gasoline
VOLKSWAGEN,GOLF SPORTWAGON,STATION WAGON - SMALL,1.8,4,M,X,9.5,6.6,8.2,34,192,5,1.439,0.45,23.41,Mid-size,Regular Gasoline
VOLKSWAGEN,JETTA,COMPACT,1.4,4,AS,X,8.5,6.0,7.3,39,173,6,1.417,0.35,23.7,Compact/Small,Regular Gasoline
VOLKSWAGEN,JETTA,COMPACT,1.4,4,M,X,8.3,5.9,7.2,39,168,5,1.407,0.35,23.33,Compact/Small,Regular Gasoline
VOLKSWAGEN,JETTA,COMPACT,1.8,4,AS,X,9.2,6.4,8.0,35,186,6,1.437,0.45,23.25,Compact/Small,Regular Gasoline
VOLKSWAGEN,JETTA,COMPACT,1.8,4,M,X,9.4,6.4,8.1,35,189,5,1.469,0.45,23.33,Compact/Small,Regular Gasoline
VOLKSWAGEN,JETTA,COMPACT,2.0,4,AM,X,9.8,7.0,8.6,33,201,6,1.4,0.5,23.37,Compact/Small,Regular Gasoline
VOLKSWAGEN,JETTA,COMPACT,2.0,4,M,X,10.1,7.2,8.8,32,207,6,1.403,0.5,23.52,Compact/Small,Regular Gasoline
VOLKSWAGEN,JETTA HYBRID,COMPACT,1.4,4,AM,Z,5.7,4.9,5.3,53,124,7,1.163,0.35,23.4,Compact/Small,Premium Gasoline
VOLKSWAGEN,PASSAT,MID-SIZE,1.8,4,AS,X,9.4,6.3,8.0,35,187,6,1.492,0.45,23.38,Mid-size,Regular Gasoline
VOLKSWAGEN,PASSAT,MID-SIZE,1.8,4,M,X,9.5,6.4,8.1,35,189,6,1.484,0.45,23.33,Mid-size,Regular Gasoline
VOLKSWAGEN,PASSAT,MID-SIZE,3.6,6,AM,X,11.9,8.5,10.4,27,243,6,1.4,0.6,23.37,Mid-size,Regular Gasoline
VOLKSWAGEN,TIGUAN,SUV - SMALL,2.0,4,AS,Z,11.7,9.5,10.7,26,251,6,1.232,0.5,23.46,SUV,Premium Gasoline
VOLKSWAGEN,TIGUAN,SUV - SMALL,2.0,4,M,Z,13.0,9.0,11.2,25,259,6,1.444,0.5,23.12,SUV,Premium Gasoline
VOLKSWAGEN,TIGUAN 4MOTION,SUV - SMALL,2.0,4,AS,Z,11.6,9.3,10.6,27,248,6,1.247,0.5,23.4,SUV,Premium Gasoline
VOLKSWAGEN,TOUAREG,SUV - STANDARD,3.6,6,AS,X,14.1,10.4,12.4,23,292,8,1.356,0.6,23.55,SUV,Regular Gasoline
VOLKSWAGEN,TOUAREG TDI (modified),SUV - STANDARD,3.0,6,AS,D,11.2,8.4,9.8,29,270,8,1.333,0.5,27.55,SUV,Diesel
VOLVO,S60 CC T5 AWD,COMPACT,2.5,5,AS,X,11.8,8.6,10.3,27,239,6,1.372,0.5,23.2,Compact/Small,Regular Gasoline
VOLVO,S60 INSCRIPTION,COMPACT,2.0,4,AS,X,9.6,6.7,8.3,34,193,8,1.433,0.5,23.25,Compact/Small,Regular Gasoline
VOLVO,S60 INSCRIPTION T5 AWD,COMPACT,2.5,5,AS,X,11.6,8.2,10.1,28,233,6,1.415,0.5,23.07,Compact/Small,Regular Gasoline
VOLVO,S60 T5,COMPACT,2.0,4,AS,X,9.6,6.7,8.3,34,193,8,1.433,0.5,23.25,Compact/Small,Regular Gasoline
VOLVO,S60 T5 AWD,COMPACT,2.5,5,AS,X,11.6,8.2,10.1,28,233,6,1.415,0.5,23.07,Compact/Small,Regular Gasoline
VOLVO,S60 T6,COMPACT,2.0,4,AS,Z,10.6,7.7,9.3,30,218,8,1.377,0.5,23.44,Compact/Small,Premium Gasoline
VOLVO,S60 T6 AWD,COMPACT,2.0,4,AS,Z,11.3,8.2,9.9,29,231,8,1.378,0.5,23.33,Compact/Small,Premium Gasoline
VOLVO,S60 3.0T AWD,COMPACT,3.0,6,AS,X,13.0,9.0,11.2,25,259,6,1.444,0.5,23.12,Compact/Small,Regular Gasoline
VOLVO,S60 POLESTAR,COMPACT,3.0,6,AS,X,13.0,9.0,11.2,25,259,6,1.444,0.5,23.12,Compact/Small,Regular Gasoline
VOLVO,S80 T5,MID-SIZE,2.0,4,AS,X,9.6,6.7,8.3,34,193,8,1.433,0.5,23.25,Mid-size,Regular Gasoline
VOLVO,V60 CC T5 AWD,STATION WAGON - SMALL,2.5,5,AS,X,11.8,8.6,10.3,27,239,6,1.372,0.5,23.2,Mid-size,Regular Gasoline
VOLVO,V60 T5,STATION WAGON - SMALL,2.0,4,AS,X,9.6,6.7,8.3,34,193,8,1.433,0.5,23.25,Mid-size,Regular Gasoline
VOLVO,V60 T5 AWD,STATION WAGON - SMALL,2.5,5,AS,X,11.6,8.2,10.1,28,233,6,1.415,0.5,23.07,Mid-size,Regular Gasoline
VOLVO,V60 T6 AWD,STATION WAGON - SMALL,2.0,4,AS,Z,11.3,8.2,9.9,29,231,8,1.378,0.5,23.33,Mid-size,Premium Gasoline
VOLVO,V60 3.0T AWD,STATION WAGON - SMALL,3.0,6,AS,X,13.0,9.0,11.2,25,259,6,1.444,0.5,23.12,Mid-size,Regular Gasoline
VOLVO,V60 POLESTAR,STATION WAGON - SMALL,3.0,6,AS,X,13.0,9.0,11.2,25,259,6,1.444,0.5,23.12,Mid-size,Regular Gasoline
VOLVO,XC60 T5,SUV - SMALL,2.0,4,AS,X,10.3,7.6,9.1,31,213,8,1.355,0.5,23.41,SUV,Regular Gasoline
VOLVO,XC60 T5 AWD,SUV - SMALL,2.5,5,AS,X,12.5,9.2,11.0,26,254,6,1.359,0.5,23.09,SUV,Regular Gasoline
VOLVO,XC60 T6,SUV - SMALL,2.0,4,AS,Z,11.0,8.1,9.7,29,226,8,1.358,0.5,23.3,SUV,Premium Gasoline
VOLVO,XC60 T6 AWD,SUV - SMALL,2.0,4,AS,Z,11.8,9.1,10.6,27,247,8,1.297,0.5,23.3,SUV,Premium Gasoline
VOLVO,XC60 3.0T AWD,SUV - SMALL,3.0,6,AS,X,13.7,10.1,12.0,24,276,6,1.356,0.5,23.0,SUV,Regular Gasoline
VOLVO,XC70 T5,SUV - SMALL,2.0,4,AS,X,10.3,7.6,9.1,31,213,8,1.355,0.5,23.41,SUV,Regular Gasoline
VOLVO,XC70 T5 AWD,SUV - SMALL,2.5,5,AS,X,12.5,9.2,11.0,26,254,6,1.359,0.5,23.09,SUV,Regular Gasoline
VOLVO,XC90 T5,SUV - STANDARD,2.0,4,AS,Z,10.6,9.1,10.0,28,232,8,1.165,0.5,23.2,SUV,Premium Gasoline
VOLVO,XC90 T5 AWD,SUV - STANDARD,2.0,4,AS,Z,10.8,9.5,10.2,28,239,8,1.137,0.5,23.43,SUV,Premium Gasoline
VOLVO,XC90 T6 AWD,SUV - STANDARD,2.0,4,AS,Z,11.5,9.5,10.6,27,247,8,1.211,0.5,23.3,SUV,Premium Gasoline
ACURA,ILX,COMPACT,2.4,4,AM,Z,9.4,6.8,8.2,34,192,8,1.382,0.6,23.41,Compact/Small,Premium Gasoline
ACURA,MDX SH-AWD,SUV - SMALL,3.5,6,AS,Z,12.6,9.0,11.0,26,259,9,1.4,0.583,23.55,SUV,Premium Gasoline
ACURA,MDX SH-AWD ELITE,SUV - SMALL,3.5,6,AS,Z,12.2,9.0,10.7,26,251,9,1.356,0.583,23.46,SUV,Premium Gasoline
ACURA,MDX HYBRID AWD,SUV - SMALL,3.0,6,AM,Z,9.1,9.0,9.0,31,210,7,1.011,0.5,23.33,SUV,Premium Gasoline
ACURA,NSX,TWO-SEATER,3.5,6,AM,Z,11.1,10.8,11.0,26,261,9,1.028,0.583,23.73,Compact/Small,Premium Gasoline
ACURA,RDX AWD,SUV - SMALL,3.5,6,AS,Z,12.4,8.7,10.7,26,250,6,1.425,0.583,23.36,SUV,Premium Gasoline
ACURA,RLX HYBRID,MID-SIZE,3.5,6,AM,Z,8.2,7.8,8.1,35,190,7,1.051,0.583,23.46,Mid-size,Premium Gasoline
ACURA,TLX,COMPACT,2.4,4,AM,Z,9.6,6.6,8.3,34,197,8,1.455,0.6,23.73,Compact/Small,Premium Gasoline
ALFA ROMEO,4C SPIDER,TWO-SEATER,1.8,4,AM,Z,9.7,6.9,8.4,34,197,6,1.406,0.45,23.45,Compact/Small,Premium Gasoline
ALFA ROMEO,GIULIA,MID-SIZE,2.0,4,A,Z,10.0,7.2,8.7,32,205,8,1.389,0.5,23.56,Mid-size,Premium Gasoline
ALFA ROMEO,GIULIA AWD,MID-SIZE,2.0,4,A,Z,10.5,7.7,9.2,31,217,8,1.364,0.5,23.59,Mid-size,Premium Gasoline
ALFA ROMEO,GIULIA QUADRIFOGLIO,MID-SIZE,2.9,6,A,Z,13.8,9.6,11.9,24,280,8,1.438,0.483,23.53,Mid-size,Premium Gasoline
ASTON MARTIN,DB11 V12,MINICOMPACT,5.2,12,A,Z,15.5,11.4,13.7,21,322,8,1.36,0.433,23.5,Compact/Small,Premium Gasoline
ASTON MARTIN,RAPIDE S,SUBCOMPACT,6.0,12,A,Z,16.7,10.9,14.1,20,331,8,1.532,0.5,23.48,Compact/Small,Premium Gasoline
ASTON MARTIN,VANQUISH,MINICOMPACT,6.0,12,A,Z,17.5,11.4,14.7,19,345,8,1.535,0.5,23.47,Compact/Small,Premium Gasoline
ASTON MARTIN,V12 VANTAGE S,TWO-SEATER,6.0,12,AM,Z,19.4,12.8,16.4,17,388,7,1.516,0.5,23.66,Compact/Small,Premium Gasoline
ASTON MARTIN,V12 VANTAGE S,TWO-SEATER,6.0,12,M,Z,23.2,14.4,19.2,15,450,7,1.611,0.5,23.44,Compact/Small,Premium Gasoline
AUDI,A3,SUBCOMPACT,2.0,4,AM,X,9.1,6.8,8.0,35,188,7,1.338,0.5,23.5,Compact/Small,Regular Gasoline
AUDI,A3 QUATTRO,SUBCOMPACT,2.0,4,AM,X,9.7,7.5,8.7,32,205,6,1.293,0.5,23.56,Compact/Small,Regular Gasoline
AUDI,A3 CABRIOLET QUATTRO,SUBCOMPACT,2.0,4,AM,X,10.8,8.0,9.5,30,223,6,1.35,0.5,23.47,Compact/Small,Regular Gasoline
AUDI,A4 ULTRA,COMPACT,2.0,4,AM,Z,8.6,6.4,7.6,37,177,7,1.344,0.5,23.29,Compact/Small,Premium Gasoline
AUDI,A4 QUATTRO,COMPACT,2.0,4,AM,Z,9.8,7.7,8.8,32,205,7,1.273,0.5,23.3,Compact/Small,Premium Gasoline
AUDI,A4 QUATTRO,COMPACT,2.0,4,M,Z,9.9,7.0,8.6,33,204,6,1.414,0.5,23.72,Compact/Small,Premium Gasoline
AUDI,A4 ALLROAD QUATTRO,STATION WAGON - SMALL,2.0,4,AM,Z,10.2,8.3,9.3,30,217,7,1.229,0.5,23.33,Mid-size,Premium Gasoline
AUDI,A5 QUATTRO,SUBCOMPACT,2.0,4,AS,Z,11.0,8.0,9.7,29,226,8,1.375,0.5,23.3,Compact/Small,Premium Gasoline
AUDI,A5 QUATTRO,SUBCOMPACT,2.0,4,M,Z,10.4,7.3,9.0,31,210,6,1.425,0.5,23.33,Compact/Small,Premium Gasoline
AUDI,A5 CABRIOLET QUATTRO,SUBCOMPACT,2.0,4,AS,Z,11.3,8.2,9.9,29,231,8,1.378,0.5,23.33,Compact/Small,Premium Gasoline
AUDI,A6 QUATTRO,MID-SIZE,2.0,4,AS,Z,10.9,7.5,9.4,30,220,8,1.453,0.5,23.4,Mid-size,Premium Gasoline
AUDI,A6 QUATTRO,MID-SIZE,3.0,6,AS,Z,11.5,8.2,10.0,28,238,8,1.402,0.5,23.8,Mid-size,Premium Gasoline
AUDI,A7 QUATTRO,MID-SIZE,3.0,6,AS,Z,11.5,8.2,10.0,28,238,8,1.402,0.5,23.8,Mid-size,Premium Gasoline
AUDI,A8,MID-SIZE,3.0,6,AS,Z,12.6,8.0,10.5,27,246,8,1.575,0.5,23.43,Mid-size,Premium Gasoline
AUDI,A8,MID-SIZE,4.0,8,AS,Z,12.9,8.0,10.7,26,249,8,1.612,0.5,23.27,Mid-size,Premium Gasoline
AUDI,A8L,FULL-SIZE,4.0,8,AS,Z,13.1,8.3,10.9,26,255,8,1.578,0.5,23.39,Mid-size,Premium Gasoline
AUDI,Q3,COMPACT,2.0,4,AS,Z,11.9,8.4,10.3,27,243,6,1.417,0.5,23.59,Compact/Small,Premium Gasoline
AUDI,Q3 QUATTRO,COMPACT,2.0,4,AS,Z,11.9,8.4,10.3,27,241,6,1.417,0.5,23.4,Compact/Small,Premium Gasoline
AUDI,Q5,SUV - SMALL,2.0,4,AS,Z,12.0,8.6,10.5,27,246,8,1.395,0.5,23.43,SUV,Premium Gasoline
AUDI,Q5,SUV - SMALL,3.0,6,AS,Z,13.2,9.2,11.4,25,267,8,1.435,0.5,23.42,SUV,Premium Gasoline
AUDI,Q7,SUV - STANDARD,2.0,4,AS,Z,11.9,9.6,10.8,26,253,8,1.24,0.5,23.43,SUV,Premium Gasoline
AUDI,Q7,SUV - STANDARD,3.0,6,AS,Z,12.6,9.4,11.1,25,260,8,1.34,0.5,23.42,SUV,Premium Gasoline
AUDI,R8,TWO-SEATER,5.2,10,AM,Z,16.5,11.2,14.1,20,330,7,1.473,0.52,23.4,Compact/Small,Premium Gasoline
AUDI,R8 SPYDER,TWO-SEATER,5.2,10,AM,Z,16.5,11.2,14.1,20,330,7,1.473,0.52,23.4,Compact/Small,Premium Gasoline
AUDI,RS 7,MID-SIZE,4.0,8,AS,Z,16.2,9.3,13.1,22,309,8,1.742,0.5,23.59,Mid-size,Premium Gasoline
AUDI,S3,SUBCOMPACT,2.0,4,AM,Z,11.0,8.5,9.9,29,232,6,1.294,0.5,23.43,Compact/Small,Premium Gasoline
AUDI,S5,SUBCOMPACT,3.0,6,AM,Z,13.0,8.5,11.0,26,259,7,1.529,0.5,23.55,Compact/Small,Premium Gasoline
AUDI,S5,SUBCOMPACT,3.0,6,M,Z,13.8,9.0,11.7,24,273,6,1.533,0.5,23.33,Compact/Small,Premium Gasoline
AUDI,S5 CABRIOLET,SUBCOMPACT,3.0,6,AM,Z,13.3,9.1,11.4,25,266,7,1.462,0.5,23.33,Compact/Small,Premium Gasoline
AUDI,S6,MID-SIZE,4.0,8,AM,Z,13.3,8.8,11.3,25,263,7,1.511,0.5,23.27,Mid-size,Premium Gasoline
AUDI,S7,MID-SIZE,4.0,8,AM,Z,13.4,8.8,11.4,25,265,7,1.523,0.5,23.25,Mid-size,Premium Gasoline
AUDI,S8,MID-SIZE,4.0,8,AS,Z,16.2,9.9,13.4,21,312,8,1.636,0.5,23.28,Mid-size,Premium Gasoline
AUDI,SQ5,SUV - SMALL,3.0,6,AS,Z,14.1,9.9,12.2,23,285,8,1.424,0.5,23.36,SUV,Premium Gasoline
BENTLEY,BENTAYGA,SUV - STANDARD,6.0,12,AS,Z,18.8,12.2,15.9,18,370,8,1.541,0.5,23.27,SUV,Premium Gasoline
BENTLEY,FLYING SPUR,MID-SIZE,4.0,8,AS,Z,17.0,9.9,13.8,20,321,8,1.717,0.5,23.26,Mid-size,Premium Gasoline
BENTLEY,FLYING SPUR,MID-SIZE,6.0,12,AS,Z,19.6,11.7,16.0,18,375,8,1.675,0.5,23.44,Mid-size,Premium Gasoline
BENTLEY,MULSANNE,MID-SIZE,6.8,8,AS,Z,21.3,12.8,17.5,16,407,8,1.664,0.85,23.26,Mid-size,Premium Gasoline
BENTLEY,MULSANNE EWB,MID-SIZE,6.8,8,AS,Z,22.2,13.6,18.3,15,430,8,1.632,0.85,23.5,Mid-size,Premium Gasoline
BMW,230i CABRIOLET,SUBCOMPACT,2.0,4,AS,Z,10.0,7.2,8.7,32,207,8,1.389,0.5,23.79,Compact/Small,Premium Gasoline
BMW,230i COUPE,SUBCOMPACT,2.0,4,AS,Z,9.8,6.8,8.4,34,197,8,1.441,0.5,23.45,Compact/Small,Premium Gasoline
BMW,230i COUPE,SUBCOMPACT,2.0,4,M,Z,11.1,7.3,9.4,30,219,6,1.521,0.5,23.3,Compact/Small,Premium Gasoline
BMW,230i xDRIVE CABRIOLET,SUBCOMPACT,2.0,4,AS,Z,10.5,7.4,9.1,31,213,8,1.419,0.5,23.41,Compact/Small,Premium Gasoline
BMW,230i xDRIVE COUPE,SUBCOMPACT,2.0,4,AS,Z,10.2,7.4,9.0,31,210,8,1.378,0.5,23.33,Compact/Small,Premium Gasoline
BMW,320i,COMPACT,2.0,4,AS,Z,10.0,6.5,8.4,34,200,8,1.538,0.5,23.81,Compact/Small,Premium Gasoline
BMW,320i,COMPACT,2.0,4,M,Z,10.2,6.7,8.6,33,202,6,1.522,0.5,23.49,Compact/Small,Premium Gasoline
BMW,320i xDRIVE,COMPACT,2.0,4,AS,Z,10.3,6.9,8.8,32,206,8,1.493,0.5,23.41,Compact/Small,Premium Gasoline
BMW,328d xDRIVE,COMPACT,2.0,4,AS,D,7.9,5.9,7.0,40,189,8,1.339,0.5,27.0,Compact/Small,Diesel
BMW,328d xDRIVE TOURING,STATION WAGON - SMALL,2.0,4,AS,D,7.9,5.9,7.0,40,189,8,1.339,0.5,27.0,Mid-size,Diesel
BMW,330i xDRIVE,COMPACT,2.0,4,AS,Z,10.5,7.4,9.1,31,213,8,1.419,0.5,23.41,Compact/Small,Premium Gasoline
BMW,330i xDRIVE GRAN TURISMO,FULL-SIZE,2.0,4,AS,Z,10.5,7.4,9.1,31,213,8,1.419,0.5,23.41,Mid-size,Premium Gasoline
BMW,330i xDRIVE TOURING,STATION WAGON - SMALL,2.0,4,AS,Z,10.5,7.4,9.1,31,213,8,1.419,0.5,23.41,Mid-size,Premium Gasoline
BMW,340i,COMPACT,3.0,6,AS,Z,11.1,7.8,9.6,29,224,8,1.423,0.5,23.33,Compact/Small,Premium Gasoline
BMW,340i,COMPACT,3.0,6,M,Z,12.2,8.2,10.4,27,242,6,1.488,0.5,23.27,Compact/Small,Premium Gasoline
BMW,340i xDRIVE,COMPACT,3.0,6,AS,Z,11.4,7.8,9.8,29,228,8,1.462,0.5,23.27,Compact/Small,Premium Gasoline
BMW,340i xDRIVE,COMPACT,3.0,6,M,Z,12.2,8.5,10.5,27,246,6,1.435,0.5,23.43,Compact/Small,Premium Gasoline
BMW,340i xDRIVE GRAN TURISMO,FULL-SIZE,3.0,6,AS,Z,11.9,8.1,10.2,28,238,8,1.469,0.5,23.33,Mid-size,Premium Gasoline
BMW,430i xDRIVE CABRIOLET,SUBCOMPACT,2.0,4,AS,Z,10.6,7.3,9.1,31,211,8,1.452,0.5,23.19,Compact/Small,Premium Gasoline
BMW,430i xDRIVE COUPE,COMPACT,2.0,4,AS,Z,10.5,7.4,9.1,31,213,8,1.419,0.5,23.41,Compact/Small,Premium Gasoline
BMW,430i xDRIVE GRAN COUPE,COMPACT,2.0,4,AS,Z,10.5,7.4,9.1,31,213,8,1.419,0.5,23.41,Compact/Small,Premium Gasoline
BMW,440i COUPE,COMPACT,3.0,6,AS,Z,11.1,7.8,9.6,29,224,8,1.423,0.5,23.33,Compact/Small,Premium Gasoline
BMW,440i COUPE,COMPACT,3.0,6,M,Z,12.2,8.2,10.4,27,242,6,1.488,0.5,23.27,Compact/Small,Premium Gasoline
BMW,440i xDRIVE CABRIOLET,SUBCOMPACT,3.0,6,AS,Z,11.9,8.1,10.2,28,238,8,1.469,0.5,23.33,Compact/Small,Premium Gasoline
BMW,440i xDRIVE COUPE,COMPACT,3.0,6,AS,Z,11.4,7.8,9.8,29,228,8,1.462,0.5,23.27,Compact/Small,Premium Gasoline
BMW,440i xDRIVE COUPE,COMPACT,3.0,6,M,Z,12.2,8.5,10.5,27,246,6,1.435,0.5,23.43,Compact/Small,Premium Gasoline
BMW,440i xDRIVE GRAN COUPE,COMPACT,3.0,6,AS,Z,11.4,7.8,9.8,29,228,8,1.462,0.5,23.27,Compact/Small,Premium Gasoline
BMW,530i xDRIVE,MID-SIZE,2.0,4,AS,Z,10.5,7.4,9.1,31,213,8,1.419,0.5,23.41,Mid-size,Premium Gasoline
BMW,540i xDRIVE,MID-SIZE,3.0,6,AS,Z,11.4,7.8,9.8,29,228,8,1.462,0.5,23.27,Mid-size,Premium Gasoline
BMW,640i xDRIVE CABRIOLET,SUBCOMPACT,3.0,6,AS,Z,12.4,8.4,10.6,27,249,8,1.476,0.5,23.49,Compact/Small,Premium Gasoline
BMW,640i xDRIVE GRAN COUPE,COMPACT,3.0,6,AS,Z,12.4,8.4,10.6,27,249,8,1.476,0.5,23.49,Compact/Small,Premium Gasoline
BMW,650i xDRIVE CABRIOLET,SUBCOMPACT,4.4,8,AS,Z,14.7,9.7,12.5,23,292,8,1.515,0.55,23.36,Compact/Small,Premium Gasoline
BMW,650i xDRIVE COUPE,COMPACT,4.4,8,AS,Z,13.8,9.1,11.7,24,273,8,1.516,0.55,23.33,Compact/Small,Premium Gasoline
BMW,650i xDRIVE GRAN COUPE,COMPACT,4.4,8,AS,Z,14.7,9.7,12.5,23,292,8,1.515,0.55,23.36,Compact/Small,Premium Gasoline
BMW,740Li xDRIVE,FULL-SIZE,3.0,6,AS,Z,11.9,8.1,10.2,28,238,8,1.469,0.5,23.33,Mid-size,Premium Gasoline
BMW,750i xDRIVE,FULL-SIZE,4.4,8,AS,Z,13.8,9.1,11.7,24,273,8,1.516,0.55,23.33,Mid-size,Premium Gasoline
BMW,750Li xDRIVE,FULL-SIZE,4.4,8,AS,Z,14.7,9.7,12.5,23,292,8,1.515,0.55,23.36,Mid-size,Premium Gasoline
BMW,ALPINA B6 xDRIVE GRAN COUPE,COMPACT,4.4,8,AS,Z,14.7,9.7,12.5,23,292,8,1.515,0.55,23.36,Compact/Small,Premium Gasoline
BMW,ALPINA B7 xDRIVE,FULL-SIZE,4.4,8,AS,Z,14.7,9.7,12.5,23,292,8,1.515,0.55,23.36,Mid-size,Premium Gasoline
BMW,M2,SUBCOMPACT,3.0,6,AM,Z,11.8,8.9,10.5,27,245,7,1.326,0.5,23.33,Compact/Small,Premium Gasoline
BMW,M2,SUBCOMPACT,3.0,6,M,Z,13.1,9.2,11.4,25,267,6,1.424,0.5,23.42,Compact/Small,Premium Gasoline
BMW,M240i CABRIOLET,SUBCOMPACT,3.0,6,AS,Z,11.1,7.8,9.6,29,224,8,1.423,0.5,23.33,Compact/Small,Premium Gasoline
BMW,M240i CABRIOLET,SUBCOMPACT,3.0,6,M,Z,12.2,8.2,10.4,27,242,6,1.488,0.5,23.27,Compact/Small,Premium Gasoline
BMW,M240i COUPE,SUBCOMPACT,3.0,6,AS,Z,11.1,7.8,9.6,29,224,8,1.423,0.5,23.33,Compact/Small,Premium Gasoline
BMW,M240i COUPE,SUBCOMPACT,3.0,6,M,Z,12.5,8.4,10.7,26,250,6,1.488,0.5,23.36,Compact/Small,Premium Gasoline
BMW,M240i xDRIVE CABRIOLET,SUBCOMPACT,3.0,6,AS,Z,11.4,7.8,9.8,29,228,8,1.462,0.5,23.27,Compact/Small,Premium Gasoline
BMW,M240i xDRIVE COUPE,SUBCOMPACT,3.0,6,AS,Z,11.4,7.8,9.8,29,228,8,1.462,0.5,23.27,Compact/Small,Premium Gasoline
BMW,M3,COMPACT,3.0,6,AM,Z,14.0,9.7,12.1,23,284,7,1.443,0.5,23.47,Compact/Small,Premium Gasoline
BMW,M3,COMPACT,3.0,6,M,Z,13.7,9.1,11.7,24,273,6,1.505,0.5,23.33,Compact/Small,Premium Gasoline
BMW,M4 CABRIOLET,SUBCOMPACT,3.0,6,AM,Z,14.1,9.6,12.1,23,283,7,1.469,0.5,23.39,Compact/Small,Premium Gasoline
BMW,M4 CABRIOLET,SUBCOMPACT,3.0,6,M,Z,13.7,9.1,11.7,24,273,6,1.505,0.5,23.33,Compact/Small,Premium Gasoline
BMW,M4 COUPE,COMPACT,3.0,6,AM,Z,14.0,9.7,12.1,23,284,7,1.443,0.5,23.47,Compact/Small,Premium Gasoline
BMW,M4 COUPE,COMPACT,3.0,6,M,Z,13.7,9.1,11.7,24,273,6,1.505,0.5,23.33,Compact/Small,Premium Gasoline
BMW,M6,COMPACT,4.4,8,AM,Z,17.2,11.6,14.7,19,343,7,1.483,0.55,23.33,Compact/Small,Premium Gasoline
BMW,M6,COMPACT,4.4,8,M,Z,16.2,10.9,13.8,20,324,6,1.486,0.55,23.48,Compact/Small,Premium Gasoline
BMW,M6 CABRIOLET,SUBCOMPACT,4.4,8,AM,Z,17.2,11.6,14.7,19,343,7,1.483,0.55,23.33,Compact/Small,Premium Gasoline
BMW,M6 CABRIOLET,SUBCOMPACT,4.4,8,M,Z,16.2,10.9,13.8,20,324,6,1.486,0.55,23.48,Compact/Small,Premium Gasoline
BMW,M6 GRAN COUPE,COMPACT,4.4,8,AM,Z,17.2,11.6,14.7,19,343,7,1.483,0.55,23.33,Compact/Small,Premium Gasoline
BMW,M6 GRAN COUPE,COMPACT,4.4,8,M,Z,16.2,10.9,13.8,20,324,6,1.486,0.55,23.48,Compact/Small,Premium Gasoline
BMW,M760i xDRIVE,FULL-SIZE,6.6,12,AS,Z,17.7,11.9,15.1,19,355,8,1.487,0.55,23.51,Mid-size,Premium Gasoline
BMW,X1 xDRIVE28i,SUV - SMALL,2.0,4,AS,Z,10.5,7.4,9.1,31,213,8,1.419,0.5,23.41,SUV,Premium Gasoline
BMW,X3 xDRIVE28d,SUV - SMALL,2.0,4,AS,D,8.7,7.1,8.0,35,211,8,1.225,0.5,26.38,SUV,Diesel
BMW,X3 xDRIVE28i,SUV - SMALL,2.0,4,AS,Z,11.1,8.5,10.0,28,233,8,1.306,0.5,23.3,SUV,Premium Gasoline
BMW,X3 xDRIVE35i,SUV - SMALL,3.0,6,AS,Z,12.7,9.1,11.1,25,260,8,1.396,0.5,23.42,SUV,Premium Gasoline
BMW,X4 M40i,SUV - SMALL,3.0,6,AS,Z,12.7,9.1,11.1,25,260,8,1.396,0.5,23.42,SUV,Premium Gasoline
BMW,X4 xDRIVE28i,SUV - SMALL,2.0,4,AS,Z,11.8,8.6,10.3,27,240,8,1.372,0.5,23.3,SUV,Premium Gasoline
BMW,X5 M,SUV - STANDARD,4.4,8,AS,Z,16.6,12.1,14.6,19,341,8,1.372,0.55,23.36,SUV,Premium Gasoline
BMW,X5 xDRIVE35d,SUV - STANDARD,3.0,6,AS,D,10.3,8.0,9.3,30,249,8,1.288,0.5,26.77,SUV,Diesel
BMW,X5 xDRIVE35i,SUV - STANDARD,3.0,6,AS,Z,13.0,9.8,11.5,25,270,8,1.327,0.5,23.48,SUV,Premium Gasoline
BMW,X5 xDRIVE50i,SUV - STANDARD,4.4,8,AS,Z,15.6,11.3,13.7,21,320,8,1.381,0.55,23.36,SUV,Premium Gasoline
BMW,X6 M,SUV - STANDARD,4.4,8,AS,Z,16.6,12.1,14.6,19,341,8,1.372,0.55,23.36,SUV,Premium Gasoline
BMW,X6 xDRIVE35i,SUV - STANDARD,3.0,6,AS,Z,13.0,9.8,11.5,25,270,8,1.327,0.5,23.48,SUV,Premium Gasoline
BMW,X6 xDRIVE50i,SUV - STANDARD,4.4,8,AS,Z,15.6,11.3,13.7,21,320,8,1.381,0.55,23.36,SUV,Premium Gasoline
BUICK,ENCLAVE,SUV - STANDARD,3.6,6,A,X,15.7,10.6,13.4,21,315,6,1.481,0.6,23.51,SUV,Regular Gasoline
BUICK,ENCLAVE AWD,SUV - STANDARD,3.6,6,A,X,16.0,10.9,13.7,21,322,6,1.468,0.6,23.5,SUV,Regular Gasoline
BUICK,ENCORE (LUV Engine),SUV - SMALL,1.4,4,AS,X,9.3,7.2,8.3,34,194,6,1.292,0.35,23.37,SUV,Regular Gasoline
BUICK,ENCORE (LE2 Engine),SUV - SMALL,1.4,4,AS,X,8.6,7.1,7.9,36,185,6,1.211,0.35,23.42,SUV,Regular Gasoline
BUICK,ENCORE AWD (LUV Engine),SUV - SMALL,1.4,4,AS,X,9.8,7.7,8.8,32,208,6,1.273,0.35,23.64,SUV,Regular Gasoline
BUICK,ENCORE AWD (LE2 Engine),SUV - SMALL,1.4,4,AS,X,8.9,7.6,8.3,34,196,6,1.171,0.35,23.61,SUV,Regular Gasoline
BUICK,ENVISION AWD,SUV - SMALL,2.5,4,A,X,11.1,8.4,9.9,29,232,6,1.321,0.625,23.43,SUV,Regular Gasoline
BUICK,LACROSSE,MID-SIZE,3.6,6,AS,X,11.2,7.5,9.5,30,224,8,1.493,0.6,23.58,Mid-size,Regular Gasoline
BUICK,LACROSSE AWD,MID-SIZE,3.6,6,AS,X,11.6,8.1,10.0,28,235,8,1.432,0.6,23.5,Mid-size,Regular Gasoline
BUICK,REGAL,MID-SIZE,2.0,4,AS,Z,11.5,8.0,9.9,29,233,6,1.438,0.5,23.54,Mid-size,Premium Gasoline
BUICK,REGAL AWD,MID-SIZE,2.0,4,AS,Z,12.1,8.9,10.7,26,250,6,1.36,0.5,23.36,Mid-size,Premium Gasoline
BUICK,VERANO,COMPACT,2.4,4,AS,X,11.3,7.6,9.7,29,226,6,1.487,0.6,23.3,Compact/Small,Regular Gasoline
CADILLAC,ATS,COMPACT,2.0,4,AS,Z,10.6,7.7,9.3,30,217,8,1.377,0.5,23.33,Compact/Small,Premium Gasoline
CADILLAC,ATS,COMPACT,2.0,4,M,Z,11.8,8.0,10.1,28,236,6,1.475,0.5,23.37,Compact/Small,Premium Gasoline
CADILLAC,ATS,COMPACT,2.5,4,AS,X,10.7,7.4,9.2,31,216,8,1.446,0.625,23.48,Compact/Small,Regular Gasoline
CADILLAC,ATS,COMPACT,3.6,6,AS,X,11.6,8.0,10.0,28,234,8,1.45,0.6,23.4,Compact/Small,Regular Gasoline
CADILLAC,ATS AWD,COMPACT,2.0,4,AS,Z,10.8,7.9,9.5,30,222,8,1.367,0.5,23.37,Compact/Small,Premium Gasoline
CADILLAC,ATS AWD,COMPACT,3.6,6,AS,X,12.2,8.6,10.6,27,248,8,1.419,0.6,23.4,Compact/Small,Regular Gasoline
CADILLAC,ATS-V,COMPACT,3.6,6,AS,Z,13.9,9.4,11.9,24,279,8,1.479,0.6,23.45,Compact/Small,Premium Gasoline
CADILLAC,ATS-V,COMPACT,3.6,6,M,Z,14.4,10.4,12.6,22,295,6,1.385,0.6,23.41,Compact/Small,Premium Gasoline
CADILLAC,CT6,FULL-SIZE,2.0,4,AS,Z,11.0,7.8,9.5,30,223,8,1.41,0.5,23.47,Mid-size,Premium Gasoline
CADILLAC,CT6 AWD,FULL-SIZE,3.0,6,AS,Z,13.0,9.1,11.2,25,263,8,1.429,0.5,23.48,Mid-size,Premium Gasoline
CADILLAC,CT6 AWD,FULL-SIZE,3.6,6,AS,X,12.8,8.8,11.0,26,259,8,1.455,0.6,23.55,Mid-size,Regular Gasoline
CADILLAC,CTS,MID-SIZE,2.0,4,AS,Z,11.0,7.8,9.5,30,223,8,1.41,0.5,23.47,Mid-size,Premium Gasoline
CADILLAC,CTS,MID-SIZE,3.6,6,AS,X,11.6,8.0,10.0,28,234,8,1.45,0.6,23.4,Mid-size,Regular Gasoline
CADILLAC,CTS AWD,MID-SIZE,2.0,4,AS,Z,11.2,8.2,9.8,29,229,8,1.366,0.5,23.37,Mid-size,Premium Gasoline
CADILLAC,CTS AWD,MID-SIZE,3.6,6,AS,X,12.2,8.6,10.6,27,248,8,1.419,0.6,23.4,Mid-size,Regular Gasoline
CADILLAC,CTS Vsport,MID-SIZE,3.6,6,AS,Z,15.0,9.9,12.7,22,299,8,1.515,0.6,23.54,Mid-size,Premium Gasoline
CADILLAC,CTS-V,MID-SIZE,6.2,8,AS,Z,16.5,11.1,14.0,20,329,8,1.486,0.775,23.5,Mid-size,Premium Gasoline
CADILLAC,ESCALADE 4WD,SUV - STANDARD,6.2,8,A,Z,16.1,11.7,14.1,20,331,8,1.376,0.775,23.48,SUV,Premium Gasoline
CADILLAC,XT5,SUV - SMALL,3.6,6,AS,X,12.1,8.6,10.5,27,245,8,1.407,0.6,23.33,SUV,Regular Gasoline
CADILLAC,XT5 AWD,SUV - SMALL,3.6,6,AS,X,12.9,8.9,11.1,25,260,8,1.449,0.6,23.42,SUV,Regular Gasoline
CADILLAC,XTS,FULL-SIZE,3.6,6,AS,X,13.2,8.5,11.1,25,260,6,1.553,0.6,23.42,Mid-size,Regular Gasoline
CADILLAC,XTS AWD,FULL-SIZE,3.6,6,AS,X,13.7,9.0,11.6,24,272,6,1.522,0.6,23.45,Mid-size,Regular Gasoline
CADILLAC,XTS Vsport AWD,FULL-SIZE,3.6,6,AS,Z,15.0,10.3,12.8,22,299,6,1.456,0.6,23.36,Mid-size,Premium Gasoline
CHEVROLET,CAMARO,SUBCOMPACT,2.0,4,AS,Z,10.9,7.7,9.5,30,222,8,1.416,0.5,23.37,Compact/Small,Premium Gasoline
CHEVROLET,CAMARO,SUBCOMPACT,2.0,4,M,Z,11.9,8.0,10.1,28,236,6,1.488,0.5,23.37,Compact/Small,Premium Gasoline
CHEVROLET,CAMARO,SUBCOMPACT,3.6,6,AS,X,12.3,8.6,10.6,27,249,8,1.43,0.6,23.49,Compact/Small,Regular Gasoline
CHEVROLET,CAMARO,SUBCOMPACT,3.6,6,M,X,14.4,8.4,11.7,24,274,6,1.714,0.6,23.42,Compact/Small,Regular Gasoline
CHEVROLET,CAMARO SS,SUBCOMPACT,6.2,8,AS,Z,14.2,8.7,11.7,24,273,8,1.632,0.775,23.33,Compact/Small,Premium Gasoline
CHEVROLET,CAMARO SS,SUBCOMPACT,6.2,8,M,Z,14.3,9.4,12.1,23,284,6,1.521,0.775,23.47,Compact/Small,Premium Gasoline
CHEVROLET,CAMARO ZL1,SUBCOMPACT,6.2,8,AS,Z,19.0,11.6,15.6,18,367,10,1.638,0.775,23.53,Compact/Small,Premium Gasoline
CHEVROLET,CAMARO ZL1,SUBCOMPACT,6.2,8,M,Z,17.2,12.0,14.9,19,349,6,1.433,0.775,23.42,Compact/Small,Premium Gasoline
CHEVROLET,CITY EXPRESS,SPECIAL PURPOSE VEHICLE,2.0,4,AV,X,9.8,9.0,9.4,30,220,,1.089,0.5,23.4,Other,Regular Gasoline
CHEVROLET,COLORADO,PICKUP TRUCK - SMALL,2.5,4,A,X,12.0,9.2,10.7,26,252,6,1.304,0.625,23.55,Truck/Van,Regular Gasoline
CHEVROLET,COLORADO,PICKUP TRUCK - SMALL,2.5,4,M,X,12.2,9.2,10.9,26,254,6,1.326,0.625,23.3,Truck/Van,Regular Gasoline
CHEVROLET,COLORADO,PICKUP TRUCK - SMALL,2.8,4,A,D,10.8,7.9,9.5,30,255,6,1.367,0.7,26.84,Truck/Van,Diesel
CHEVROLET,COLORADO,PICKUP TRUCK - SMALL,3.6,6,A,X,13.4,9.6,11.7,24,274,8,1.396,0.6,23.42,Truck/Van,Regular Gasoline
CHEVROLET,COLORADO 4WD,PICKUP TRUCK - SMALL,2.5,4,A,X,12.7,9.6,11.3,25,263,6,1.323,0.625,23.27,Truck/Van,Regular Gasoline
CHEVROLET,COLORADO 4WD,PICKUP TRUCK - SMALL,2.8,4,A,D,12.1,8.4,10.4,27,280,6,1.44,0.7,26.92,Truck/Van,Diesel
CHEVROLET,COLORADO 4WD,PICKUP TRUCK - SMALL,3.6,6,A,X,14.0,9.9,12.2,23,286,8,1.414,0.6,23.44,Truck/Van,Regular Gasoline
CHEVROLET,COLORADO ZR2 4WD,PICKUP TRUCK - SMALL,2.8,4,A,D,12.5,10.7,11.7,24,315,6,1.168,0.7,26.92,Truck/Van,Diesel
CHEVROLET,COLORADO ZR2 4WD,PICKUP TRUCK - SMALL,3.6,6,A,X,15.0,13.0,14.1,20,331,8,1.154,0.6,23.48,Truck/Van,Regular Gasoline
CHEVROLET,CORVETTE,TWO-SEATER,6.2,8,AS,Z,15.2,8.9,12.4,23,290,8,1.708,0.775,23.39,Compact/Small,Premium Gasoline
CHEVROLET,CORVETTE,TWO-SEATER,6.2,8,M,Z,14.2,9.0,11.9,24,278,7,1.578,0.775,23.36,Compact/Small,Premium Gasoline
CHEVROLET,CORVETTE Z06,TWO-SEATER,6.2,8,AS,Z,17.6,10.3,14.3,20,336,8,1.709,0.775,23.5,Compact/Small,Premium Gasoline
CHEVROLET,CORVETTE Z06,TWO-SEATER,6.2,8,M,Z,15.6,10.6,13.4,21,312,7,1.472,0.775,23.28,Compact/Small,Premium Gasoline
CHEVROLET,CRUZE,COMPACT,1.4,4,AS,X,7.9,5.9,7.0,40,165,6,1.339,0.35,23.57,Compact/Small,Regular Gasoline
CHEVROLET,CRUZE,COMPACT,1.4,4,M,X,8.3,6.0,7.3,39,170,6,1.383,0.35,23.29,Compact/Small,Regular Gasoline
CHEVROLET,CRUZE PREMIER,COMPACT,1.4,4,AS,X,8.1,6.0,7.2,39,169,6,1.35,0.35,23.47,Compact/Small,Regular Gasoline
CHEVROLET,CRUZE DIESEL,COMPACT,1.6,4,A,D,7.6,5.0,6.4,44,172,9,1.52,0.4,26.88,Compact/Small,Diesel
CHEVROLET,CRUZE DIESEL,COMPACT,1.6,4,M,D,7.7,4.5,6.3,45,169,6,1.711,0.4,26.83,Compact/Small,Diesel
CHEVROLET,CRUZE HATCHBACK,COMPACT,1.4,4,AS,X,8.1,6.2,7.3,39,172,6,1.306,0.35,23.56,Compact/Small,Regular Gasoline
CHEVROLET,CRUZE HATCHBACK,COMPACT,1.4,4,M,X,8.3,6.4,7.4,38,173,6,1.297,0.35,23.38,Compact/Small,Regular Gasoline
CHEVROLET,CRUZE HATCHBACK PREMIER,COMPACT,1.4,4,AS,X,8.4,6.4,7.5,38,176,6,1.312,0.35,23.47,Compact/Small,Regular Gasoline
CHEVROLET,EQUINOX,SUV - SMALL,2.4,4,A,X,11.0,7.5,9.4,30,221,6,1.467,0.6,23.51,SUV,Regular Gasoline
CHEVROLET,EQUINOX FFV,SUV - SMALL,2.4,4,A,X,11.0,7.5,9.4,30,221,6,1.467,0.6,23.51,SUV,Regular Gasoline
CHEVROLET,EQUINOX FFV,SUV - SMALL,2.4,4,A,E,15.6,11.0,13.6,21,223,6,1.418,0.6,16.4,SUV,Ethanol (E85)
CHEVROLET,EQUINOX,SUV - SMALL,3.6,6,A,X,14.1,9.7,12.1,23,285,6,1.454,0.6,23.55,SUV,Regular Gasoline
CHEVROLET,EQUINOX AWD,SUV - SMALL,2.4,4,A,X,11.5,8.3,10.1,28,237,6,1.386,0.6,23.47,SUV,Regular Gasoline
CHEVROLET,EQUINOX AWD FFV,SUV - SMALL,2.4,4,A,X,11.5,8.3,10.1,28,237,6,1.386,0.6,23.47,SUV,Regular Gasoline
CHEVROLET,EQUINOX AWD FFV,SUV - SMALL,2.4,4,A,E,16.3,11.8,14.2,20,234,6,1.381,0.6,16.48,SUV,Ethanol (E85)
CHEVROLET,EQUINOX AWD,SUV - SMALL,3.6,6,A,X,15.0,10.4,13.0,22,304,6,1.442,0.6,23.38,SUV,Regular Gasoline
CHEVROLET,EXPRESS 2500 PASSENGER,VAN - PASSENGER,6.0,8,A,X,21.8,14.8,18.6,15,438,6,1.473,0.75,23.55,Truck/Van,Regular Gasoline
CHEVROLET,EXPRESS 3500 PASSENGER,VAN - PASSENGER,6.0,8,A,X,22.3,14.9,19.0,15,445,6,1.497,0.75,23.42,Truck/Van,Regular Gasoline
CHEVROLET,IMPALA,FULL-SIZE,2.5,4,AS,X,10.9,7.9,9.5,30,224,6,1.38,0.625,23.58,Mid-size,Regular Gasoline
CHEVROLET,IMPALA FFV,FULL-SIZE,3.6,6,AS,X,12.5,8.3,10.6,27,249,6,1.506,0.6,23.49,Mid-size,Regular Gasoline
CHEVROLET,IMPALA FFV,FULL-SIZE,3.6,6,AS,E,17.0,11.7,14.6,19,240,6,1.453,0.6,16.44,Mid-size,Ethanol (E85)
CHEVROLET,MALIBU,MID-SIZE,1.5,4,A,X,8.8,6.5,7.8,36,182,6,1.354,0.375,23.33,Mid-size,Regular Gasoline
CHEVROLET,MALIBU,MID-SIZE,2.0,4,A,Z,10.7,7.1,9.1,31,212,9,1.507,0.5,23.3,Mid-size,Premium Gasoline
CHEVROLET,MALIBU HYBRID,MID-SIZE,1.8,4,AV,X,4.8,5.5,5.1,55,121,,0.873,0.45,23.73,Mid-size,Regular Gasoline
CHEVROLET,SILVERADO,PICKUP TRUCK - STANDARD,5.3,8,A,X,14.6,10.3,12.7,22,297,6,1.417,0.662,23.39,Truck/Van,Regular Gasoline
CHEVROLET,SILVERADO,PICKUP TRUCK - STANDARD,5.3,8,A,X,15.2,10.7,13.1,22,309,8,1.421,0.662,23.59,Truck/Van,Regular Gasoline
CHEVROLET,SILVERADO,PICKUP TRUCK - STANDARD,6.2,8,A,Z,15.9,11.2,13.8,20,324,8,1.42,0.775,23.48,Truck/Van,Premium Gasoline
CHEVROLET,SILVERADO FFV,PICKUP TRUCK - STANDARD,4.3,6,A,X,13.4,10.0,11.9,24,279,6,1.34,0.717,23.45,Truck/Van,Regular Gasoline
CHEVROLET,SILVERADO FFV,PICKUP TRUCK - STANDARD,4.3,6,A,E,19.3,14.3,17.1,17,284,6,1.35,0.717,16.61,Truck/Van,Ethanol (E85)
CHEVROLET,SILVERADO FFV,PICKUP TRUCK - STANDARD,5.3,8,A,X,14.6,10.3,12.7,22,298,6,1.417,0.662,23.46,Truck/Van,Regular Gasoline
CHEVROLET,SILVERADO FFV,PICKUP TRUCK - STANDARD,5.3,8,A,E,19.7,13.9,17.1,17,284,6,1.417,0.662,16.61,Truck/Van,Ethanol (E85)
CHEVROLET,SILVERADO 4WD,PICKUP TRUCK - STANDARD,5.3,8,A,X,15.9,11.5,13.9,20,327,8,1.383,0.662,23.53,Truck/Van,Regular Gasoline
CHEVROLET,SILVERADO 4WD,PICKUP TRUCK - STANDARD,6.2,8,A,Z,16.0,11.7,14.1,20,330,8,1.368,0.775,23.4,Truck/Van,Premium Gasoline
CHEVROLET,SILVERADO 4WD FFV,PICKUP TRUCK - STANDARD,4.3,6,A,X,14.1,10.6,12.5,23,294,6,1.33,0.717,23.52,Truck/Van,Regular Gasoline
CHEVROLET,SILVERADO 4WD FFV,PICKUP TRUCK - STANDARD,4.3,6,A,E,20.2,15.2,18.0,16,294,6,1.329,0.717,16.33,Truck/Van,Ethanol (E85)
CHEVROLET,SILVERADO 4WD FFV,PICKUP TRUCK - STANDARD,5.3,8,A,X,15.0,10.7,13.1,22,307,6,1.402,0.662,23.44,Truck/Van,Regular Gasoline
CHEVROLET,SILVERADO 4WD FFV,PICKUP TRUCK - STANDARD,5.3,8,A,E,20.7,14.4,17.9,16,315,6,1.438,0.662,17.6,Truck/Van,Ethanol (E85)
CHEVROLET,SILVERADO eASSIST 4WD,PICKUP TRUCK - STANDARD,5.3,8,A,X,14.4,11.2,13.0,22,303,8,1.286,0.662,23.31,Truck/Van,Regular Gasoline
CHEVROLET,SONIC,COMPACT,1.4,4,AS,X,8.8,6.6,7.8,36,184,6,1.333,0.35,23.59,Compact/Small,Regular Gasoline
CHEVROLET,SONIC,COMPACT,1.4,4,M,X,8.4,6.3,7.4,38,174,6,1.333,0.35,23.51,Compact/Small,Regular Gasoline
CHEVROLET,SONIC,COMPACT,1.8,4,AS,X,9.7,6.9,8.4,34,197,6,1.406,0.45,23.45,Compact/Small,Regular Gasoline
CHEVROLET,SONIC,COMPACT,1.8,4,M,X,9.2,7.1,8.3,34,194,5,1.296,0.45,23.37,Compact/Small,Regular Gasoline
CHEVROLET,SONIC 5,STATION WAGON - SMALL,1.4,4,AS,X,8.8,6.6,7.8,36,184,6,1.333,0.35,23.59,Mid-size,Regular Gasoline
CHEVROLET,SONIC 5,STATION WAGON - SMALL,1.4,4,M,X,8.4,6.3,7.4,38,174,6,1.333,0.35,23.51,Mid-size,Regular Gasoline
CHEVROLET,SONIC 5,STATION WAGON - SMALL,1.8,4,AS,X,9.7,6.9,8.4,34,197,6,1.406,0.45,23.45,Mid-size,Regular Gasoline
CHEVROLET,SONIC 5,STATION WAGON - SMALL,1.8,4,M,X,9.2,7.1,8.3,34,194,5,1.296,0.45,23.37,Mid-size,Regular Gasoline
CHEVROLET,SPARK,SUBCOMPACT,1.4,4,AV,X,7.8,6.2,7.1,40,167,,1.258,0.35,23.52,Compact/Small,Regular Gasoline
CHEVROLET,SPARK,SUBCOMPACT,1.4,4,M,X,8.0,6.2,7.2,39,168,5,1.29,0.35,23.33,Compact/Small,Regular Gasoline
CHEVROLET,SUBURBAN,SUV - STANDARD,5.3,8,A,X,15.1,10.4,13.0,22,305,6,1.452,0.662,23.46,SUV,Regular Gasoline
CHEVROLET,SUBURBAN FFV,SUV - STANDARD,5.3,8,A,X,15.1,10.4,13.0,22,305,6,1.452,0.662,23.46,SUV,Regular Gasoline
CHEVROLET,SUBURBAN FFV,SUV - STANDARD,5.3,8,A,E,20.0,13.5,17.1,17,284,6,1.481,0.662,16.61,SUV,Ethanol (E85)
CHEVROLET,SUBURBAN 4WD FFV,SUV - STANDARD,5.3,8,A,E,22.1,15.4,19.1,15,317,6,1.435,0.662,16.6,SUV,Ethanol (E85)
CHEVROLET,TAHOE,SUV - STANDARD,5.3,8,A,X,15.1,10.4,13.0,22,305,6,1.452,0.662,23.46,SUV,Regular Gasoline
CHEVROLET,TAHOE FFV,SUV - STANDARD,5.3,8,A,X,15.1,10.4,13.0,22,305,6,1.452,0.662,23.46,SUV,Regular Gasoline
CHEVROLET,TAHOE FFV,SUV - STANDARD,5.3,8,A,E,20.0,13.5,17.1,17,284,6,1.481,0.662,16.61,SUV,Ethanol (E85)
CHEVROLET,TAHOE 4WD FFV,SUV - STANDARD,5.3,8,A,E,20.8,14.5,18.0,16,299,6,1.434,0.662,16.61,SUV,Ethanol (E85)
CHEVROLET,TRAVERSE,SUV - STANDARD,3.6,6,A,X,15.7,10.6,13.4,21,315,6,1.481,0.6,23.51,SUV,Regular Gasoline
CHEVROLET,TRAVERSE AWD,SUV - STANDARD,3.6,6,A,X,16.0,10.9,13.7,21,322,6,1.468,0.6,23.5,SUV,Regular Gasoline
CHEVROLET,TRAX,SUV - SMALL,1.4,4,AS,X,9.3,7.2,8.3,34,194,6,1.292,0.35,23.37,SUV,Regular Gasoline
CHEVROLET,TRAX,SUV - SMALL,1.4,4,M,X,9.2,7.1,8.2,34,194,6,1.296,0.35,23.66,SUV,Regular Gasoline
CHEVROLET,TRAX AWD,SUV - SMALL,1.4,4,AS,X,9.8,7.7,8.8,32,208,6,1.273,0.35,23.64,SUV,Regular Gasoline
CHRYSLER,200 FFV,MID-SIZE,2.4,4,A,X,10.2,6.6,8.6,33,201,9,1.545,0.6,23.37,Mid-size,Regular Gasoline
CHRYSLER,200 FFV,MID-SIZE,2.4,4,A,E,13.9,8.9,11.7,24,192,9,1.562,0.6,16.41,Mid-size,Ethanol (E85)
CHRYSLER,200 FFV,MID-SIZE,3.6,6,A,X,12.4,7.6,10.2,28,241,9,1.632,0.6,23.63,Mid-size,Regular Gasoline
CHRYSLER,200 FFV,MID-SIZE,3.6,6,A,E,16.8,10.4,13.9,20,230,9,1.615,0.6,16.55,Mid-size,Ethanol (E85)
CHRYSLER,200 AWD FFV,MID-SIZE,3.6,6,A,X,12.8,8.3,10.8,26,252,9,1.542,0.6,23.33,Mid-size,Regular Gasoline
CHRYSLER,200 AWD FFV,MID-SIZE,3.6,6,A,E,17.1,11.1,14.4,20,237,9,1.541,0.6,16.46,Mid-size,Ethanol (E85)
CHRYSLER,300,FULL-SIZE,3.6,6,A,X,12.4,7.8,10.3,27,242,8,1.59,0.6,23.5,Mid-size,Regular Gasoline
CHRYSLER,300 (MDS),FULL-SIZE,5.7,8,A,X,14.7,9.4,12.3,23,289,8,1.564,0.712,23.5,Mid-size,Regular Gasoline
CHRYSLER,300 AWD,FULL-SIZE,3.6,6,A,X,12.8,8.7,11.0,26,258,8,1.471,0.6,23.45,Mid-size,Regular Gasoline
CHRYSLER,300 AWD FFV,FULL-SIZE,3.6,6,A,X,12.8,8.7,11.0,26,258,8,1.471,0.6,23.45,Mid-size,Regular Gasoline
CHRYSLER,300 AWD FFV,FULL-SIZE,3.6,6,A,E,17.6,12.0,15.0,19,248,8,1.467,0.6,16.53,Mid-size,Ethanol (E85)
CHRYSLER,PACIFICA,MINIVAN,3.6,6,A,X,12.9,8.4,10.9,26,257,9,1.536,0.6,23.58,Truck/Van,Regular Gasoline
CHRYSLER,PACIFICA (Stop-Start),MINIVAN,3.6,6,A,X,12.4,8.4,10.6,27,249,9,1.476,0.6,23.49,Truck/Van,Regular Gasoline
DODGE,CHALLENGER,MID-SIZE,5.7,8,M,Z,15.6,10.1,13.1,22,307,6,1.545,0.712,23.44,Mid-size,Premium Gasoline
DODGE,CHALLENGER,MID-SIZE,6.4,8,M,Z,16.7,10.4,13.9,20,325,6,1.606,0.8,23.38,Mid-size,Premium Gasoline
DODGE,CHALLENGER (MDS),MID-SIZE,5.7,8,A,X,14.7,9.4,12.3,23,289,8,1.564,0.712,23.5,Mid-size,Regular Gasoline
DODGE,CHALLENGER (MDS),MID-SIZE,6.4,8,A,Z,15.6,9.6,12.9,22,302,8,1.625,0.8,23.41,Mid-size,Premium Gasoline
DODGE,CHALLENGER GT,MID-SIZE,3.6,6,A,X,12.8,8.7,11.0,26,258,8,1.471,0.6,23.45,Mid-size,Regular Gasoline
DODGE,CHALLENGER SRT,MID-SIZE,6.4,8,M,Z,16.7,10.4,13.9,20,325,6,1.606,0.8,23.38,Mid-size,Premium Gasoline
DODGE,CHALLENGER SRT (MDS),MID-SIZE,6.4,8,A,Z,15.6,9.6,12.9,22,302,8,1.625,0.8,23.41,Mid-size,Premium Gasoline
DODGE,CHALLENGER SRT HELLCAT,MID-SIZE,6.2,8,M,Z,18.1,11.4,15.1,19,352,6,1.588,0.775,23.31,Mid-size,Premium Gasoline
DODGE,CHARGER,FULL-SIZE,3.6,6,A,X,13.7,9.0,11.6,24,271,5,1.522,0.6,23.36,Mid-size,Regular Gasoline
DODGE,CHARGER,FULL-SIZE,3.6,6,A,X,12.4,7.8,10.3,27,242,8,1.59,0.6,23.5,Mid-size,Regular Gasoline
DODGE,CHARGER (MDS),FULL-SIZE,5.7,8,A,X,15.6,9.7,12.9,22,302,5,1.608,0.712,23.41,Mid-size,Regular Gasoline
DODGE,CHARGER (MDS),FULL-SIZE,5.7,8,A,X,14.7,9.4,12.3,23,289,8,1.564,0.712,23.5,Mid-size,Regular Gasoline
DODGE,CHARGER (MDS),FULL-SIZE,6.4,8,A,Z,15.6,9.6,12.9,22,302,8,1.625,0.8,23.41,Mid-size,Premium Gasoline
DODGE,CHARGER AWD,FULL-SIZE,3.6,6,A,X,12.8,8.7,11.0,26,258,8,1.471,0.6,23.45,Mid-size,Regular Gasoline
DODGE,CHARGER AWD FFV,FULL-SIZE,3.6,6,A,X,12.8,8.7,11.0,26,258,8,1.471,0.6,23.45,Mid-size,Regular Gasoline
DODGE,CHARGER AWD FFV,FULL-SIZE,3.6,6,A,E,17.6,12.0,15.0,19,248,8,1.467,0.6,16.53,Mid-size,Ethanol (E85)
DODGE,CHARGER AWD,FULL-SIZE,5.7,8,A,X,16.0,10.1,13.3,21,312,5,1.584,0.712,23.46,Mid-size,Regular Gasoline
DODGE,CHARGER SRT (MDS),FULL-SIZE,6.4,8,A,Z,15.6,9.6,12.9,22,302,8,1.625,0.8,23.41,Mid-size,Premium Gasoline
DODGE,DURANGO AWD,SUV - STANDARD,3.6,6,A,X,12.7,9.6,11.3,25,265,8,1.323,0.6,23.45,SUV,Regular Gasoline
DODGE,DURANGO AWD,SUV - STANDARD,5.7,8,A,X,16.6,10.7,14.0,20,328,8,1.551,0.712,23.43,SUV,Regular Gasoline
DODGE,GRAND CARAVAN FFV,MINIVAN,3.6,6,A,E,19.4,13.3,16.7,17,274,6,1.459,0.6,16.41,Truck/Van,Ethanol (E85)
DODGE,JOURNEY,SUV - SMALL,2.4,4,A,X,12.7,9.2,11.1,25,261,4,1.38,0.6,23.51,SUV,Regular Gasoline
DODGE,JOURNEY FFV,SUV - SMALL,3.6,6,A,X,14.2,9.5,12.1,23,284,6,1.495,0.6,23.47,SUV,Regular Gasoline
DODGE,JOURNEY FFV,SUV - SMALL,3.6,6,A,E,19.1,13.2,16.4,17,274,6,1.447,0.6,16.71,SUV,Ethanol (E85)
DODGE,JOURNEY AWD,SUV - SMALL,3.6,6,A,X,14.5,10.0,12.4,23,292,6,1.45,0.6,23.55,SUV,Regular Gasoline
DODGE,VIPER,TWO-SEATER,8.4,10,M,Z,19.9,12.6,16.6,17,387,6,1.579,0.84,23.31,Compact/Small,Premium Gasoline
FIAT,124 SPIDER,TWO-SEATER,1.4,4,A,X,9.3,6.5,8.0,35,187,6,1.431,0.35,23.38,Compact/Small,Regular Gasoline
FIAT,124 SPIDER,TWO-SEATER,1.4,4,M,X,9.0,6.7,7.9,36,185,6,1.343,0.35,23.42,Compact/Small,Regular Gasoline
FIAT,500 CABRIO,MINICOMPACT,1.4,4,A,X,8.7,7.1,8.0,35,186,6,1.225,0.35,23.25,Compact/Small,Regular Gasoline
FIAT,500 CABRIO,MINICOMPACT,1.4,4,M,X,8.0,6.5,7.3,39,171,5,1.231,0.35,23.42,Compact/Small,Regular Gasoline
FIAT,500 HATCHBACK,MINICOMPACT,1.4,4,A,X,8.7,7.1,8.0,35,186,6,1.225,0.35,23.25,Compact/Small,Regular Gasoline
FIAT,500 HATCHBACK,MINICOMPACT,1.4,4,M,X,7.7,6.1,7.0,40,163,5,1.262,0.35,23.29,Compact/Small,Regular Gasoline
FIAT,500 ABARTH CABRIO,MINICOMPACT,1.4,4,A,X,9.7,7.4,8.7,32,202,6,1.311,0.35,23.22,Compact/Small,Regular Gasoline
FIAT,500 ABARTH CABRIO,MINICOMPACT,1.4,4,M,X,8.5,7.1,7.9,36,186,5,1.197,0.35,23.54,Compact/Small,Regular Gasoline
FIAT,500 ABARTH HATCHBACK,MINICOMPACT,1.4,4,A,X,9.7,7.4,8.7,32,202,6,1.311,0.35,23.22,Compact/Small,Regular Gasoline
FIAT,500 ABARTH HATCHBACK,MINICOMPACT,1.4,4,M,X,8.5,7.1,7.9,36,186,5,1.197,0.35,23.54,Compact/Small,Regular Gasoline
FIAT,500L,STATION WAGON - SMALL,1.4,4,A,X,10.7,7.9,9.4,30,221,6,1.354,0.35,23.51,Mid-size,Regular Gasoline
FIAT,500X,SUV - SMALL,1.4,4,M,X,9.5,7.1,8.4,34,197,6,1.338,0.35,23.45,SUV,Regular Gasoline
FIAT,500X,SUV - SMALL,2.4,4,A,X,10.7,7.7,9.3,30,219,9,1.39,0.6,23.55,SUV,Regular Gasoline
FIAT,500X AWD,SUV - SMALL,2.4,4,A,X,11.0,8.0,9.7,29,226,9,1.375,0.6,23.3,SUV,Regular Gasoline
FORD,C-MAX HYBRID,FULL-SIZE,2.0,4,AV,X,5.7,6.2,5.9,48,138,,0.919,0.5,23.39,Mid-size,Regular Gasoline
FORD,EDGE,SUV - SMALL,2.0,4,AS,X,11.5,8.0,9.9,29,233,6,1.438,0.5,23.54,SUV,Regular Gasoline
FORD,EDGE (Start/Stop),SUV - SMALL,2.0,4,AS,X,11.3,8.0,9.8,29,230,6,1.412,0.5,23.47,SUV,Regular Gasoline
FORD,EDGE,SUV - SMALL,3.5,6,AS,X,13.5,9.1,11.5,25,270,6,1.484,0.583,23.48,SUV,Regular Gasoline
FORD,EDGE AWD,SUV - SMALL,2.0,4,AS,X,11.9,8.6,10.4,27,244,6,1.384,0.5,23.46,SUV,Regular Gasoline
FORD,EDGE AWD,SUV - SMALL,2.7,6,AS,X,13.8,9.8,12.0,24,281,6,1.408,0.45,23.42,SUV,Regular Gasoline
FORD,EDGE AWD,SUV - SMALL,3.5,6,AS,X,13.9,10.0,12.1,23,284,6,1.39,0.583,23.47,SUV,Regular Gasoline
FORD,ESCAPE,SUV - SMALL,1.5,4,AS,X,10.2,7.8,9.1,31,214,6,1.308,0.375,23.52,SUV,Regular Gasoline
FORD,ESCAPE,SUV - SMALL,2.0,4,AS,X,10.6,8.0,9.5,30,222,6,1.325,0.5,23.37,SUV,Regular Gasoline
FORD,ESCAPE FFV,SUV - SMALL,2.5,4,AS,X,11.1,8.1,9.7,29,229,6,1.37,0.625,23.61,SUV,Regular Gasoline
FORD,ESCAPE FFV,SUV - SMALL,2.5,4,AS,E,15.2,10.8,13.3,21,219,6,1.407,0.625,16.47,SUV,Ethanol (E85)
FORD,ESCAPE AWD,SUV - SMALL,1.5,4,AS,X,10.7,8.3,9.6,29,226,6,1.289,0.375,23.54,SUV,Regular Gasoline
FORD,ESCAPE AWD,SUV - SMALL,2.0,4,AS,X,11.5,8.7,10.2,28,239,6,1.322,0.5,23.43,SUV,Regular Gasoline
FORD,EXPEDITION 4X4,SUV - STANDARD,3.5,6,AS,X,15.9,12.0,14.2,20,333,6,1.325,0.583,23.45,SUV,Regular Gasoline
FORD,EXPEDITION EL 4X4,SUV - STANDARD,3.5,6,AS,X,16.1,12.2,14.3,20,337,6,1.32,0.583,23.57,SUV,Regular Gasoline
FORD,EXPLORER,SUV - STANDARD,2.3,4,AS,X,12.6,8.6,10.8,26,254,6,1.465,0.575,23.52,SUV,Regular Gasoline
FORD,EXPLORER FFV,SUV - STANDARD,3.5,6,AS,X,13.9,9.7,12.0,24,281,6,1.433,0.583,23.42,SUV,Regular Gasoline
FORD,EXPLORER AWD,SUV - STANDARD,2.3,4,AS,X,13.1,9.2,11.3,25,266,6,1.424,0.575,23.54,SUV,Regular Gasoline
FORD,EXPLORER AWD,SUV - STANDARD,3.5,6,AS,X,14.8,10.7,13.0,22,305,6,1.383,0.583,23.46,SUV,Regular Gasoline
FORD,EXPLORER FFV AWD,SUV - STANDARD,3.5,6,AS,X,14.4,10.5,12.6,22,296,6,1.371,0.583,23.49,SUV,Regular Gasoline
FORD,EXPLORER FFV AWD,SUV - STANDARD,3.5,6,AS,E,19.6,14.2,17.2,16,284,6,1.38,0.583,16.51,SUV,Ethanol (E85)
FORD,F-150,PICKUP TRUCK - STANDARD,2.7,6,AS,X,12.2,9.3,10.9,26,256,6,1.312,0.45,23.49,Truck/Van,Regular Gasoline
FORD,F-150 (LT Tire Pkg),PICKUP TRUCK - STANDARD,2.7,6,AS,X,12.4,9.8,11.2,25,263,6,1.265,0.45,23.48,Truck/Van,Regular Gasoline
FORD,F-150 (Payload Pkg),PICKUP TRUCK - STANDARD,2.7,6,AS,X,13.1,9.8,11.6,24,272,6,1.337,0.45,23.45,Truck/Van,Regular Gasoline
FORD,F-150,PICKUP TRUCK - STANDARD,3.5,6,AS,X,12.7,9.5,11.3,25,264,10,1.337,0.583,23.36,Truck/Van,Regular Gasoline
FORD,F-150 (LT Tire Pkg),PICKUP TRUCK - STANDARD,3.5,6,AS,X,13.0,10.2,11.7,24,274,10,1.275,0.583,23.42,Truck/Van,Regular Gasoline
FORD,F-150 (Payload Pkg),PICKUP TRUCK - STANDARD,3.5,6,AS,X,13.8,10.7,12.4,23,290,10,1.29,0.583,23.39,Truck/Van,Regular Gasoline
FORD,F-150 FFV,PICKUP TRUCK - STANDARD,3.5,6,A,X,13.2,9.7,11.6,24,272,6,1.361,0.583,23.45,Truck/Van,Regular Gasoline
FORD,F-150 FFV,PICKUP TRUCK - STANDARD,3.5,6,A,E,17.9,13.2,15.8,18,258,6,1.356,0.583,16.33,Truck/Van,Ethanol (E85)
FORD,F-150 FFV,PICKUP TRUCK - STANDARD,5.0,8,AS,X,15.4,10.6,13.2,21,310,6,1.453,0.625,23.48,Truck/Van,Regular Gasoline
FORD,F-150 FFV,PICKUP TRUCK - STANDARD,5.0,8,AS,E,20.5,14.3,17.7,16,291,6,1.434,0.625,16.44,Truck/Van,Ethanol (E85)
FORD,F-150 FFV (Payload Pkg),PICKUP TRUCK - STANDARD,5.0,8,AS,X,16.8,11.8,14.5,19,340,6,1.424,0.625,23.45,Truck/Van,Regular Gasoline
FORD,F-150 FFV (Payload Pkg),PICKUP TRUCK - STANDARD,5.0,8,AS,E,20.5,14.3,17.7,16,291,6,1.434,0.625,16.44,Truck/Van,Ethanol (E85)
FORD,F-150 4X4,PICKUP TRUCK - STANDARD,2.7,6,AS,X,13.1,10.2,11.8,24,276,6,1.284,0.45,23.39,Truck/Van,Regular Gasoline
FORD,F-150 4X4 (LT Tire Pkg),PICKUP TRUCK - STANDARD,2.7,6,AS,X,13.5,11.2,12.5,23,293,6,1.205,0.45,23.44,Truck/Van,Regular Gasoline
FORD,F-150 4X4,PICKUP TRUCK - STANDARD,3.5,6,AS,X,13.6,10.3,12.1,23,284,10,1.32,0.583,23.47,Truck/Van,Regular Gasoline
FORD,F-150 4X4 (LT Tire Pkg),PICKUP TRUCK - STANDARD,3.5,6,AS,X,13.6,10.7,12.3,23,288,10,1.271,0.583,23.41,Truck/Van,Regular Gasoline
FORD,F-150 4X4 (Payload Pkg),PICKUP TRUCK - STANDARD,3.5,6,AS,X,14.0,11.0,12.7,22,298,10,1.273,0.583,23.46,Truck/Van,Regular Gasoline
FORD,F-150 FFV 4X4,PICKUP TRUCK - STANDARD,3.5,6,A,X,14.0,10.6,12.5,23,293,6,1.321,0.583,23.44,Truck/Van,Regular Gasoline
FORD,F-150 FFV 4X4,PICKUP TRUCK - STANDARD,3.5,6,A,E,19.0,14.3,16.9,17,281,6,1.329,0.583,16.63,Truck/Van,Ethanol (E85)
FORD,F-150 FFV 4X4,PICKUP TRUCK - STANDARD,5.0,8,AS,X,15.9,11.3,13.8,20,323,6,1.407,0.625,23.41,Truck/Van,Regular Gasoline
FORD,F-150 FFV 4X4,PICKUP TRUCK - STANDARD,5.0,8,AS,E,21.5,15.1,18.6,15,305,6,1.424,0.625,16.4,Truck/Van,Ethanol (E85)
FORD,F-150 FFV 4X4 (LT Tire Pkg),PICKUP TRUCK - STANDARD,5.0,8,AS,X,16.0,11.8,14.1,20,330,6,1.356,0.625,23.4,Truck/Van,Regular Gasoline
FORD,F-150 FFV 4X4 (LT Tire Pkg),PICKUP TRUCK - STANDARD,5.0,8,AS,E,21.5,15.1,18.6,15,306,6,1.424,0.625,16.45,Truck/Van,Ethanol (E85)
FORD,F-150 FFV 4X4 (Payload Pkg),PICKUP TRUCK - STANDARD,5.0,8,AS,E,22.2,16.5,19.6,14,326,6,1.345,0.625,16.63,Truck/Van,Ethanol (E85)
FORD,F-150 RAPTOR 4X4,PICKUP TRUCK - STANDARD,3.5,6,AS,X,15.6,13.2,14.5,19,339,10,1.182,0.583,23.38,Truck/Van,Regular Gasoline
FORD,FIESTA,SUBCOMPACT,1.6,4,AS,X,8.6,6.4,7.6,37,178,6,1.344,0.4,23.42,Compact/Small,Regular Gasoline
FORD,FIESTA,SUBCOMPACT,1.6,4,M,X,8.6,6.7,7.8,36,182,5,1.284,0.4,23.33,Compact/Small,Regular Gasoline
FORD,FIESTA SFE,SUBCOMPACT,1.0,3,M,X,7.6,5.7,6.8,42,158,5,1.333,0.333,23.24,Compact/Small,Regular Gasoline
FORD,FIESTA ST,COMPACT,1.6,4,M,X,9.0,7.1,8.2,34,192,6,1.268,0.4,23.41,Compact/Small,Regular Gasoline
FORD,FLEX AWD GTDI,SUV - STANDARD,3.5,6,AS,X,15.7,11.2,13.7,21,321,6,1.402,0.583,23.43,SUV,Regular Gasoline
FORD,FOCUS (Start/Stop),COMPACT,1.0,3,AS,X,8.5,6.2,7.5,38,176,6,1.371,0.333,23.47,Compact/Small,Regular Gasoline
FORD,FOCUS (Start/Stop),COMPACT,1.0,3,M,X,7.9,5.9,7.0,40,164,6,1.339,0.333,23.43,Compact/Small,Regular Gasoline
FORD,FOCUS FFV,COMPACT,2.0,4,AM,X,9.1,6.4,7.9,36,185,6,1.422,0.5,23.42,Compact/Small,Regular Gasoline
FORD,FOCUS FFV,COMPACT,2.0,4,AM,E,12.2,8.8,10.6,27,177,6,1.386,0.5,16.7,Compact/Small,Ethanol (E85)
FORD,FOCUS FFV,COMPACT,2.0,4,AS,X,9.2,6.6,8.0,35,189,6,1.394,0.5,23.62,Compact/Small,Regular Gasoline
FORD,FOCUS FFV,COMPACT,2.0,4,AS,E,12.4,9.1,10.9,26,182,6,1.363,0.5,16.7,Compact/Small,Ethanol (E85)
FORD,FOCUS FFV,COMPACT,2.0,4,M,X,9.5,7.0,8.3,34,195,5,1.357,0.5,23.49,Compact/Small,Regular Gasoline
FORD,FOCUS FFV,COMPACT,2.0,4,M,E,12.9,9.5,11.4,25,188,5,1.358,0.5,16.49,Compact/Small,Ethanol (E85)
FORD,FOCUS RS AWD,MID-SIZE,2.3,4,M,Z,12.2,9.4,10.9,26,256,6,1.298,0.575,23.49,Mid-size,Premium Gasoline
FORD,FOCUS ST,MID-SIZE,2.0,4,M,X,10.5,7.8,9.3,30,219,6,1.346,0.5,23.55,Mid-size,Regular Gasoline
FORD,FUSION,MID-SIZE,1.5,4,AS,X,10.0,7.0,8.7,32,204,6,1.429,0.375,23.45,Mid-size,Regular Gasoline
FORD,FUSION,MID-SIZE,2.0,4,AS,X,11.2,7.6,9.6,29,225,6,1.474,0.5,23.44,Mid-size,Regular Gasoline
FORD,FUSION,MID-SIZE,2.5,4,A,X,11.3,7.5,9.6,29,224,6,1.507,0.625,23.33,Mid-size,Regular Gasoline
FORD,FUSION AWD,MID-SIZE,2.0,4,AS,X,11.8,8.1,10.1,28,238,6,1.457,0.5,23.56,Mid-size,Regular Gasoline
FORD,FUSION AWD,MID-SIZE,2.7,6,AS,X,13.5,9.0,11.5,25,270,6,1.5,0.45,23.48,Mid-size,Regular Gasoline
FORD,FUSION HYBRID,MID-SIZE,2.0,4,AV,X,5.5,5.7,5.6,50,131,,0.965,0.5,23.39,Mid-size,Regular Gasoline
FORD,GT,TWO-SEATER,3.5,6,AM,Z,20.6,13.2,17.3,16,406,7,1.561,0.583,23.47,Compact/Small,Premium Gasoline
FORD,MUSTANG,SUBCOMPACT,2.3,4,AS,X,11.0,7.9,9.6,29,226,6,1.392,0.575,23.54,Compact/Small,Regular Gasoline
FORD,MUSTANG (Performance Pkg),SUBCOMPACT,2.3,4,AS,X,11.8,8.3,10.2,28,239,6,1.422,0.575,23.43,Compact/Small,Regular Gasoline
FORD,MUSTANG,SUBCOMPACT,2.3,4,M,X,11.2,7.8,9.8,29,230,6,1.436,0.575,23.47,Compact/Small,Regular Gasoline
FORD,MUSTANG (Performance Pkg),SUBCOMPACT,2.3,4,M,X,11.2,8.4,9.8,29,230,6,1.333,0.575,23.47,Compact/Small,Regular Gasoline
FORD,MUSTANG,SUBCOMPACT,3.7,6,AS,X,12.8,8.9,11.1,25,259,6,1.438,0.617,23.33,Compact/Small,Regular Gasoline
FORD,MUSTANG,SUBCOMPACT,3.7,6,M,X,13.8,8.8,11.5,25,271,6,1.568,0.617,23.57,Compact/Small,Regular Gasoline
FORD,MUSTANG,SUBCOMPACT,5.0,8,AS,X,15.6,9.6,12.9,22,303,6,1.625,0.625,23.49,Compact/Small,Regular Gasoline
FORD,MUSTANG,SUBCOMPACT,5.0,8,M,X,15.8,9.8,13.1,22,307,6,1.612,0.625,23.44,Compact/Small,Regular Gasoline
FORD,MUSTANG (Performance Pkg),SUBCOMPACT,5.0,8,M,X,16.7,10.2,13.8,20,324,6,1.637,0.625,23.48,Compact/Small,Regular Gasoline
FORD,MUSTANG CONVERTIBLE,SUBCOMPACT,2.3,4,AS,X,11.8,8.3,10.2,28,239,6,1.422,0.575,23.43,Compact/Small,Regular Gasoline
FORD,MUSTANG CONVERTIBLE,SUBCOMPACT,2.3,4,M,X,11.2,8.7,10.1,28,237,6,1.287,0.575,23.47,Compact/Small,Regular Gasoline
FORD,MUSTANG CONVERTIBLE,SUBCOMPACT,5.0,8,AS,X,15.5,10.3,13.2,21,309,6,1.505,0.625,23.41,Compact/Small,Regular Gasoline
FORD,MUSTANG CONVERTIBLE,SUBCOMPACT,5.0,8,M,X,16.7,10.2,13.8,20,324,6,1.637,0.625,23.48,Compact/Small,Regular Gasoline
FORD,SHELBY GT350 MUSTANG,SUBCOMPACT,5.2,8,M,Z,17.2,11.3,14.6,19,341,6,1.522,0.65,23.36,Compact/Small,Premium Gasoline
FORD,T-150 WAGON,VAN - PASSENGER,3.5,6,AS,X,16.2,12.8,14.6,19,344,6,1.266,0.583,23.56,Truck/Van,Regular Gasoline
FORD,T-150 WAGON FFV,VAN - PASSENGER,3.7,6,AS,X,16.7,13.0,15.1,19,354,6,1.285,0.617,23.44,Truck/Van,Regular Gasoline
FORD,T-150 WAGON FFV,VAN - PASSENGER,3.7,6,AS,E,23.0,18.5,20.9,14,343,6,1.243,0.617,16.41,Truck/Van,Ethanol (E85)
FORD,TAURUS,FULL-SIZE,2.0,4,AS,X,11.8,8.1,10.1,28,238,6,1.457,0.5,23.56,Mid-size,Regular Gasoline
FORD,TAURUS FFV,FULL-SIZE,3.5,6,AS,E,17.6,11.7,15.0,19,249,6,1.504,0.583,16.6,Mid-size,Ethanol (E85)
FORD,TAURUS FFV AWD,FULL-SIZE,3.5,6,AS,X,13.6,9.9,12.4,23,291,6,1.374,0.583,23.47,Mid-size,Regular Gasoline
FORD,TAURUS FFV AWD,FULL-SIZE,3.5,6,AS,E,18.7,13.4,16.3,17,271,6,1.396,0.583,16.63,Mid-size,Ethanol (E85)
FORD,TRANSIT CONNECT VAN FFV,SPECIAL PURPOSE VEHICLE,2.5,4,AS,X,11.9,8.7,10.4,27,244,6,1.368,0.625,23.46,Other,Regular Gasoline
FORD,TRANSIT CONNECT VAN FFV,SPECIAL PURPOSE VEHICLE,2.5,4,AS,E,16.1,11.9,14.2,20,234,6,1.353,0.625,16.48,Other,Ethanol (E85)
FORD,TRANSIT CONNECT WAGON LWB FFV,SPECIAL PURPOSE VEHICLE,2.5,4,AS,X,12.4,8.8,10.8,26,253,6,1.409,0.625,23.43,Other,Regular Gasoline
FORD,TRANSIT CONNECT WAGON LWB FFV,SPECIAL PURPOSE VEHICLE,2.5,4,AS,E,16.8,12.1,14.7,19,242,6,1.388,0.625,16.46,Other,Ethanol (E85)
GENESIS,G80 AWD,FULL-SIZE,3.8,6,AS,X,14.3,9.5,12.1,23,286,8,1.505,0.633,23.64,Mid-size,Regular Gasoline
GENESIS,G80 AWD,FULL-SIZE,5.0,8,AS,Z,17.2,10.5,14.2,20,332,8,1.638,0.625,23.38,Mid-size,Premium Gasoline
GENESIS,G90 AWD,FULL-SIZE,3.3,6,AS,Z,13.7,9.7,11.9,24,279,8,1.412,0.55,23.45,Mid-size,Premium Gasoline
GENESIS,G90 AWD,FULL-SIZE,5.0,8,AS,Z,15.2,10.2,13.0,22,306,8,1.49,0.625,23.54,Mid-size,Premium Gasoline
GMC,ACADIA,SUV - STANDARD,2.5,4,A,X,11.0,9.2,10.2,28,239,6,1.196,0.625,23.43,SUV,Regular Gasoline
GMC,ACADIA,SUV - STANDARD,3.6,6,A,X,13.0,9.3,11.3,25,265,6,1.398,0.6,23.45,SUV,Regular Gasoline
GMC,ACADIA AWD,SUV - STANDARD,2.5,4,A,X,11.2,9.4,10.4,27,243,6,1.191,0.625,23.37,SUV,Regular Gasoline
GMC,ACADIA AWD,SUV - STANDARD,3.6,6,A,X,13.3,9.5,11.6,24,271,6,1.4,0.6,23.36,SUV,Regular Gasoline
GMC,CANYON,PICKUP TRUCK - SMALL,2.5,4,A,X,12.0,9.2,10.7,26,252,6,1.304,0.625,23.55,Truck/Van,Regular Gasoline
GMC,CANYON,PICKUP TRUCK - SMALL,2.5,4,M,X,12.2,9.2,10.9,26,254,6,1.326,0.625,23.3,Truck/Van,Regular Gasoline
GMC,CANYON,PICKUP TRUCK - SMALL,2.8,4,A,D,10.8,7.9,9.5,30,255,6,1.367,0.7,26.84,Truck/Van,Diesel
GMC,CANYON,PICKUP TRUCK - SMALL,3.6,6,A,X,13.4,9.6,11.7,24,274,8,1.396,0.6,23.42,Truck/Van,Regular Gasoline
GMC,CANYON 4WD,PICKUP TRUCK - SMALL,2.5,4,A,X,12.7,9.6,11.3,25,263,6,1.323,0.625,23.27,Truck/Van,Regular Gasoline
GMC,CANYON 4WD,PICKUP TRUCK - SMALL,2.8,4,A,D,12.1,8.4,10.4,27,280,6,1.44,0.7,26.92,Truck/Van,Diesel
GMC,CANYON 4WD,PICKUP TRUCK - SMALL,3.6,6,A,X,14.0,9.9,12.2,23,286,8,1.414,0.6,23.44,Truck/Van,Regular Gasoline
GMC,SAVANA 2500 PASSENGER,VAN - PASSENGER,6.0,8,A,X,21.8,14.8,18.6,15,438,6,1.473,0.75,23.55,Truck/Van,Regular Gasoline
GMC,SAVANA 3500 PASSENGER,VAN - PASSENGER,6.0,8,A,X,22.3,14.9,19.0,15,445,6,1.497,0.75,23.42,Truck/Van,Regular Gasoline
GMC,SIERRA,PICKUP TRUCK - STANDARD,5.3,8,A,X,14.6,10.3,12.7,22,297,6,1.417,0.662,23.39,Truck/Van,Regular Gasoline
GMC,SIERRA,PICKUP TRUCK - STANDARD,5.3,8,A,X,15.2,10.7,13.1,22,309,8,1.421,0.662,23.59,Truck/Van,Regular Gasoline
GMC,SIERRA,PICKUP TRUCK - STANDARD,6.2,8,A,Z,15.9,11.2,13.8,20,323,8,1.42,0.775,23.41,Truck/Van,Premium Gasoline
GMC,SIERRA FFV,PICKUP TRUCK - STANDARD,4.3,6,A,X,13.4,10.0,11.9,24,279,6,1.34,0.717,23.45,Truck/Van,Regular Gasoline
GMC,SIERRA FFV,PICKUP TRUCK - STANDARD,4.3,6,A,E,19.3,14.3,17.1,17,284,6,1.35,0.717,16.61,Truck/Van,Ethanol (E85)
GMC,SIERRA FFV,PICKUP TRUCK - STANDARD,5.3,8,A,X,14.6,10.3,12.7,22,298,6,1.417,0.662,23.46,Truck/Van,Regular Gasoline
GMC,SIERRA FFV,PICKUP TRUCK - STANDARD,5.3,8,A,E,19.7,13.9,17.1,17,284,6,1.417,0.662,16.61,Truck/Van,Ethanol (E85)
GMC,SIERRA 4WD,PICKUP TRUCK - STANDARD,5.3,8,A,X,15.9,11.5,13.9,20,327,8,1.383,0.662,23.53,Truck/Van,Regular Gasoline
GMC,SIERRA 4WD,PICKUP TRUCK - STANDARD,6.2,8,A,Z,16.0,11.7,14.1,20,330,8,1.368,0.775,23.4,Truck/Van,Premium Gasoline
GMC,SIERRA 4WD FFV,PICKUP TRUCK - STANDARD,4.3,6,A,X,14.1,10.6,12.5,23,294,6,1.33,0.717,23.52,Truck/Van,Regular Gasoline
GMC,SIERRA 4WD FFV,PICKUP TRUCK - STANDARD,4.3,6,A,E,20.3,15.2,18.0,16,294,6,1.336,0.717,16.33,Truck/Van,Ethanol (E85)
GMC,SIERRA 4WD FFV,PICKUP TRUCK - STANDARD,5.3,8,A,X,15.0,10.7,13.1,22,307,6,1.402,0.662,23.44,Truck/Van,Regular Gasoline
GMC,SIERRA 4WD FFV,PICKUP TRUCK - STANDARD,5.3,8,A,E,20.7,14.4,17.9,16,317,6,1.438,0.662,17.71,Truck/Van,Ethanol (E85)
GMC,SIERRA eASSIST 4WD,PICKUP TRUCK - STANDARD,5.3,8,A,X,14.4,11.2,13.0,22,303,8,1.286,0.662,23.31,Truck/Van,Regular Gasoline
GMC,TERRAIN,SUV - SMALL,2.4,4,A,X,11.0,7.5,9.4,30,221,6,1.467,0.6,23.51,SUV,Regular Gasoline
GMC,TERRAIN FFV,SUV - SMALL,2.4,4,A,X,11.0,7.5,9.4,30,221,6,1.467,0.6,23.51,SUV,Regular Gasoline
GMC,TERRAIN FFV,SUV - SMALL,2.4,4,A,E,15.6,11.0,13.6,21,223,6,1.418,0.6,16.4,SUV,Ethanol (E85)
GMC,TERRAIN,SUV - SMALL,3.6,6,A,X,14.1,9.7,12.1,23,285,6,1.454,0.6,23.55,SUV,Regular Gasoline
GMC,TERRAIN AWD,SUV - SMALL,2.4,4,A,X,11.5,8.3,10.1,28,237,6,1.386,0.6,23.47,SUV,Regular Gasoline
GMC,TERRAIN AWD,SUV - SMALL,3.6,6,A,X,15.0,10.4,13.0,22,304,6,1.442,0.6,23.38,SUV,Regular Gasoline
GMC,YUKON,SUV - STANDARD,5.3,8,A,X,15.1,10.4,13.0,22,305,6,1.452,0.662,23.46,SUV,Regular Gasoline
GMC,YUKON FFV,SUV - STANDARD,5.3,8,A,X,15.1,10.4,13.0,22,305,6,1.452,0.662,23.46,SUV,Regular Gasoline
GMC,YUKON FFV,SUV - STANDARD,5.3,8,A,E,20.0,13.5,17.1,17,284,6,1.481,0.662,16.61,SUV,Ethanol (E85)
GMC,YUKON 4WD FFV,SUV - STANDARD,5.3,8,A,E,20.8,14.5,18.0,16,299,6,1.434,0.662,16.61,SUV,Ethanol (E85)
GMC,YUKON DENALI 4WD,SUV - STANDARD,6.2,8,A,Z,16.0,11.7,14.1,20,330,8,1.368,0.775,23.4,SUV,Premium Gasoline
GMC,YUKON XL,SUV - STANDARD,5.3,8,A,X,15.1,10.4,13.0,22,305,6,1.452,0.662,23.46,SUV,Regular Gasoline
GMC,YUKON XL FFV,SUV - STANDARD,5.3,8,A,X,15.1,10.4,13.0,22,305,6,1.452,0.662,23.46,SUV,Regular Gasoline
GMC,YUKON XL FFV,SUV - STANDARD,5.3,8,A,E,20.0,13.5,17.1,17,284,6,1.481,0.662,16.61,SUV,Ethanol (E85)
GMC,YUKON XL 4WD FFV,SUV - STANDARD,5.3,8,A,E,22.1,15.4,19.1,15,317,6,1.435,0.662,16.6,SUV,Ethanol (E85)
GMC,YUKON XL DENALI 4WD,SUV - STANDARD,6.2,8,A,Z,16.3,11.7,14.2,20,333,8,1.393,0.775,23.45,SUV,Premium Gasoline
HONDA,ACCORD,MID-SIZE,2.4,4,AV,X,9.2,6.9,8.2,34,190,7,1.333,0.6,23.17,Mid-size,Regular Gasoline
HONDA,ACCORD,MID-SIZE,2.4,4,M,X,10.4,7.4,9.0,31,210,6,1.405,0.6,23.33,Mid-size,Regular Gasoline
HONDA,ACCORD COUPE,MID-SIZE,3.5,6,AS,X,11.4,7.4,9.6,29,225,6,1.541,0.583,23.44,Mid-size,Regular Gasoline
HONDA,ACCORD COUPE,MID-SIZE,3.5,6,M,X,12.9,8.4,10.9,26,254,6,1.536,0.583,23.3,Mid-size,Regular Gasoline
HONDA,ACCORD SEDAN,MID-SIZE,2.4,4,AV,X,8.7,6.6,7.8,36,180,,1.318,0.6,23.08,Mid-size,Regular Gasoline
HONDA,ACCORD SEDAN,MID-SIZE,3.5,6,A,X,11.4,7.2,9.5,30,223,6,1.583,0.583,23.47,Mid-size,Regular Gasoline
HONDA,ACCORD HYBRID,MID-SIZE,2.0,4,AV,X,4.9,5.1,5.0,56,114,,0.961,0.5,22.8,Mid-size,Regular Gasoline
HONDA,CIVIC COUPE,COMPACT,1.5,4,AV,X,7.5,5.9,6.8,42,158,7,1.271,0.375,23.24,Compact/Small,Regular Gasoline
HONDA,CIVIC COUPE,COMPACT,1.5,4,M,X,7.7,5.7,6.8,42,159,6,1.351,0.375,23.38,Compact/Small,Regular Gasoline
HONDA,CIVIC COUPE,COMPACT,2.0,4,AV,X,7.8,6.0,7.0,40,163,,1.3,0.5,23.29,Compact/Small,Regular Gasoline
HONDA,CIVIC COUPE,COMPACT,2.0,4,M,X,8.5,6.1,7.4,38,173,6,1.393,0.5,23.38,Compact/Small,Regular Gasoline
HONDA,CIVIC SEDAN,MID-SIZE,1.5,4,AV,X,7.4,5.6,6.6,43,153,,1.321,0.375,23.18,Mid-size,Regular Gasoline
HONDA,CIVIC SEDAN,MID-SIZE,2.0,4,AV,X,7.8,6.0,7.0,40,163,,1.3,0.5,23.29,Mid-size,Regular Gasoline
HONDA,CIVIC SEDAN,MID-SIZE,2.0,4,M,X,8.5,6.0,7.4,38,172,6,1.417,0.5,23.24,Mid-size,Regular Gasoline
HONDA,CIVIC HATCHBACK,FULL-SIZE,1.5,4,AV,X,7.7,6.0,6.9,41,162,,1.283,0.375,23.48,Mid-size,Regular Gasoline
HONDA,CIVIC HATCHBACK,FULL-SIZE,1.5,4,AV,X,7.9,6.6,7.3,39,170,7,1.197,0.375,23.29,Mid-size,Regular Gasoline
HONDA,CIVIC HATCHBACK,FULL-SIZE,1.5,4,AV,Z,7.9,6.6,7.3,39,170,7,1.197,0.375,23.29,Mid-size,Premium Gasoline
HONDA,CIVIC HATCHBACK,FULL-SIZE,1.5,4,M,X,8.0,6.2,7.2,39,167,6,1.29,0.375,23.19,Mid-size,Regular Gasoline
HONDA,CIVIC HATCHBACK,FULL-SIZE,1.5,4,M,Z,8.0,6.2,7.2,39,167,6,1.29,0.375,23.19,Mid-size,Premium Gasoline
HONDA,CR-V,SUV - SMALL,1.5,4,AV,X,8.4,7.0,7.8,36,181,,1.2,0.375,23.21,SUV,Regular Gasoline
HONDA,CR-V AWD,SUV - SMALL,1.5,4,AV,X,8.7,7.2,8.0,35,188,,1.208,0.375,23.5,SUV,Regular Gasoline
HONDA,FIT,STATION WAGON - SMALL,1.5,4,AV,X,7.0,5.9,6.5,43,154,,1.186,0.375,23.69,Mid-size,Regular Gasoline
HONDA,FIT,STATION WAGON - SMALL,1.5,4,AV,X,7.6,6.4,7.0,40,164,7,1.187,0.375,23.43,Mid-size,Regular Gasoline
HONDA,FIT,STATION WAGON - SMALL,1.5,4,M,X,8.1,6.6,7.4,38,174,6,1.227,0.375,23.51,Mid-size,Regular Gasoline
HONDA,HR-V,STATION WAGON - SMALL,1.8,4,AV,X,8.3,6.9,7.7,37,180,,1.203,0.45,23.38,Mid-size,Regular Gasoline
HONDA,HR-V,STATION WAGON - SMALL,1.8,4,AV,X,8.3,6.9,7.7,37,180,7,1.203,0.45,23.38,Mid-size,Regular Gasoline
HONDA,HR-V,STATION WAGON - SMALL,1.8,4,M,X,9.4,7.1,8.4,34,195,6,1.324,0.45,23.21,Mid-size,Regular Gasoline
HONDA,HR-V AWD,STATION WAGON - SMALL,1.8,4,AV,X,8.9,7.5,8.2,34,194,,1.187,0.45,23.66,Mid-size,Regular Gasoline
HONDA,HR-V AWD,STATION WAGON - SMALL,1.8,4,AV,X,8.9,7.5,8.2,34,194,7,1.187,0.45,23.66,Mid-size,Regular Gasoline
HONDA,ODYSSEY,MINIVAN,3.5,6,A,X,12.3,8.6,10.7,26,251,6,1.43,0.583,23.46,Truck/Van,Regular Gasoline
HONDA,PILOT,SUV - SMALL,3.5,6,A,X,12.4,8.8,10.8,26,254,6,1.409,0.583,23.52,SUV,Regular Gasoline
HONDA,PILOT AWD,SUV - SMALL,3.5,6,A,X,13.0,9.3,11.3,25,266,6,1.398,0.583,23.54,SUV,Regular Gasoline
HONDA,PILOT AWD,SUV - SMALL,3.5,6,AS,X,12.4,9.3,11.0,26,256,9,1.333,0.583,23.27,SUV,Regular Gasoline
HONDA,RIDGELINE AWD,PICKUP TRUCK - STANDARD,3.5,6,A,X,12.8,9.5,11.3,25,264,6,1.347,0.583,23.36,Truck/Van,Regular Gasoline
HYUNDAI,ACCENT,COMPACT,1.6,4,AS,X,8.9,6.6,7.9,36,182,6,1.348,0.4,23.04,Compact/Small,Regular Gasoline
HYUNDAI,ACCENT,COMPACT,1.6,4,M,X,8.8,6.5,7.8,36,184,6,1.354,0.4,23.59,Compact/Small,Regular Gasoline
HYUNDAI,ELANTRA,MID-SIZE,2.0,4,AS,X,8.3,6.4,7.4,38,174,6,1.297,0.5,23.51,Mid-size,Regular Gasoline
HYUNDAI,ELANTRA,MID-SIZE,2.0,4,M,X,9.1,6.6,8.0,35,187,6,1.379,0.5,23.38,Mid-size,Regular Gasoline
HYUNDAI,ELANTRA GT,MID-SIZE,2.0,4,AS,X,9.8,7.3,8.7,32,206,6,1.342,0.5,23.68,Mid-size,Regular Gasoline
HYUNDAI,ELANTRA GT,MID-SIZE,2.0,4,M,X,9.8,7.2,8.7,32,204,6,1.361,0.5,23.45,Mid-size,Regular Gasoline
HYUNDAI,IONIQ,FULL-SIZE,1.6,4,AM,X,4.3,4.4,4.4,64,103,6,0.977,0.4,23.41,Mid-size,Regular Gasoline
HYUNDAI,IONIQ BLUE,FULL-SIZE,1.6,4,AM,X,4.2,4.0,4.1,69,96,6,1.05,0.4,23.41,Mid-size,Regular Gasoline
HYUNDAI,SANTA FE SPORT,SUV - SMALL,2.4,4,AS,X,11.1,8.6,10.0,28,235,6,1.291,0.6,23.5,SUV,Regular Gasoline
HYUNDAI,SANTA FE SPORT AWD,SUV - SMALL,2.0,4,AS,X,12.5,9.6,11.2,25,264,6,1.302,0.5,23.57,SUV,Regular Gasoline
HYUNDAI,SANTA FE SPORT AWD,SUV - SMALL,2.4,4,AS,X,12.0,9.1,10.7,26,253,6,1.319,0.6,23.64,SUV,Regular Gasoline
HYUNDAI,SONATA,FULL-SIZE,2.0,4,AS,X,10.5,7.6,9.2,31,216,6,1.382,0.5,23.48,Mid-size,Regular Gasoline
HYUNDAI,SONATA,FULL-SIZE,2.4,4,AS,X,9.4,6.7,8.2,34,194,6,1.403,0.6,23.66,Mid-size,Regular Gasoline
HYUNDAI,SONATA SPORT/LIMITED,FULL-SIZE,2.4,4,AS,X,10.0,7.2,8.7,32,207,6,1.389,0.6,23.79,Mid-size,Regular Gasoline
HYUNDAI,SONATA HYBRID,MID-SIZE,2.0,4,AS,X,6.3,5.7,6.0,47,143,6,1.105,0.5,23.83,Mid-size,Regular Gasoline
HYUNDAI,SONATA HYBRID SE,MID-SIZE,2.0,4,AS,X,6.0,5.3,5.7,50,137,6,1.132,0.5,24.04,Mid-size,Regular Gasoline
HYUNDAI,TUCSON,SUV - SMALL,1.6,4,AM,X,9.9,8.5,9.3,30,221,7,1.165,0.4,23.76,SUV,Regular Gasoline
HYUNDAI,TUCSON,SUV - SMALL,2.0,4,AS,X,10.1,7.8,9.0,31,213,6,1.295,0.5,23.67,SUV,Regular Gasoline
HYUNDAI,TUCSON AWD,SUV - SMALL,2.0,4,AS,X,11.0,9.1,10.2,28,241,6,1.209,0.5,23.63,SUV,Regular Gasoline
HYUNDAI,VELOSTER,COMPACT,1.6,4,AM,X,8.3,6.7,7.6,37,180,6,1.239,0.4,23.68,Compact/Small,Regular Gasoline
HYUNDAI,VELOSTER,COMPACT,1.6,4,M,X,8.9,6.9,8.0,35,188,6,1.29,0.4,23.5,Compact/Small,Regular Gasoline
HYUNDAI,VELOSTER TURBO,COMPACT,1.6,4,AS,X,8.9,7.3,8.2,34,193,6,1.219,0.4,23.54,Compact/Small,Regular Gasoline
HYUNDAI,VELOSTER TURBO,COMPACT,1.6,4,M,X,9.4,7.2,8.4,34,200,6,1.306,0.4,23.81,Compact/Small,Regular Gasoline
INFINITI,Q50 AWD,MID-SIZE,2.0,4,AS,Z,10.7,8.4,9.6,29,226,7,1.274,0.5,23.54,Mid-size,Premium Gasoline
INFINITI,Q50 AWD,MID-SIZE,3.0,6,AS,Z,12.6,8.8,10.9,26,256,7,1.432,0.5,23.49,Mid-size,Premium Gasoline
INFINITI,Q50S RED SPORT AWD,MID-SIZE,3.0,6,AS,Z,12.3,9.2,10.9,26,257,7,1.337,0.5,23.58,Mid-size,Premium Gasoline
INFINITI,Q50 HYBRID AWD,COMPACT,3.5,6,AS,Z,9.1,7.7,8.5,33,200,7,1.182,0.583,23.53,Compact/Small,Premium Gasoline
INFINITI,Q60 AWD,SUBCOMPACT,2.0,4,AS,Z,11.2,8.5,10.0,28,233,7,1.318,0.5,23.3,Compact/Small,Premium Gasoline
INFINITI,Q60 AWD,SUBCOMPACT,3.0,6,AS,Z,12.4,8.8,10.8,26,253,7,1.409,0.5,23.43,Compact/Small,Premium Gasoline
INFINITI,Q60S RED SPORT AWD,SUBCOMPACT,3.0,6,AS,Z,12.5,9.2,11.0,26,259,7,1.359,0.5,23.55,Compact/Small,Premium Gasoline
INFINITI,Q70 AWD,MID-SIZE,3.7,6,AS,Z,13.2,9.8,11.7,24,274,7,1.347,0.617,23.42,Mid-size,Premium Gasoline
INFINITI,Q70 HYBRID,MID-SIZE,3.5,6,AS,Z,8.4,7.1,7.8,36,184,7,1.183,0.583,23.59,Mid-size,Premium Gasoline
INFINITI,QX30,COMPACT,2.0,4,AM,Z,9.7,7.1,8.5,33,200,7,1.366,0.5,23.53,Compact/Small,Premium Gasoline
INFINITI,QX30 AWD,COMPACT,2.0,4,AM,Z,10.6,8.0,9.4,30,221,7,1.325,0.5,23.51,Compact/Small,Premium Gasoline
INFINITI,QX50 AWD,STATION WAGON - SMALL,3.7,6,AS,Z,13.7,9.8,11.9,24,280,7,1.398,0.617,23.53,Mid-size,Premium Gasoline
INFINITI,QX60,SUV - SMALL,3.5,6,AV,Z,11.9,8.8,10.5,27,246,7,1.352,0.583,23.43,SUV,Premium Gasoline
INFINITI,QX60 AWD,SUV - SMALL,3.5,6,AV,Z,12.5,9.1,10.9,26,257,7,1.374,0.583,23.58,SUV,Premium Gasoline
INFINITI,QX60 HYBRID AWD,SUV - STANDARD,2.5,4,AV,X,9.5,8.6,9.1,31,214,7,1.105,0.625,23.52,SUV,Regular Gasoline
INFINITI,QX70 AWD,SUV - SMALL,3.7,6,AS,Z,14.5,10.8,12.8,22,301,7,1.343,0.617,23.52,SUV,Premium Gasoline
INFINITI,QX80 4WD,SUV - STANDARD,5.6,8,AS,Z,17.4,12.2,15.1,19,355,7,1.426,0.7,23.51,SUV,Premium Gasoline
JAGUAR,F-PACE 35t,SUV - SMALL,3.0,6,AS,Z,13.3,10.0,11.8,24,277,8,1.33,0.5,23.47,SUV,Premium Gasoline
JAGUAR,F-TYPE CONVERTIBLE,TWO-SEATER,3.0,6,AS,Z,11.9,8.5,10.4,27,242,8,1.4,0.5,23.27,Compact/Small,Premium Gasoline
JAGUAR,F-TYPE COUPE,TWO-SEATER,3.0,6,AS,Z,11.9,8.5,10.4,27,242,8,1.4,0.5,23.27,Compact/Small,Premium Gasoline
JAGUAR,F-TYPE R CONVERTIBLE AWD,TWO-SEATER,5.0,8,AS,Z,15.6,10.4,13.3,21,311,8,1.5,0.625,23.38,Compact/Small,Premium Gasoline
JAGUAR,F-TYPE R COUPE AWD,TWO-SEATER,5.0,8,AS,Z,15.6,10.4,13.3,21,311,6,1.5,0.625,23.38,Compact/Small,Premium Gasoline
JAGUAR,F-TYPE S CONVERTIBLE,TWO-SEATER,3.0,6,AS,Z,12.4,8.8,10.8,26,253,8,1.409,0.5,23.43,Compact/Small,Premium Gasoline
JAGUAR,F-TYPE S CONVERTIBLE,TWO-SEATER,3.0,6,M,Z,15.3,10.0,12.9,22,302,6,1.53,0.5,23.41,Compact/Small,Premium Gasoline
JAGUAR,F-TYPE S CONVERTIBLE AWD,TWO-SEATER,3.0,6,AS,Z,13.0,9.2,11.3,25,265,8,1.413,0.5,23.45,Compact/Small,Premium Gasoline
JAGUAR,F-TYPE S COUPE,TWO-SEATER,3.0,6,AS,Z,12.4,8.8,10.8,26,253,8,1.409,0.5,23.43,Compact/Small,Premium Gasoline
JAGUAR,F-TYPE S COUPE,TWO-SEATER,3.0,6,M,Z,15.3,10.0,12.9,22,302,6,1.53,0.5,23.41,Compact/Small,Premium Gasoline
JAGUAR,F-TYPE S COUPE AWD,TWO-SEATER,3.0,6,AS,Z,13.0,9.2,11.3,25,265,8,1.413,0.5,23.45,Compact/Small,Premium Gasoline
JAGUAR,XE 20d AWD,COMPACT,2.0,4,AS,D,7.8,5.8,6.9,41,186,8,1.345,0.5,26.96,Compact/Small,Diesel
JAGUAR,XE 35t AWD,COMPACT,3.0,6,AS,Z,11.8,8.2,10.2,28,238,8,1.439,0.5,23.33,Compact/Small,Premium Gasoline
JAGUAR,XF 20d AWD,MID-SIZE,2.0,4,AS,D,7.8,5.8,6.9,41,186,8,1.345,0.5,26.96,Mid-size,Diesel
JAGUAR,XF 35t AWD,MID-SIZE,3.0,6,AS,Z,12.0,8.4,10.4,27,243,8,1.429,0.5,23.37,Mid-size,Premium Gasoline
JAGUAR,XJ R-SPORT 3.0 AWD,FULL-SIZE,3.0,6,AS,Z,14.0,9.0,11.8,24,276,8,1.556,0.5,23.39,Mid-size,Premium Gasoline
JAGUAR,XJL PORTFOLIO 3.0 AWD,FULL-SIZE,3.0,6,AS,Z,14.0,9.4,11.9,24,280,8,1.489,0.5,23.53,Mid-size,Premium Gasoline
JAGUAR,XJR,FULL-SIZE,5.0,8,AS,Z,15.8,10.3,13.3,21,313,8,1.534,0.625,23.53,Mid-size,Premium Gasoline
JAGUAR,XJR  LWB,FULL-SIZE,5.0,8,AS,Z,15.8,10.3,13.3,21,313,8,1.534,0.625,23.53,Mid-size,Premium Gasoline
JEEP,CHEROKEE,SUV - SMALL,2.4,4,A,X,11.0,7.8,9.6,29,225,9,1.41,0.6,23.44,SUV,Regular Gasoline
JEEP,CHEROKEE,SUV - SMALL,3.2,6,A,X,11.4,8.3,10.0,28,234,9,1.373,0.533,23.4,SUV,Regular Gasoline
JEEP,CHEROKEE 4X4 ACTIVE DRIVE I,SUV - SMALL,2.4,4,A,X,11.3,8.4,10.0,28,235,9,1.345,0.6,23.5,SUV,Regular Gasoline
JEEP,CHEROKEE 4X4 ACTIVE DRIVE I,SUV - SMALL,3.2,6,A,X,11.6,8.6,10.3,27,241,9,1.349,0.533,23.4,SUV,Regular Gasoline
JEEP,CHEROKEE 4X4 ACTIVE DRIVE II,SUV - SMALL,2.4,4,A,X,11.4,8.7,10.2,28,240,9,1.31,0.6,23.53,SUV,Regular Gasoline
JEEP,CHEROKEE 4X4 ACTIVE DRIVE II,SUV - SMALL,3.2,6,A,X,12.8,9.0,11.1,25,259,9,1.422,0.533,23.33,SUV,Regular Gasoline
JEEP,CHEROKEE 4X4 ACTIVE DRIVE LOCK,SUV - SMALL,2.4,4,A,X,12.1,9.4,10.9,26,256,9,1.287,0.6,23.49,SUV,Regular Gasoline
JEEP,CHEROKEE 4X4 ACTIVE DRIVE LOCK,SUV - SMALL,3.2,6,A,X,12.9,9.9,11.6,24,269,9,1.303,0.533,23.19,SUV,Regular Gasoline
JEEP,COMPASS,SUV - SMALL,2.0,4,AV,X,10.8,9.0,10.0,28,235,,1.2,0.5,23.5,SUV,Regular Gasoline
JEEP,COMPASS,SUV - SMALL,2.0,4,M,X,10.3,7.9,9.3,30,216,5,1.304,0.5,23.23,SUV,Regular Gasoline
JEEP,COMPASS,SUV - SMALL,2.4,4,A,X,11.3,8.7,10.1,28,238,6,1.299,0.6,23.56,SUV,Regular Gasoline
JEEP,COMPASS,SUV - SMALL,2.4,4,M,X,10.2,8.3,9.3,30,219,5,1.229,0.6,23.55,SUV,Regular Gasoline
JEEP,COMPASS 4X4,SUV - SMALL,2.4,4,A,X,11.7,9.2,10.6,27,249,6,1.272,0.6,23.49,SUV,Regular Gasoline
JEEP,COMPASS 4X4,SUV - SMALL,2.4,4,AV,X,11.7,10.3,11.1,25,259,,1.136,0.6,23.33,SUV,Regular Gasoline
JEEP,COMPASS 4X4,SUV - SMALL,2.4,4,M,X,10.6,8.7,9.8,29,230,5,1.218,0.6,23.47,SUV,Regular Gasoline
JEEP,GRAND CHEROKEE 4X4,SUV - STANDARD,3.6,6,A,X,12.7,9.6,11.3,25,265,8,1.323,0.6,23.45,SUV,Regular Gasoline
JEEP,GRAND CHEROKEE 4X4,SUV - STANDARD,5.7,8,A,X,16.6,10.7,14.0,20,328,8,1.551,0.712,23.43,SUV,Regular Gasoline
JEEP,GRAND CHEROKEE SRT8,SUV - STANDARD,6.4,8,A,Z,18.3,12.6,15.7,18,368,8,1.452,0.8,23.44,SUV,Premium Gasoline
JEEP,NEW COMPASS,SUV - SMALL,2.4,4,A,X,10.6,7.6,9.3,30,218,6,1.395,0.6,23.44,SUV,Regular Gasoline
JEEP,NEW COMPASS,SUV - SMALL,2.4,4,M,X,10.4,7.3,9.0,31,211,6,1.425,0.6,23.44,SUV,Regular Gasoline
JEEP,NEW COMPASS 4X4,SUV - SMALL,2.4,4,A,X,10.8,7.8,9.5,30,222,9,1.385,0.6,23.37,SUV,Regular Gasoline
JEEP,NEW COMPASS 4X4,SUV - SMALL,2.4,4,M,X,10.8,7.6,9.4,30,221,6,1.421,0.6,23.51,SUV,Regular Gasoline
JEEP,PATRIOT,SUV - SMALL,2.0,4,AV,X,10.8,9.0,10.0,28,235,,1.2,0.5,23.5,SUV,Regular Gasoline
JEEP,PATRIOT,SUV - SMALL,2.0,4,M,X,10.3,7.9,9.3,30,216,5,1.304,0.5,23.23,SUV,Regular Gasoline
JEEP,PATRIOT,SUV - SMALL,2.4,4,A,X,11.3,8.7,10.1,28,238,6,1.299,0.6,23.56,SUV,Regular Gasoline
JEEP,PATRIOT,SUV - SMALL,2.4,4,M,X,10.2,8.3,9.3,30,219,5,1.229,0.6,23.55,SUV,Regular Gasoline
JEEP,PATRIOT 4X4,SUV - SMALL,2.4,4,A,X,11.7,9.2,10.6,27,249,6,1.272,0.6,23.49,SUV,Regular Gasoline
JEEP,PATRIOT 4X4,SUV - SMALL,2.4,4,AV,X,11.7,10.3,11.1,25,259,,1.136,0.6,23.33,SUV,Regular Gasoline
JEEP,PATRIOT 4X4,SUV - SMALL,2.4,4,M,X,10.6,8.7,9.8,29,230,5,1.218,0.6,23.47,SUV,Regular Gasoline
JEEP,RENEGADE,SUV - SMALL,1.4,4,M,X,9.9,7.7,8.9,32,209,6,1.286,0.35,23.48,SUV,Regular Gasoline
JEEP,RENEGADE FFV,SUV - SMALL,2.4,4,A,X,10.8,7.8,9.5,30,222,9,1.385,0.6,23.37,SUV,Regular Gasoline
JEEP,RENEGADE FFV,SUV - SMALL,2.4,4,A,E,14.4,10.2,12.5,23,206,9,1.412,0.6,16.48,SUV,Ethanol (E85)
JEEP,RENEGADE 4X4,SUV - SMALL,1.4,4,M,X,9.9,7.7,8.9,32,211,6,1.286,0.35,23.71,SUV,Regular Gasoline
JEEP,RENEGADE 4X4,SUV - SMALL,2.4,4,A,X,11.2,8.2,9.8,29,230,9,1.366,0.6,23.47,SUV,Regular Gasoline
JEEP,WRANGLER 4X4,SUV - SMALL,3.6,6,M,X,14.2,11.0,12.8,22,298,6,1.291,0.6,23.28,SUV,Regular Gasoline
JEEP,WRANGLER UNLIMITED 4X4,SUV - SMALL,3.6,6,A,X,14.7,11.7,13.4,21,313,5,1.256,0.6,23.36,SUV,Regular Gasoline
JEEP,WRANGLER UNLIMITED 4X4,SUV - SMALL,3.6,6,M,X,15.0,11.4,13.3,21,312,6,1.316,0.6,23.46,SUV,Regular Gasoline
KIA,CADENZA,FULL-SIZE,3.3,6,AS,X,11.5,8.5,10.2,28,237,8,1.353,0.55,23.24,Mid-size,Regular Gasoline
KIA,FORTE (MPI),MID-SIZE,2.0,4,AS,X,7.9,6.3,7.2,39,170,6,1.254,0.5,23.61,Mid-size,Regular Gasoline
KIA,FORTE (GDI),MID-SIZE,2.0,4,AS,X,9.4,7.0,8.3,34,198,6,1.343,0.5,23.86,Mid-size,Regular Gasoline
KIA,FORTE,MID-SIZE,2.0,4,M,X,9.4,6.8,8.3,34,195,6,1.382,0.5,23.49,Mid-size,Regular Gasoline
KIA,FORTE 5,FULL-SIZE,1.6,4,AM,X,9.4,7.9,8.7,32,207,7,1.19,0.4,23.79,Mid-size,Regular Gasoline
KIA,FORTE 5,FULL-SIZE,2.0,4,AS,X,9.7,7.0,8.3,34,197,6,1.386,0.5,23.73,Mid-size,Regular Gasoline
KIA,FORTE 5,FULL-SIZE,2.0,4,M,X,9.8,7.3,8.7,32,204,6,1.342,0.5,23.45,Mid-size,Regular Gasoline
KIA,FORTE KOUP,COMPACT,1.6,4,AM,X,9.6,7.4,8.6,33,204,7,1.297,0.4,23.72,Compact/Small,Regular Gasoline
KIA,FORTE KOUP,COMPACT,1.6,4,M,X,10.1,8.0,9.2,31,216,6,1.262,0.4,23.48,Compact/Small,Regular Gasoline
KIA,FORTE KOUP,COMPACT,2.0,4,AS,X,9.6,7.3,8.6,33,203,6,1.315,0.5,23.6,Compact/Small,Regular Gasoline
KIA,FORTE KOUP,COMPACT,2.0,4,M,X,9.9,7.6,8.8,32,209,6,1.303,0.5,23.75,Compact/Small,Regular Gasoline
KIA,K900,FULL-SIZE,3.8,6,AS,X,13.8,9.3,11.8,24,279,8,1.484,0.633,23.64,Mid-size,Regular Gasoline
KIA,K900,FULL-SIZE,5.0,8,AS,Z,15.6,10.6,13.3,21,317,8,1.472,0.625,23.83,Mid-size,Premium Gasoline
KIA,NIRO,STATION WAGON - SMALL,1.6,4,AM,X,4.6,5.1,4.8,59,114,6,0.902,0.4,23.75,Mid-size,Regular Gasoline
KIA,NIRO FE,STATION WAGON - SMALL,1.6,4,AM,X,4.5,4.8,4.7,60,110,6,0.938,0.4,23.4,Mid-size,Regular Gasoline
KIA,NIRO TOURING,STATION WAGON - SMALL,1.6,4,AM,X,5.1,5.8,5.4,52,129,6,0.879,0.4,23.89,Mid-size,Regular Gasoline
KIA,OPTIMA,FULL-SIZE,2.4,4,AS,X,9.6,6.8,8.4,34,198,6,1.412,0.6,23.57,Mid-size,Regular Gasoline
KIA,OPTIMA FE,FULL-SIZE,2.4,4,AS,X,9.3,6.6,8.0,35,190,6,1.409,0.6,23.75,Mid-size,Regular Gasoline
KIA,OPTIMA TURBO,FULL-SIZE,2.0,4,AS,X,10.9,7.6,9.4,30,224,6,1.434,0.5,23.83,Mid-size,Regular Gasoline
KIA,OPTIMA HYBRID,MID-SIZE,2.0,4,AS,X,6.0,5.1,5.6,50,132,6,1.176,0.5,23.57,Mid-size,Regular Gasoline
KIA,RIO,COMPACT,1.6,4,AS,X,8.8,6.5,7.8,36,181,6,1.354,0.4,23.21,Compact/Small,Regular Gasoline
KIA,RIO,COMPACT,1.6,4,M,X,8.8,6.6,7.8,36,181,6,1.333,0.4,23.21,Compact/Small,Regular Gasoline
KIA,RONDO,STATION WAGON - MID-SIZE,2.0,4,AS,X,9.9,7.6,8.9,32,210,6,1.303,0.5,23.6,Mid-size,Regular Gasoline
KIA,SEDONA SXL,MINIVAN,3.3,6,AS,X,14.1,10.5,12.5,23,296,6,1.343,0.55,23.68,Truck/Van,Regular Gasoline
KIA,SORENTO,SUV - SMALL,2.4,4,AS,X,11.2,8.3,9.9,29,234,6,1.349,0.6,23.64,SUV,Regular Gasoline
KIA,SORENTO AWD,SUV - SMALL,2.0,4,AS,X,12.3,9.4,11.0,26,259,6,1.309,0.5,23.55,SUV,Regular Gasoline
KIA,SORENTO AWD,SUV - SMALL,2.4,4,AS,X,11.5,9.3,10.5,27,246,6,1.237,0.6,23.43,SUV,Regular Gasoline
KIA,SORENTO AWD,SUV - SMALL,3.3,6,AS,X,14.0,10.1,12.2,23,289,6,1.386,0.55,23.69,SUV,Regular Gasoline
KIA,SORENTO AWD FE,SUV - SMALL,3.3,6,AS,X,13.2,9.3,11.4,25,270,6,1.419,0.55,23.68,SUV,Regular Gasoline
KIA,SOUL,STATION WAGON - SMALL,1.6,4,AS,X,9.4,7.8,8.7,32,205,6,1.205,0.4,23.56,Mid-size,Regular Gasoline
KIA,SOUL,STATION WAGON - SMALL,1.6,4,M,X,9.7,7.8,8.8,32,208,6,1.244,0.4,23.64,Mid-size,Regular Gasoline
KIA,SOUL,STATION WAGON - SMALL,2.0,4,AS,X,9.5,7.8,8.7,32,206,6,1.218,0.5,23.68,Mid-size,Regular Gasoline
KIA,SOUL TURBO,STATION WAGON - SMALL,1.6,4,AM,X,9.1,7.7,8.5,33,199,7,1.182,0.4,23.41,Mid-size,Regular Gasoline
KIA,SPORTAGE,SUV - SMALL,2.4,4,AS,X,10.4,8.0,9.3,30,220,6,1.3,0.6,23.66,SUV,Regular Gasoline
KIA,SPORTAGE AWD,SUV - SMALL,2.0,4,AS,X,11.9,10.2,11.1,25,263,6,1.167,0.5,23.69,SUV,Regular Gasoline
KIA,SPORTAGE AWD,SUV - SMALL,2.4,4,AS,X,11.3,9.5,10.5,27,247,6,1.189,0.6,23.52,SUV,Regular Gasoline
LAMBORGHINI,AVENTADOR COUPE,TWO-SEATER,6.5,12,AM,Z,22.2,12.7,17.9,16,428,7,1.748,0.542,23.91,Compact/Small,Premium Gasoline
LAMBORGHINI,AVENTADOR COUPE LP 740,TWO-SEATER,6.5,12,AM,Z,23.9,14.5,19.7,14,461,7,1.648,0.542,23.4,Compact/Small,Premium Gasoline
LAMBORGHINI,AVENTADOR ROADSTER,TWO-SEATER,6.5,12,AM,Z,23.0,13.5,18.7,15,438,7,1.704,0.542,23.42,Compact/Small,Premium Gasoline
LAMBORGHINI,AVENTADOR ROADSTER LP 740,TWO-SEATER,6.5,12,AM,Z,23.9,14.5,19.7,14,461,7,1.648,0.542,23.4,Compact/Small,Premium Gasoline
LAND ROVER,DISCOVERY SPORT,SUV - SMALL,2.0,4,AS,Z,12.0,9.2,10.7,26,252,9,1.304,0.5,23.55,SUV,Premium Gasoline
LAND ROVER,RANGE ROVER EVOQUE,SUV - SMALL,2.0,4,AS,Z,11.3,8.0,9.8,29,231,9,1.412,0.5,23.57,SUV,Premium Gasoline
LAND ROVER,RANGE ROVER EVOQUE CONVERTIBLE,SUV - SMALL,2.0,4,AS,Z,12.0,8.5,10.4,27,243,9,1.412,0.5,23.37,SUV,Premium Gasoline
LEXUS,ES 350,MID-SIZE,3.5,6,AS,X,11.4,7.7,9.7,29,226,6,1.481,0.583,23.3,Mid-size,Regular Gasoline
LEXUS,GS 350 AWD,MID-SIZE,3.5,6,AS,Z,12.4,9.2,11.0,26,257,6,1.348,0.583,23.36,Mid-size,Premium Gasoline
LEXUS,GS 450h,MID-SIZE,3.5,6,AV,Z,8.0,6.9,7.5,38,176,8,1.159,0.583,23.47,Mid-size,Premium Gasoline
LEXUS,GX 460,SUV - STANDARD,4.6,8,AS,Z,16.0,12.9,14.6,19,341,6,1.24,0.575,23.36,SUV,Premium Gasoline
LEXUS,IS 200t,COMPACT,2.0,4,AS,Z,10.6,7.3,9.1,31,214,8,1.452,0.5,23.52,Compact/Small,Premium Gasoline
LEXUS,IS 300 AWD,COMPACT,3.5,6,AS,Z,12.6,9.2,11.0,26,258,6,1.37,0.583,23.45,Compact/Small,Premium Gasoline
LEXUS,IS 350 AWD,COMPACT,3.5,6,AS,Z,12.6,9.2,11.0,26,258,6,1.37,0.583,23.45,Compact/Small,Premium Gasoline
LEXUS,LS 460 AWD,MID-SIZE,4.6,8,AS,Z,15.1,10.3,12.9,22,303,8,1.466,0.575,23.49,Mid-size,Premium Gasoline
LEXUS,LS 460 L AWD,MID-SIZE,4.6,8,AS,Z,15.1,10.3,12.9,22,303,8,1.466,0.575,23.49,Mid-size,Premium Gasoline
LEXUS,LX 570,SUV - STANDARD,5.7,8,AS,Z,18.2,13.0,15.8,18,372,8,1.4,0.712,23.54,SUV,Premium Gasoline
LEXUS,NX 200t AWD,SUV - SMALL,2.0,4,AS,Z,10.7,8.5,9.7,29,226,6,1.259,0.5,23.3,SUV,Premium Gasoline
LEXUS,NX 200t AWD F SPORT,SUV - SMALL,2.0,4,AS,Z,10.8,8.9,9.9,29,232,6,1.213,0.5,23.43,SUV,Premium Gasoline
LEXUS,NX 300h AWD,SUV - SMALL,2.5,4,AV,X,7.2,7.9,7.5,38,176,6,0.911,0.625,23.47,SUV,Regular Gasoline
LEXUS,RC 300 AWD,SUBCOMPACT,3.5,6,AS,Z,12.6,9.2,11.0,26,258,6,1.37,0.583,23.45,Compact/Small,Premium Gasoline
LEXUS,RC 350 AWD,SUBCOMPACT,3.5,6,AS,Z,12.6,9.2,11.0,26,258,6,1.37,0.583,23.45,Compact/Small,Premium Gasoline
LEXUS,RX 350 AWD,SUV - SMALL,3.5,6,AS,X,12.2,9.0,10.8,26,252,8,1.356,0.583,23.33,SUV,Regular Gasoline
LEXUS,RX 450h AWD,SUV - STANDARD,3.5,6,AV,Z,7.5,8.4,7.9,36,185,6,0.893,0.583,23.42,SUV,Premium Gasoline
LINCOLN,CONTINENTAL AWD,FULL-SIZE,2.7,6,AS,X,14.0,9.5,12.0,24,281,6,1.474,0.45,23.42,Mid-size,Regular Gasoline
LINCOLN,CONTINENTAL AWD,FULL-SIZE,3.0,6,AS,X,14.4,9.7,12.3,23,288,6,1.485,0.5,23.41,Mid-size,Regular Gasoline
LINCOLN,CONTINENTAL AWD,FULL-SIZE,3.7,6,AS,X,14.3,9.7,12.2,23,287,6,1.474,0.617,23.52,Mid-size,Regular Gasoline
LINCOLN,MKC AWD,SUV - SMALL,2.0,4,AS,X,12.3,9.3,10.9,26,256,6,1.323,0.5,23.49,SUV,Regular Gasoline
LINCOLN,MKC AWD (Start/Stop),SUV - SMALL,2.0,4,AS,X,12.1,9.3,10.8,26,254,6,1.301,0.5,23.52,SUV,Regular Gasoline
LINCOLN,MKC AWD,SUV - SMALL,2.3,4,AS,X,13.1,9.4,11.4,25,268,6,1.394,0.575,23.51,SUV,Regular Gasoline
LINCOLN,MKT AWD,SUV - STANDARD,3.5,6,AS,X,15.7,11.2,13.7,21,321,6,1.402,0.583,23.43,SUV,Regular Gasoline
LINCOLN,MKX AWD,SUV - SMALL,2.7,6,AS,X,14.1,9.8,12.1,23,284,6,1.439,0.45,23.47,SUV,Regular Gasoline
LINCOLN,MKZ,MID-SIZE,2.0,4,AS,X,11.2,7.6,9.8,29,230,6,1.474,0.5,23.47,Mid-size,Regular Gasoline
LINCOLN,MKZ,MID-SIZE,3.0,6,AS,X,13.4,8.7,11.2,25,264,6,1.54,0.5,23.57,Mid-size,Regular Gasoline
LINCOLN,MKZ AWD,MID-SIZE,2.0,4,AS,X,11.8,8.4,10.2,28,239,6,1.405,0.5,23.43,Mid-size,Regular Gasoline
LINCOLN,MKZ AWD,MID-SIZE,3.0,6,AS,X,14.0,9.2,11.8,24,278,6,1.522,0.5,23.56,Mid-size,Regular Gasoline
LINCOLN,MKZ HYBRID,MID-SIZE,2.0,4,AV,X,5.7,6.2,5.9,48,139,,0.919,0.5,23.56,Mid-size,Regular Gasoline
LINCOLN,NAVIGATOR 4X4,SUV - STANDARD,3.5,6,AS,X,15.9,12.0,14.2,20,333,6,1.325,0.583,23.45,SUV,Regular Gasoline
LINCOLN,NAVIGATOR L 4X4,SUV - STANDARD,3.5,6,AS,X,16.1,12.4,14.5,19,339,6,1.298,0.583,23.38,SUV,Regular Gasoline
MASERATI,GHIBLI,MID-SIZE,3.0,6,AS,Z,14.1,9.8,12.4,23,286,8,1.439,0.5,23.06,Mid-size,Premium Gasoline
MASERATI,GHIBLI S,MID-SIZE,3.0,6,AS,Z,14.7,10.0,12.4,23,293,8,1.47,0.5,23.63,Mid-size,Premium Gasoline
MASERATI,GHIBLI SQ4,MID-SIZE,3.0,6,AS,Z,14.7,9.9,12.6,22,295,8,1.485,0.5,23.41,Mid-size,Premium Gasoline
MASERATI,GRANTURISMO,SUBCOMPACT,4.7,8,AS,Z,18.2,11.4,15.1,19,355,6,1.596,0.588,23.51,Compact/Small,Premium Gasoline
MASERATI,GRANTURISMO CONVERTIBLE,SUBCOMPACT,4.7,8,AS,Z,18.2,11.6,15.2,19,358,6,1.569,0.588,23.55,Compact/Small,Premium Gasoline
MASERATI,LEVANTE,SUV - STANDARD,3.0,6,AS,Z,16.8,11.9,14.7,19,340,8,1.412,0.5,23.13,SUV,Premium Gasoline
MASERATI,LEVANTE S,SUV - STANDARD,3.0,6,AS,Z,16.8,12.4,14.7,19,346,8,1.355,0.5,23.54,SUV,Premium Gasoline
MASERATI,QUATTROPORTE GTS,FULL-SIZE,3.8,8,AS,Z,16.1,10.8,13.8,20,321,8,1.491,0.475,23.26,Mid-size,Premium Gasoline
MASERATI,QUATTROPORTE S,FULL-SIZE,3.0,6,AS,Z,14.9,10.3,13.1,22,300,8,1.447,0.5,22.9,Mid-size,Premium Gasoline
MASERATI,QUATTROPORTE SQ4,FULL-SIZE,3.0,6,AS,Z,15.0,10.3,13.1,22,301,8,1.456,0.5,22.98,Mid-size,Premium Gasoline
MAZDA,CX-3,COMPACT,2.0,4,AS,X,8.2,6.9,7.6,37,179,6,1.188,0.5,23.55,Compact/Small,Regular Gasoline
MAZDA,CX-3 4WD,COMPACT,2.0,4,AS,X,8.8,7.5,8.2,34,192,6,1.173,0.5,23.41,Compact/Small,Regular Gasoline
MAZDA,CX-5,SUV - SMALL,2.0,4,M,X,9.4,7.4,8.5,33,199,6,1.27,0.5,23.41,SUV,Regular Gasoline
MAZDA,CX-5,SUV - SMALL,2.5,4,AS,X,9.8,7.7,8.6,33,204,6,1.273,0.625,23.72,SUV,Regular Gasoline
MAZDA,CX-5 4WD,SUV - SMALL,2.5,4,AS,X,10.2,8.3,9.2,31,221,6,1.229,0.625,24.02,SUV,Regular Gasoline
MAZDA,CX-9,SUV - SMALL,2.5,4,AS,X,10.6,8.4,9.6,29,225,6,1.262,0.625,23.44,SUV,Regular Gasoline
MAZDA,CX-9 4WD,SUV - SMALL,2.5,4,AS,X,11.5,8.9,10.4,27,242,6,1.292,0.625,23.27,SUV,Regular Gasoline
MAZDA,MAZDA3 4-DOOR,COMPACT,2.0,4,AS,X,8.4,6.4,7.5,38,176,6,1.312,0.5,23.47,Compact/Small,Regular Gasoline
MAZDA,MAZDA3 4-DOOR,COMPACT,2.0,4,M,X,8.5,6.2,7.5,38,175,6,1.371,0.5,23.33,Compact/Small,Regular Gasoline
MAZDA,MAZDA3 4-DOOR (SIL),COMPACT,2.0,4,M,X,8.5,6.2,7.5,38,175,6,1.371,0.5,23.33,Compact/Small,Regular Gasoline
MAZDA,MAZDA3 4-DOOR,COMPACT,2.5,4,AS,X,8.8,6.6,7.8,36,182,6,1.333,0.625,23.33,Compact/Small,Regular Gasoline
MAZDA,MAZDA3 4-DOOR (i-ELOOP),COMPACT,2.5,4,AS,X,8.5,6.4,7.6,37,176,6,1.328,0.625,23.16,Compact/Small,Regular Gasoline
MAZDA,MAZDA3 4-DOOR (SIL),COMPACT,2.5,4,M,X,9.3,6.9,8.2,34,194,6,1.348,0.625,23.66,Compact/Small,Regular Gasoline
MAZDA,MAZDA3 5-DOOR,MID-SIZE,2.0,4,AS,X,8.4,6.4,7.5,38,174,6,1.312,0.5,23.2,Mid-size,Regular Gasoline
MAZDA,MAZDA3 5-DOOR (SIL),MID-SIZE,2.0,4,M,X,8.6,6.4,7.6,37,178,6,1.344,0.5,23.42,Mid-size,Regular Gasoline
MAZDA,MAZDA3 5-DOOR,MID-SIZE,2.5,4,AS,X,9.0,6.7,7.8,36,183,6,1.343,0.625,23.46,Mid-size,Regular Gasoline
MAZDA,MAZDA3 5-DOOR (i-ELOOP),MID-SIZE,2.5,4,AS,X,8.7,6.6,7.8,36,181,6,1.318,0.625,23.21,Mid-size,Regular Gasoline
MAZDA,MAZDA3 5-DOOR (SIL),MID-SIZE,2.5,4,M,X,9.6,7.0,8.4,34,198,6,1.371,0.625,23.57,Mid-size,Regular Gasoline
MAZDA,MAZDA5,MINIVAN,2.5,4,AS,X,10.8,8.2,9.6,29,226,5,1.317,0.625,23.54,Truck/Van,Regular Gasoline
MAZDA,MAZDA5,MINIVAN,2.5,4,M,X,11.1,8.3,9.8,29,230,6,1.337,0.625,23.47,Truck/Van,Regular Gasoline
MAZDA,MAZDA6,MID-SIZE,2.5,4,AS,X,9.1,6.7,8.0,35,187,6,1.358,0.625,23.38,Mid-size,Regular Gasoline
MAZDA,MAZDA6 (i-ELOOP),MID-SIZE,2.5,4,AS,X,8.9,6.7,7.9,36,186,6,1.328,0.625,23.54,Mid-size,Regular Gasoline
MAZDA,MAZDA6 (SIL),MID-SIZE,2.5,4,M,X,9.8,6.9,8.4,34,196,6,1.42,0.625,23.33,Mid-size,Regular Gasoline
MAZDA,MX-5,TWO-SEATER,2.0,4,AS,Z,9.0,6.7,8.0,35,187,6,1.343,0.5,23.38,Compact/Small,Premium Gasoline
MAZDA,MX-5 (SIL),TWO-SEATER,2.0,4,M,Z,8.9,7.1,8.1,35,190,6,1.254,0.5,23.46,Compact/Small,Premium Gasoline
MERCEDES-BENZ,AMG C 63,COMPACT,4.0,8,AS,Z,13.4,9.6,11.7,24,273,7,1.396,0.5,23.33,Compact/Small,Premium Gasoline
MERCEDES-BENZ,AMG C 63 CABRIOLET,SUBCOMPACT,4.0,8,AS,Z,14.0,10.1,12.2,23,291,7,1.386,0.5,23.85,Compact/Small,Premium Gasoline
MERCEDES-BENZ,AMG C 63 COUPE,SUBCOMPACT,4.0,8,AS,Z,13.8,10.1,12.1,23,285,7,1.366,0.5,23.55,Compact/Small,Premium Gasoline
MERCEDES-BENZ,AMG C 63 S,COMPACT,4.0,8,AS,Z,13.4,9.6,11.7,24,273,7,1.396,0.5,23.33,Compact/Small,Premium Gasoline
MERCEDES-BENZ,AMG C 63 S CABRIOLET,SUBCOMPACT,4.0,8,AS,Z,14.0,10.1,12.2,23,291,7,1.386,0.5,23.85,Compact/Small,Premium Gasoline
MERCEDES-BENZ,AMG C 63 S COUPE,SUBCOMPACT,4.0,8,AS,Z,13.8,10.1,12.1,23,285,7,1.366,0.5,23.55,Compact/Small,Premium Gasoline
MERCEDES-BENZ,AMG CLA 45,COMPACT,2.0,4,AS,Z,10.7,7.6,9.3,30,221,7,1.408,0.5,23.76,Compact/Small,Premium Gasoline
MERCEDES-BENZ,AMG G 63,SUV - STANDARD,5.5,8,AS,Z,20.0,16.6,18.5,15,413,7,1.205,0.688,22.32,SUV,Premium Gasoline
MERCEDES-BENZ,AMG G 65,SUV - STANDARD,6.0,12,AS,Z,22.2,18.0,20.3,14,467,7,1.233,0.5,23.0,SUV,Premium Gasoline
MERCEDES-BENZ,AMG GLA 45 4MATIC,SUV - SMALL,2.0,4,AS,Z,11.3,8.5,10.0,28,233,7,1.329,0.5,23.3,SUV,Premium Gasoline
MERCEDES-BENZ,AMG GLC 43 4MATIC COUPE,SUV - SMALL,3.0,6,A,Z,17.4,11.1,14.6,19,353,9,1.568,0.5,24.18,SUV,Premium Gasoline
MERCEDES-BENZ,AMG GLE 43 4MATIC,SUV - STANDARD,3.0,6,A,Z,13.6,10.1,12.0,24,281,9,1.347,0.5,23.42,SUV,Premium Gasoline
MERCEDES-BENZ,AMG GLE 43 4MATIC COUPE,SUV - STANDARD,3.0,6,A,Z,13.6,10.2,12.0,24,281,9,1.333,0.5,23.42,SUV,Premium Gasoline
MERCEDES-BENZ,AMG GLE 63 S 4MATIC,SUV - STANDARD,5.5,8,AS,Z,17.3,13.5,15.6,18,363,7,1.281,0.688,23.27,SUV,Premium Gasoline
MERCEDES-BENZ,AMG GLE 63 S 4MATIC COUPE,SUV - STANDARD,5.5,8,AS,Z,17.2,12.8,15.2,19,363,7,1.344,0.688,23.88,SUV,Premium Gasoline
MERCEDES-BENZ,AMG GLS 63,SUV - STANDARD,5.5,8,AS,Z,18.2,14.0,16.3,17,369,7,1.3,0.688,22.64,SUV,Premium Gasoline
MERCEDES-BENZ,AMG GT COUPE,TWO-SEATER,4.0,8,AS,Z,14.5,10.8,12.8,22,303,7,1.343,0.5,23.67,Compact/Small,Premium Gasoline
MERCEDES-BENZ,AMG GT S COUPE,TWO-SEATER,4.0,8,AS,Z,14.5,10.8,12.8,22,303,7,1.343,0.5,23.67,Compact/Small,Premium Gasoline
MERCEDES-BENZ,AMG S 63 4MATIC,FULL-SIZE,5.5,8,AS,Z,15.7,10.1,13.2,21,313,7,1.554,0.688,23.71,Mid-size,Premium Gasoline
MERCEDES-BENZ,AMG S 63 CABRIOLET,COMPACT,5.5,8,AS,Z,16.4,10.6,13.8,20,322,7,1.547,0.688,23.33,Compact/Small,Premium Gasoline
MERCEDES-BENZ,AMG S 63 COUPE,COMPACT,5.5,8,AS,Z,15.3,10.2,13.0,22,305,7,1.5,0.688,23.46,Compact/Small,Premium Gasoline
MERCEDES-BENZ,AMG S 65,FULL-SIZE,6.0,12,AS,Z,17.6,10.9,14.6,19,349,7,1.615,0.5,23.9,Mid-size,Premium Gasoline
MERCEDES-BENZ,AMG S 65 CABRIOLET,COMPACT,6.0,12,AS,Z,17.1,11.0,14.3,20,348,7,1.555,0.5,24.34,Compact/Small,Premium Gasoline
MERCEDES-BENZ,AMG S 65 COUPE,COMPACT,6.0,12,AS,Z,18.7,11.6,15.5,18,365,7,1.612,0.5,23.55,Compact/Small,Premium Gasoline
MERCEDES-BENZ,AMG SL 65,TWO-SEATER,6.0,12,AS,Z,17.6,10.8,14.5,19,340,7,1.63,0.5,23.45,Compact/Small,Premium Gasoline
MERCEDES-BENZ,AMG SLC 43,TWO-SEATER,3.0,6,A,Z,11.6,8.2,10.1,28,234,9,1.415,0.5,23.17,Compact/Small,Premium Gasoline
MERCEDES-BENZ,B 250,MID-SIZE,2.0,4,AS,Z,9.7,6.6,8.3,34,179,7,1.47,0.5,21.57,Mid-size,Premium Gasoline
MERCEDES-BENZ,C 300 4MATIC CABRIOLET,SUBCOMPACT,2.0,4,A,Z,10.8,8.0,9.5,30,222,9,1.35,0.5,23.37,Compact/Small,Premium Gasoline
MERCEDES-BENZ,C 300 4MATIC COUPE,SUBCOMPACT,2.0,4,AS,Z,10.4,8.0,9.3,30,218,7,1.3,0.5,23.44,Compact/Small,Premium Gasoline
MERCEDES-BENZ,CLA 250,COMPACT,2.0,4,AS,Z,9.6,6.4,8.1,35,190,7,1.5,0.5,23.46,Compact/Small,Premium Gasoline
MERCEDES-BENZ,CLS 550 4MATIC,COMPACT,4.7,8,A,Z,13.6,9.4,11.7,24,275,9,1.447,0.588,23.5,Compact/Small,Premium Gasoline
MERCEDES-BENZ,E 300 4MATIC,MID-SIZE,2.0,4,A,Z,10.8,8.1,9.5,30,246,9,1.333,0.5,25.89,Mid-size,Premium Gasoline
MERCEDES-BENZ,E 400 4MATIC,MID-SIZE,3.0,6,A,Z,11.8,8.6,10.4,27,245,9,1.372,0.5,23.56,Mid-size,Premium Gasoline
MERCEDES-BENZ,E 400 4MATIC WAGON,STATION WAGON - MID-SIZE,3.0,6,A,Z,12.4,9.3,11.0,26,259,9,1.333,0.5,23.55,Mid-size,Premium Gasoline
MERCEDES-BENZ,E 400 COUPE,SUBCOMPACT,3.0,6,AS,Z,11.8,8.4,10.2,28,239,7,1.405,0.5,23.43,Compact/Small,Premium Gasoline
MERCEDES-BENZ,G 550,SUV - STANDARD,4.0,8,AS,Z,19.0,16.6,17.9,16,401,7,1.145,0.5,22.4,SUV,Premium Gasoline
MERCEDES-BENZ,GLA 250 4MATIC,SUV - SMALL,2.0,4,AS,Z,10.3,7.6,9.1,31,212,7,1.355,0.5,23.3,SUV,Premium Gasoline
MERCEDES-BENZ,GLA 250 4MATIC,SUV - SMALL,2.0,4,AS,E,13.6,10.0,12.0,24,128,7,1.36,0.5,10.67,SUV,Ethanol (E85)
MERCEDES-BENZ,GLC 300 4MATIC,SUV - SMALL,2.0,4,A,Z,11.1,8.5,10.0,28,233,9,1.306,0.5,23.3,SUV,Premium Gasoline
MERCEDES-BENZ,GLE 400 4MATIC,SUV - STANDARD,3.0,6,A,Z,13.1,10.1,11.7,24,276,9,1.297,0.5,23.59,SUV,Premium Gasoline
MERCEDES-BENZ,GLE 550 4MATIC,SUV - STANDARD,4.7,8,A,Z,15.3,11.3,13.5,21,318,9,1.354,0.588,23.56,SUV,Premium Gasoline
MERCEDES-BENZ,GLS 450 4MATIC,SUV - STANDARD,3.0,6,A,Z,14.4,11.4,13.0,22,306,9,1.263,0.5,23.54,SUV,Premium Gasoline
MERCEDES-BENZ,GLS 550 4MATIC,SUV - STANDARD,4.7,8,A,Z,16.7,12.9,15.0,19,347,9,1.295,0.588,23.13,SUV,Premium Gasoline
MERCEDES-BENZ,MAYBACH S 600,FULL-SIZE,6.0,12,AS,Z,18.2,11.0,15.0,19,359,7,1.655,0.5,23.93,Mid-size,Premium Gasoline
MERCEDES-BENZ,METRIS CARGO,SPECIAL PURPOSE VEHICLE,2.0,4,AS,Z,11.1,9.1,10.2,28,240,7,1.22,0.5,23.53,Other,Premium Gasoline
MERCEDES-BENZ,METRIS PASSENGER,SPECIAL PURPOSE VEHICLE,2.0,4,AS,Z,11.5,9.3,10.5,27,248,7,1.237,0.5,23.62,Other,Premium Gasoline
MERCEDES-BENZ,S 550 4MATIC SWB,MID-SIZE,4.7,8,A,Z,14.3,9.2,12.0,24,280,9,1.554,0.588,23.33,Mid-size,Premium Gasoline
MERCEDES-BENZ,S 550 4MATIC LWB,FULL-SIZE,4.7,8,A,Z,14.3,9.2,12.0,24,280,9,1.554,0.588,23.33,Mid-size,Premium Gasoline
MERCEDES-BENZ,S 550 4MATIC CABRIOLET,COMPACT,4.7,8,A,Z,13.9,9.3,11.8,24,276,9,1.495,0.588,23.39,Compact/Small,Premium Gasoline
MERCEDES-BENZ,S 550 4MATIC COUPE,COMPACT,4.7,8,A,Z,14.1,9.3,11.9,24,278,9,1.516,0.588,23.36,Compact/Small,Premium Gasoline
MERCEDES-BENZ,S 600,FULL-SIZE,6.0,12,AS,Z,17.5,10.8,14.5,19,350,7,1.62,0.5,24.14,Mid-size,Premium Gasoline
MERCEDES-BENZ,SL 450,TWO-SEATER,3.0,6,A,Z,11.5,8.4,10.1,28,237,9,1.369,0.5,23.47,Compact/Small,Premium Gasoline
MERCEDES-BENZ,SL 550,TWO-SEATER,4.7,8,A,Z,13.6,9.5,11.7,24,275,9,1.432,0.588,23.5,Compact/Small,Premium Gasoline
MERCEDES-BENZ,SLC 300,TWO-SEATER,2.0,4,A,Z,9.5,7.2,8.5,33,200,9,1.319,0.5,23.53,Compact/Small,Premium Gasoline
MINI,COOPER 3 DOOR,SUBCOMPACT,1.5,3,AS,Z,8.8,6.8,7.9,36,184,6,1.294,0.5,23.29,Compact/Small,Premium Gasoline
MINI,COOPER 3 DOOR,SUBCOMPACT,1.5,3,M,Z,8.5,6.2,7.5,38,175,6,1.371,0.5,23.33,Compact/Small,Premium Gasoline
MINI,COOPER 5 DOOR,SUBCOMPACT,1.5,3,AS,Z,8.8,6.8,7.9,36,184,6,1.294,0.5,23.29,Compact/Small,Premium Gasoline
MINI,COOPER 5 DOOR,SUBCOMPACT,1.5,3,M,Z,8.5,6.3,7.5,38,175,6,1.349,0.5,23.33,Compact/Small,Premium Gasoline
MINI,COOPER CLUBMAN,MID-SIZE,1.5,3,AS,Z,9.5,7.2,8.4,34,197,6,1.319,0.5,23.45,Mid-size,Premium Gasoline
MINI,COOPER CLUBMAN,MID-SIZE,1.5,3,M,Z,9.6,7.0,8.4,34,197,6,1.371,0.5,23.45,Mid-size,Premium Gasoline
MINI,COOPER CLUBMAN ALL4,MID-SIZE,1.5,3,AS,Z,10.2,7.8,9.1,31,213,8,1.308,0.5,23.41,Mid-size,Premium Gasoline
MINI,COOPER CLUBMAN ALL4,MID-SIZE,1.5,3,M,Z,10.6,7.4,9.1,31,214,6,1.432,0.5,23.52,Mid-size,Premium Gasoline
MINI,COOPER CONVERTIBLE,MINICOMPACT,1.5,3,AS,Z,8.8,6.8,7.9,36,184,6,1.294,0.5,23.29,Compact/Small,Premium Gasoline
MINI,COOPER CONVERTIBLE,MINICOMPACT,1.5,3,M,Z,8.5,6.3,7.5,38,175,6,1.349,0.5,23.33,Compact/Small,Premium Gasoline
MINI,COOPER COUNTRYMAN,MID-SIZE,1.5,3,AS,Z,9.5,7.2,8.4,34,197,6,1.319,0.5,23.45,Mid-size,Premium Gasoline
MINI,COOPER COUNTRYMAN,MID-SIZE,1.5,3,M,Z,9.6,7.0,8.4,34,197,6,1.371,0.5,23.45,Mid-size,Premium Gasoline
MINI,COOPER COUNTRYMAN ALL4,MID-SIZE,1.5,3,AS,Z,10.3,7.9,9.2,31,215,8,1.304,0.5,23.37,Mid-size,Premium Gasoline
MINI,COOPER COUNTRYMAN ALL4,MID-SIZE,1.5,3,M,Z,10.6,7.4,9.1,31,214,6,1.432,0.5,23.52,Mid-size,Premium Gasoline
MINI,COOPER S 3 DOOR,SUBCOMPACT,2.0,4,AS,Z,9.3,7.2,8.3,34,196,6,1.292,0.5,23.61,Compact/Small,Premium Gasoline
MINI,COOPER S 3 DOOR,SUBCOMPACT,2.0,4,M,Z,10.2,7.3,8.9,32,210,6,1.397,0.5,23.6,Compact/Small,Premium Gasoline
MINI,COOPER S 5 DOOR,SUBCOMPACT,2.0,4,AS,Z,9.3,7.2,8.3,34,196,6,1.292,0.5,23.61,Compact/Small,Premium Gasoline
MINI,COOPER S 5 DOOR,SUBCOMPACT,2.0,4,M,Z,10.2,7.3,8.9,32,210,6,1.397,0.5,23.6,Compact/Small,Premium Gasoline
MINI,COOPER S CLUBMAN,MID-SIZE,2.0,4,AS,Z,10.0,7.2,8.7,32,205,8,1.389,0.5,23.56,Mid-size,Premium Gasoline
MINI,COOPER S CLUBMAN,MID-SIZE,2.0,4,M,Z,10.8,7.7,9.4,30,220,6,1.403,0.5,23.4,Mid-size,Premium Gasoline
MINI,COOPER S CLUBMAN ALL4,MID-SIZE,2.0,4,AS,Z,10.2,7.4,9.0,31,210,8,1.378,0.5,23.33,Mid-size,Premium Gasoline
MINI,COOPER S CLUBMAN ALL4,MID-SIZE,2.0,4,M,Z,11.4,7.8,9.7,29,227,6,1.462,0.5,23.4,Mid-size,Premium Gasoline
MINI,COOPER S CONVERTIBLE,MINICOMPACT,2.0,4,AS,Z,9.4,7.2,8.4,34,196,6,1.306,0.5,23.33,Compact/Small,Premium Gasoline
MINI,COOPER S CONVERTIBLE,MINICOMPACT,2.0,4,M,Z,10.2,7.3,8.9,32,210,6,1.397,0.5,23.6,Compact/Small,Premium Gasoline
MINI,COOPER S COUNTRYMAN  ALL4,MID-SIZE,2.0,4,AS,Z,10.5,7.4,9.1,31,213,8,1.419,0.5,23.41,Mid-size,Premium Gasoline
MINI,COOPER S COUNTRYMAN  ALL4,MID-SIZE,2.0,4,M,Z,11.3,7.7,9.7,29,227,6,1.468,0.5,23.4,Mid-size,Premium Gasoline
MINI,JOHN COOPER WORKS 3 DOOR,SUBCOMPACT,2.0,4,AS,Z,9.3,7.2,8.3,34,196,6,1.292,0.5,23.61,Compact/Small,Premium Gasoline
MINI,JOHN COOPER WORKS 3 DOOR,SUBCOMPACT,2.0,4,M,Z,10.2,7.3,8.9,32,210,6,1.397,0.5,23.6,Compact/Small,Premium Gasoline
MINI,JOHN COOPER WORKS CLUBMAN ALL4,MID-SIZE,2.0,4,AS,Z,10.2,7.4,9.0,31,210,8,1.378,0.5,23.33,Mid-size,Premium Gasoline
MINI,JOHN COOPER WORKS CLUBMAN ALL4,MID-SIZE,2.0,4,M,Z,11.4,7.8,9.7,29,227,6,1.462,0.5,23.4,Mid-size,Premium Gasoline
MINI,JOHN COOPER WORKS CONVERTIBLE,MINICOMPACT,2.0,4,AS,Z,9.4,7.2,8.4,34,196,6,1.306,0.5,23.33,Compact/Small,Premium Gasoline
MINI,JOHN COOPER WORKS CONVERTIBLE,MINICOMPACT,2.0,4,M,Z,10.8,7.7,9.4,30,220,6,1.403,0.5,23.4,Compact/Small,Premium Gasoline
MITSUBISHI,LANCER,COMPACT,2.0,4,AV,X,8.7,6.9,7.9,36,183,6,1.261,0.5,23.16,Compact/Small,Regular Gasoline
MITSUBISHI,LANCER,COMPACT,2.0,4,M,X,9.7,7.1,8.5,33,200,5,1.366,0.5,23.53,Compact/Small,Regular Gasoline
MITSUBISHI,LANCER,COMPACT,2.4,4,AV,X,9.9,7.7,8.9,32,206,6,1.286,0.6,23.15,Compact/Small,Regular Gasoline
MITSUBISHI,LANCER,COMPACT,2.4,4,M,X,10.5,7.8,9.3,30,218,5,1.346,0.6,23.44,Compact/Small,Regular Gasoline
MITSUBISHI,LANCER 4WD,COMPACT,2.4,4,AV,X,10.2,7.9,9.2,31,212,6,1.291,0.6,23.04,Compact/Small,Regular Gasoline
MITSUBISHI,LANCER SPORTBACK,STATION WAGON - SMALL,2.0,4,AV,X,9.3,7.2,8.4,34,194,6,1.292,0.5,23.1,Mid-size,Regular Gasoline
MITSUBISHI,LANCER SPORTBACK,STATION WAGON - SMALL,2.0,4,M,X,9.9,7.3,8.7,32,205,5,1.356,0.5,23.56,Mid-size,Regular Gasoline
MITSUBISHI,MIRAGE,COMPACT,1.2,3,AV,X,6.4,5.5,6.0,47,141,,1.164,0.4,23.5,Compact/Small,Regular Gasoline
MITSUBISHI,MIRAGE,COMPACT,1.2,3,M,X,7.1,5.8,6.5,43,150,5,1.224,0.4,23.08,Compact/Small,Regular Gasoline
MITSUBISHI,MIRAGE G4,COMPACT,1.2,3,AV,X,6.9,5.7,6.4,44,149,,1.211,0.4,23.28,Compact/Small,Regular Gasoline
MITSUBISHI,MIRAGE G4,COMPACT,1.2,3,M,X,7.2,5.9,6.6,43,155,5,1.22,0.4,23.48,Compact/Small,Regular Gasoline
MITSUBISHI,OUTLANDER,SUV - SMALL,2.4,4,AV,X,9.2,7.5,8.4,34,197,6,1.227,0.6,23.45,SUV,Regular Gasoline
MITSUBISHI,OUTLANDER 4WD,SUV - SMALL,2.4,4,AV,X,9.8,8.1,9.0,31,211,6,1.21,0.6,23.44,SUV,Regular Gasoline
MITSUBISHI,OUTLANDER 4WD,SUV - SMALL,3.0,6,AS,Z,11.9,8.5,10.4,27,242,6,1.4,0.5,23.27,SUV,Premium Gasoline
MITSUBISHI,RVR,SUV - SMALL,2.0,4,AV,X,9.7,7.8,8.8,32,204,6,1.244,0.5,23.18,SUV,Regular Gasoline
MITSUBISHI,RVR,SUV - SMALL,2.0,4,M,X,10.3,8.2,9.3,30,216,5,1.256,0.5,23.23,SUV,Regular Gasoline
MITSUBISHI,RVR 4WD,SUV - SMALL,2.0,4,AV,X,10.1,8.2,9.2,31,213,6,1.232,0.5,23.15,SUV,Regular Gasoline
NISSAN,370Z,TWO-SEATER,3.7,6,AS,Z,12.6,9.3,11.1,25,261,7,1.355,0.617,23.51,Compact/Small,Premium Gasoline
NISSAN,370Z ROADSTER,TWO-SEATER,3.7,6,AS,Z,13.0,9.7,11.5,25,270,7,1.34,0.617,23.48,Compact/Small,Premium Gasoline
NISSAN,ALTIMA,MID-SIZE,2.5,4,AV,X,8.8,6.0,7.5,38,176,,1.467,0.625,23.47,Mid-size,Regular Gasoline
NISSAN,ALTIMA,MID-SIZE,3.5,6,AV,X,10.6,7.3,9.1,31,214,7,1.452,0.583,23.52,Mid-size,Regular Gasoline
NISSAN,ALTIMA SR,MID-SIZE,2.5,4,AV,X,8.8,6.5,7.8,36,183,7,1.354,0.625,23.46,Mid-size,Regular Gasoline
NISSAN,ARMADA 4WD,SUV - STANDARD,5.6,8,AS,X,17.5,12.9,15.4,18,362,7,1.357,0.7,23.51,SUV,Regular Gasoline
NISSAN,FRONTIER,PICKUP TRUCK - SMALL,2.5,4,A,X,13.5,10.5,12.2,23,286,5,1.286,0.625,23.44,Truck/Van,Regular Gasoline
NISSAN,FRONTIER,PICKUP TRUCK - SMALL,2.5,4,M,X,12.2,10.4,11.4,25,268,5,1.173,0.625,23.51,Truck/Van,Regular Gasoline
NISSAN,FRONTIER,PICKUP TRUCK - SMALL,4.0,6,A,X,14.8,10.6,12.9,22,304,5,1.396,0.667,23.57,Truck/Van,Regular Gasoline
NISSAN,FRONTIER 4WD,PICKUP TRUCK - SMALL,4.0,6,A,X,15.8,11.5,13.8,20,326,5,1.374,0.667,23.62,Truck/Van,Regular Gasoline
NISSAN,FRONTIER 4WD,PICKUP TRUCK - SMALL,4.0,6,M,X,15.1,11.5,13.5,21,317,6,1.313,0.667,23.48,Truck/Van,Regular Gasoline
NISSAN,GT-R,SUBCOMPACT,3.8,6,AM,Z,14.5,10.7,12.8,22,300,6,1.355,0.633,23.44,Compact/Small,Premium Gasoline
NISSAN,JUKE,STATION WAGON - SMALL,1.6,4,AV,Z,8.5,7.5,8.0,35,189,7,1.133,0.4,23.62,Mid-size,Premium Gasoline
NISSAN,JUKE,STATION WAGON - SMALL,1.6,4,M,Z,8.6,7.2,8.0,35,188,6,1.194,0.4,23.5,Mid-size,Premium Gasoline
NISSAN,JUKE AWD,STATION WAGON - SMALL,1.6,4,AV,Z,9.0,7.8,8.4,34,199,7,1.154,0.4,23.69,Mid-size,Premium Gasoline
NISSAN,JUKE NISMO RS,STATION WAGON - SMALL,1.6,4,M,Z,9.0,7.6,8.4,34,197,6,1.184,0.4,23.45,Mid-size,Premium Gasoline
NISSAN,JUKE NISMO RS AWD,STATION WAGON - SMALL,1.6,4,AV,Z,9.5,8.3,8.9,32,209,8,1.145,0.4,23.48,Mid-size,Premium Gasoline
NISSAN,MAXIMA,MID-SIZE,3.5,6,AV,Z,11.1,7.8,9.6,29,225,7,1.423,0.583,23.44,Mid-size,Premium Gasoline
NISSAN,MICRA,COMPACT,1.6,4,A,X,8.9,6.8,7.9,36,186,4,1.309,0.4,23.54,Compact/Small,Regular Gasoline
NISSAN,MICRA,COMPACT,1.6,4,M,X,8.7,6.8,7.9,36,185,5,1.279,0.4,23.42,Compact/Small,Regular Gasoline
NISSAN,MURANO,STATION WAGON - MID-SIZE,3.5,6,AV,X,11.0,8.3,9.8,29,230,7,1.325,0.583,23.47,Mid-size,Regular Gasoline
NISSAN,MURANO AWD,STATION WAGON - MID-SIZE,3.5,6,AV,X,11.2,8.4,9.9,29,232,7,1.333,0.583,23.43,Mid-size,Regular Gasoline
NISSAN,NV200 CARGO VAN,SPECIAL PURPOSE VEHICLE,2.0,4,AV,X,9.8,9.0,9.4,30,220,,1.089,0.5,23.4,Other,Regular Gasoline
NISSAN,PATHFINDER,SUV - SMALL,3.5,6,AV,X,11.6,8.5,10.2,28,240,,1.365,0.583,23.53,SUV,Regular Gasoline
NISSAN,PATHFINDER 4WD,SUV - SMALL,3.5,6,AV,X,12.1,8.9,10.7,26,250,,1.36,0.583,23.36,SUV,Regular Gasoline
NISSAN,PATHFINDER 4WD PLATINUM,SUV - SMALL,3.5,6,AV,X,12.4,9.2,11.0,26,258,,1.348,0.583,23.45,SUV,Regular Gasoline
NISSAN,QASHQAI,STATION WAGON - SMALL,2.0,4,AV,X,8.8,7.3,8.1,35,191,,1.205,0.5,23.58,Mid-size,Regular Gasoline
NISSAN,QASHQAI,STATION WAGON - SMALL,2.0,4,M,X,10.0,8.1,9.2,31,216,6,1.235,0.5,23.48,Mid-size,Regular Gasoline
NISSAN,QASHQAI AWD,STATION WAGON - SMALL,2.0,4,AV,X,9.1,7.5,8.4,34,197,,1.213,0.5,23.45,Mid-size,Regular Gasoline
NISSAN,ROGUE,SUV - SMALL,2.5,4,AV,X,9.2,7.0,8.2,34,192,,1.314,0.625,23.41,SUV,Regular Gasoline
NISSAN,ROGUE AWD,SUV - SMALL,2.5,4,AV,X,9.6,7.4,8.6,33,203,,1.297,0.625,23.6,SUV,Regular Gasoline
NISSAN,SENTRA (Turbo),MID-SIZE,1.6,4,AV,Z,8.9,7.3,8.2,34,193,7,1.219,0.4,23.54,Mid-size,Premium Gasoline
NISSAN,SENTRA (Turbo),MID-SIZE,1.6,4,M,Z,9.1,7.3,8.3,34,195,6,1.247,0.4,23.49,Mid-size,Premium Gasoline
NISSAN,SENTRA,MID-SIZE,1.8,4,AV,X,8.1,6.3,7.3,39,171,,1.286,0.45,23.42,Mid-size,Regular Gasoline
NISSAN,SENTRA,MID-SIZE,1.8,4,M,X,9.0,6.8,8.0,35,187,6,1.324,0.45,23.38,Mid-size,Regular Gasoline
NISSAN,SENTRA NISMO,MID-SIZE,1.6,4,AV,Z,9.4,7.8,8.7,32,205,7,1.205,0.4,23.56,Mid-size,Premium Gasoline
NISSAN,SENTRA NISMO,MID-SIZE,1.6,4,M,Z,9.5,7.6,8.7,32,204,6,1.25,0.4,23.45,Mid-size,Premium Gasoline
NISSAN,TITAN,PICKUP TRUCK - STANDARD,5.6,8,AS,X,15.0,11.2,13.3,21,312,7,1.339,0.7,23.46,Truck/Van,Regular Gasoline
NISSAN,TITAN 4WD,PICKUP TRUCK - STANDARD,5.6,8,AS,X,15.2,11.1,13.4,21,315,7,1.369,0.7,23.51,Truck/Van,Regular Gasoline
NISSAN,TITAN 4WD PRO-4X,PICKUP TRUCK - STANDARD,5.6,8,AS,X,16.0,12.0,14.2,20,333,7,1.333,0.7,23.45,Truck/Van,Regular Gasoline
NISSAN,VERSA,MID-SIZE,1.6,4,AV,X,7.6,6.2,7.0,40,164,,1.226,0.4,23.43,Mid-size,Regular Gasoline
NISSAN,VERSA,MID-SIZE,1.6,4,M,X,8.6,6.6,7.7,37,180,5,1.303,0.4,23.38,Mid-size,Regular Gasoline
PORSCHE,911 CARRERA,MINICOMPACT,3.0,6,AM,Z,10.6,8.0,9.4,30,221,7,1.325,0.5,23.51,Compact/Small,Premium Gasoline
PORSCHE,911 CARRERA,MINICOMPACT,3.0,6,M,Z,11.8,8.1,10.1,28,237,7,1.457,0.5,23.47,Compact/Small,Premium Gasoline
PORSCHE,911 CARRERA CABRIOLET,MINICOMPACT,3.0,6,AM,Z,10.8,8.3,9.7,29,227,7,1.301,0.5,23.4,Compact/Small,Premium Gasoline
PORSCHE,911 CARRERA CABRIOLET,MINICOMPACT,3.0,6,M,Z,12.0,8.2,10.3,27,241,7,1.463,0.5,23.4,Compact/Small,Premium Gasoline
PORSCHE,911 CARRERA S,MINICOMPACT,3.0,6,AM,Z,10.8,8.3,9.7,29,226,7,1.301,0.5,23.3,Compact/Small,Premium Gasoline
PORSCHE,911 CARRERA S,MINICOMPACT,3.0,6,M,Z,12.1,8.3,10.4,27,242,7,1.458,0.5,23.27,Compact/Small,Premium Gasoline
PORSCHE,911 CARRERA S CABRIOLET,MINICOMPACT,3.0,6,AM,Z,10.8,8.4,9.7,29,228,7,1.286,0.5,23.51,Compact/Small,Premium Gasoline
PORSCHE,911 CARRERA S CABRIOLET,MINICOMPACT,3.0,6,M,Z,12.1,8.3,10.4,27,243,7,1.458,0.5,23.37,Compact/Small,Premium Gasoline
PORSCHE,911 CARRERA 4,MINICOMPACT,3.0,6,AM,Z,10.7,8.3,9.6,29,225,7,1.289,0.5,23.44,Compact/Small,Premium Gasoline
PORSCHE,911 CARRERA 4,MINICOMPACT,3.0,6,M,Z,12.1,8.3,10.4,27,242,7,1.458,0.5,23.27,Compact/Small,Premium Gasoline
PORSCHE,911 CARRERA 4 CABRIOLET,MINICOMPACT,3.0,6,AM,Z,11.0,8.4,9.8,29,230,7,1.31,0.5,23.47,Compact/Small,Premium Gasoline
PORSCHE,911 CARRERA 4 CABRIOLET,MINICOMPACT,3.0,6,M,Z,12.2,8.5,10.5,27,246,7,1.435,0.5,23.43,Compact/Small,Premium Gasoline
PORSCHE,911 CARRERA 4S,MINICOMPACT,3.0,6,AM,Z,11.0,8.5,9.9,29,232,7,1.294,0.5,23.43,Compact/Small,Premium Gasoline
PORSCHE,911 CARRERA 4S,MINICOMPACT,3.0,6,M,Z,12.1,8.4,10.4,27,243,7,1.44,0.5,23.37,Compact/Small,Premium Gasoline
PORSCHE,911 CARRERA 4S CABRIOLET,MINICOMPACT,3.0,6,AM,Z,10.9,8.5,9.9,29,231,7,1.282,0.5,23.33,Compact/Small,Premium Gasoline
PORSCHE,911 CARRERA 4S CABRIOLET,MINICOMPACT,3.0,6,M,Z,12.2,8.5,10.5,27,246,7,1.435,0.5,23.43,Compact/Small,Premium Gasoline
PORSCHE,911 TARGA 4,MINICOMPACT,3.0,6,AM,Z,10.9,8.4,9.8,29,228,7,1.298,0.5,23.27,Compact/Small,Premium Gasoline
PORSCHE,911 TARGA 4,MINICOMPACT,3.0,6,M,Z,12.2,8.5,10.5,27,246,7,1.435,0.5,23.43,Compact/Small,Premium Gasoline
PORSCHE,911 TARGA 4S,MINICOMPACT,3.0,6,AM,Z,11.1,8.6,10.0,28,233,7,1.291,0.5,23.3,Compact/Small,Premium Gasoline
PORSCHE,911 TARGA 4S,MINICOMPACT,3.0,6,M,Z,12.2,8.5,10.5,27,246,7,1.435,0.5,23.43,Compact/Small,Premium Gasoline
PORSCHE,911 TURBO,MINICOMPACT,3.8,6,AM,Z,12.6,9.9,11.4,25,266,7,1.273,0.633,23.33,Compact/Small,Premium Gasoline
PORSCHE,911 TURBO CABRIOLET,MINICOMPACT,3.8,6,AM,Z,12.6,9.9,11.4,25,267,7,1.273,0.633,23.42,Compact/Small,Premium Gasoline
PORSCHE,911 TURBO S,MINICOMPACT,3.8,6,AM,Z,12.6,9.9,11.4,25,266,7,1.273,0.633,23.33,Compact/Small,Premium Gasoline
PORSCHE,911 TURBO S CABRIOLET,MINICOMPACT,3.8,6,AM,Z,12.6,9.9,11.4,25,267,7,1.273,0.633,23.42,Compact/Small,Premium Gasoline
PORSCHE,BOXSTER,TWO-SEATER,2.0,4,AM,Z,10.5,8.0,9.4,30,219,7,1.312,0.5,23.3,Compact/Small,Premium Gasoline
PORSCHE,BOXSTER,TWO-SEATER,2.0,4,M,Z,11.0,8.3,9.8,29,229,6,1.325,0.5,23.37,Compact/Small,Premium Gasoline
PORSCHE,BOXSTER S,TWO-SEATER,2.5,4,AM,Z,11.0,8.4,9.9,29,230,7,1.31,0.625,23.23,Compact/Small,Premium Gasoline
PORSCHE,BOXSTER S,TWO-SEATER,2.5,4,M,Z,12.1,9.0,10.7,26,249,6,1.344,0.625,23.27,Compact/Small,Premium Gasoline
PORSCHE,CAYENNE,SUV - STANDARD,3.6,6,A,Z,12.9,9.7,11.5,25,268,8,1.33,0.6,23.3,SUV,Premium Gasoline
PORSCHE,CAYENNE PLATINUM,SUV - STANDARD,3.6,6,A,Z,13.6,10.2,12.1,23,281,8,1.333,0.6,23.22,SUV,Premium Gasoline
PORSCHE,CAYENNE S,SUV - STANDARD,3.6,6,A,Z,13.9,9.6,12.0,24,281,8,1.448,0.6,23.42,SUV,Premium Gasoline
PORSCHE,CAYENNE GTS,SUV - STANDARD,3.6,6,A,Z,14.5,10.4,12.6,22,296,8,1.394,0.6,23.49,SUV,Premium Gasoline
PORSCHE,CAYENNE TURBO S,SUV - STANDARD,4.8,8,A,Z,16.7,11.2,14.2,20,334,8,1.491,0.6,23.52,SUV,Premium Gasoline
PORSCHE,CAYMAN,TWO-SEATER,2.0,4,AM,Z,10.5,8.0,9.4,30,219,7,1.312,0.5,23.3,Compact/Small,Premium Gasoline
PORSCHE,CAYMAN,TWO-SEATER,2.0,4,M,Z,11.0,8.3,9.8,29,229,6,1.325,0.5,23.37,Compact/Small,Premium Gasoline
PORSCHE,CAYMAN S,TWO-SEATER,2.5,4,AM,Z,11.0,8.4,9.9,29,230,7,1.31,0.625,23.23,Compact/Small,Premium Gasoline
PORSCHE,CAYMAN S,TWO-SEATER,2.5,4,M,Z,12.1,9.0,10.7,26,249,6,1.344,0.625,23.27,Compact/Small,Premium Gasoline
PORSCHE,MACAN,SUV - SMALL,2.0,4,A,Z,11.6,9.3,10.6,27,248,7,1.247,0.5,23.4,SUV,Premium Gasoline
PORSCHE,MACAN GTS,SUV - SMALL,3.0,6,A,Z,13.8,10.3,12.3,23,287,7,1.34,0.5,23.33,SUV,Premium Gasoline
RAM,1500 FFV,PICKUP TRUCK - STANDARD,3.6,6,A,X,13.9,9.6,11.9,24,280,8,1.448,0.6,23.53,Truck/Van,Regular Gasoline
RAM,1500 FFV,PICKUP TRUCK - STANDARD,3.6,6,A,E,19.7,13.8,17.0,17,283,8,1.428,0.6,16.65,Truck/Van,Ethanol (E85)
RAM,1500,PICKUP TRUCK - STANDARD,5.7,8,A,X,17.0,12.0,14.8,19,346,6,1.417,0.712,23.38,Truck/Van,Regular Gasoline
RAM,1500,PICKUP TRUCK - STANDARD,5.7,8,A,X,15.7,11.0,13.6,21,319,8,1.427,0.712,23.46,Truck/Van,Regular Gasoline
RAM,1500 ECODIESEL,PICKUP TRUCK - STANDARD,3.0,6,A,D,11.8,8.6,10.4,27,278,8,1.372,0.5,26.73,Truck/Van,Diesel
RAM,1500 4X4 FFV,PICKUP TRUCK - STANDARD,3.6,6,A,X,14.5,10.2,12.6,22,294,8,1.422,0.6,23.33,Truck/Van,Regular Gasoline
RAM,1500 4X4 FFV,PICKUP TRUCK - STANDARD,3.6,6,A,E,20.7,14.7,18.0,16,300,8,1.408,0.6,16.67,Truck/Van,Ethanol (E85)
RAM,1500 4X4,PICKUP TRUCK - STANDARD,5.7,8,A,X,17.5,12.7,15.4,18,361,6,1.378,0.712,23.44,Truck/Van,Regular Gasoline
RAM,1500 4X4,PICKUP TRUCK - STANDARD,5.7,8,A,X,16.1,11.5,14.0,20,328,8,1.4,0.712,23.43,Truck/Van,Regular Gasoline
RAM,1500 4X4 ECODIESEL,PICKUP TRUCK - STANDARD,3.0,6,A,D,12.3,8.8,10.8,26,289,8,1.398,0.5,26.76,Truck/Van,Diesel
RAM,PROMASTER CITY,SPECIAL PURPOSE VEHICLE,2.4,4,A,X,11.2,8.3,9.9,29,232,9,1.349,0.6,23.43,Other,Regular Gasoline
ROLLS-ROYCE,DAWN,COMPACT,6.6,12,AS,Z,20.0,12.6,16.7,17,390,8,1.587,0.55,23.35,Compact/Small,Premium Gasoline
ROLLS-ROYCE,GHOST,FULL-SIZE,6.6,12,AS,Z,20.0,12.6,16.7,17,390,8,1.587,0.55,23.35,Mid-size,Premium Gasoline
ROLLS-ROYCE,GHOST EWB,FULL-SIZE,6.6,12,AS,Z,20.0,12.6,16.7,17,390,8,1.587,0.55,23.35,Mid-size,Premium Gasoline
ROLLS-ROYCE,PHANTOM,FULL-SIZE,6.7,12,AS,Z,20.7,12.7,17.1,17,400,8,1.63,0.558,23.39,Mid-size,Premium Gasoline
ROLLS-ROYCE,PHANTOM EWB,FULL-SIZE,6.7,12,AS,Z,20.7,12.7,17.1,17,400,8,1.63,0.558,23.39,Mid-size,Premium Gasoline
ROLLS-ROYCE,PHANTOM COUPE,COMPACT,6.7,12,AS,Z,20.7,12.7,17.1,17,400,8,1.63,0.558,23.39,Compact/Small,Premium Gasoline
ROLLS-ROYCE,PHANTOM DROPHEAD COUPE,COMPACT,6.7,12,AS,Z,20.6,12.8,17.1,17,401,8,1.609,0.558,23.45,Compact/Small,Premium Gasoline
ROLLS-ROYCE,WRAITH,MID-SIZE,6.6,12,AS,Z,19.0,12.5,16.1,18,375,8,1.52,0.55,23.29,Mid-size,Premium Gasoline
SMART,FORTWO CABRIOLET,TWO-SEATER,0.9,3,AM,Z,7.0,6.3,6.7,42,152,6,1.111,0.3,22.69,Compact/Small,Premium Gasoline
SUBARU,BRZ,MINICOMPACT,2.0,4,AS,Z,9.7,7.2,8.6,33,200,6,1.347,0.5,23.26,Compact/Small,Premium Gasoline
SUBARU,BRZ,MINICOMPACT,2.0,4,M,Z,11.1,8.0,9.7,29,228,6,1.388,0.5,23.51,Compact/Small,Premium Gasoline
SUBARU,CROSSTREK AWD,SUV - SMALL,2.0,4,AV,X,9.1,7.2,8.2,34,193,6,1.264,0.5,23.54,SUV,Regular Gasoline
SUBARU,CROSSTREK AWD,SUV - SMALL,2.0,4,M,X,10.3,7.8,9.2,31,216,5,1.321,0.5,23.48,SUV,Regular Gasoline
SUBARU,FORESTER AWD,SUV - SMALL,2.0,4,AV,Z,10.2,8.6,9.5,30,223,8,1.186,0.5,23.47,SUV,Premium Gasoline
SUBARU,FORESTER AWD,SUV - SMALL,2.5,4,AV,X,9.2,7.4,8.4,34,196,6,1.243,0.625,23.33,SUV,Regular Gasoline
SUBARU,FORESTER AWD,SUV - SMALL,2.5,4,M,X,10.9,8.3,9.7,29,228,6,1.313,0.625,23.51,SUV,Regular Gasoline
SUBARU,IMPREZA 4-DOOR AWD,MID-SIZE,2.0,4,AV,X,8.3,6.4,7.5,38,174,7,1.297,0.5,23.2,Mid-size,Regular Gasoline
SUBARU,IMPREZA 4-DOOR AWD,MID-SIZE,2.0,4,M,X,10.0,7.5,8.9,32,208,5,1.333,0.5,23.37,Mid-size,Regular Gasoline
SUBARU,IMPREZA 5-DOOR AWD,STATION WAGON - SMALL,2.0,4,AV,X,8.4,6.5,7.5,38,176,7,1.292,0.5,23.47,Mid-size,Regular Gasoline
SUBARU,IMPREZA 5-DOOR AWD,STATION WAGON - SMALL,2.0,4,M,X,10.1,7.7,9.0,31,211,5,1.312,0.5,23.44,Mid-size,Regular Gasoline
SUBARU,LEGACY AWD,MID-SIZE,2.5,4,AV,X,9.3,7.0,8.3,34,194,6,1.329,0.625,23.37,Mid-size,Regular Gasoline
SUBARU,LEGACY AWD,MID-SIZE,2.5,4,M,X,10.7,7.9,9.5,30,222,6,1.354,0.625,23.37,Mid-size,Regular Gasoline
SUBARU,LEGACY AWD,MID-SIZE,3.6,6,AV,X,11.9,8.3,10.3,27,241,6,1.434,0.6,23.4,Mid-size,Regular Gasoline
SUBARU,OUTBACK AWD,SUV - SMALL,2.5,4,AV,X,9.4,7.3,8.4,34,198,6,1.288,0.625,23.57,SUV,Regular Gasoline
SUBARU,OUTBACK AWD,SUV - SMALL,2.5,4,M,X,11.0,8.3,9.8,29,229,6,1.325,0.625,23.37,SUV,Regular Gasoline
SUBARU,OUTBACK AWD,SUV - SMALL,3.6,6,AV,X,12.0,8.7,10.5,27,247,6,1.379,0.6,23.52,SUV,Regular Gasoline
SUBARU,WRX AWD,COMPACT,2.0,4,AV,Z,12.5,9.6,11.2,25,255,8,1.302,0.5,22.77,Compact/Small,Premium Gasoline
SUBARU,WRX AWD,COMPACT,2.0,4,M,Z,11.3,8.5,10.0,28,235,6,1.329,0.5,23.5,Compact/Small,Premium Gasoline
SUBARU,WRX AWD,COMPACT,2.5,4,M,Z,13.8,10.2,12.2,23,285,6,1.353,0.625,23.36,Compact/Small,Premium Gasoline
TOYOTA,4RUNNER 4WD,SUV - STANDARD,4.0,6,AS,X,14.3,12.0,13.3,21,310,5,1.192,0.667,23.31,SUV,Regular Gasoline
TOYOTA,4RUNNER 4WD (Part-Time 4WD),SUV - STANDARD,4.0,6,AS,X,14.3,12.0,13.3,21,310,5,1.192,0.667,23.31,SUV,Regular Gasoline
TOYOTA,86,MINICOMPACT,2.0,4,AS,Z,9.9,7.3,8.7,32,204,6,1.356,0.5,23.45,Compact/Small,Premium Gasoline
TOYOTA,86,MINICOMPACT,2.0,4,M,Z,11.3,8.3,9.9,29,232,6,1.361,0.5,23.43,Compact/Small,Premium Gasoline
TOYOTA,AVALON,MID-SIZE,3.5,6,AS,X,11.4,7.7,9.7,29,226,6,1.481,0.583,23.3,Mid-size,Regular Gasoline
TOYOTA,CAMRY,MID-SIZE,2.5,4,AS,X,9.8,7.1,8.6,33,199,6,1.38,0.625,23.14,Mid-size,Regular Gasoline
TOYOTA,CAMRY,MID-SIZE,3.5,6,AS,X,11.0,7.8,9.6,29,224,6,1.41,0.583,23.33,Mid-size,Regular Gasoline
TOYOTA,CAMRY HYBRID LE,MID-SIZE,2.5,4,AV,X,5.6,6.2,5.9,48,137,,0.903,0.625,23.22,Mid-size,Regular Gasoline
TOYOTA,CAMRY HYBRID XLE/SE,MID-SIZE,2.5,4,AV,X,5.8,6.3,6.0,47,141,,0.921,0.625,23.5,Mid-size,Regular Gasoline
TOYOTA,COROLLA,MID-SIZE,1.8,4,AV,X,8.3,6.5,7.5,38,174,,1.277,0.45,23.2,Mid-size,Regular Gasoline
TOYOTA,COROLLA,MID-SIZE,1.8,4,AV,X,8.3,6.7,7.5,38,178,7,1.239,0.45,23.73,Mid-size,Regular Gasoline
TOYOTA,COROLLA,MID-SIZE,1.8,4,M,X,8.4,6.5,7.5,38,176,6,1.292,0.45,23.47,Mid-size,Regular Gasoline
TOYOTA,COROLLA LE ECO (1-mode),MID-SIZE,1.8,4,AV,X,7.8,5.9,6.9,41,163,,1.322,0.45,23.62,Mid-size,Regular Gasoline
TOYOTA,COROLLA LE ECO (2-mode),MID-SIZE,1.8,4,AV,X,8.0,6.3,7.2,39,168,,1.27,0.45,23.33,Mid-size,Regular Gasoline
TOYOTA,COROLLA iM,MID-SIZE,1.8,4,AV,X,8.3,6.5,7.5,38,176,7,1.277,0.45,23.47,Mid-size,Regular Gasoline
TOYOTA,COROLLA iM,MID-SIZE,1.8,4,M,X,8.8,6.8,7.9,36,185,6,1.294,0.45,23.42,Mid-size,Regular Gasoline
TOYOTA,HIGHLANDER,SUV - SMALL,3.5,6,AS,X,11.8,8.7,10.3,27,243,8,1.356,0.583,23.59,SUV,Regular Gasoline
TOYOTA,HIGHLANDER AWD,SUV - STANDARD,3.5,6,AS,X,12.1,9.0,10.6,27,251,8,1.344,0.583,23.68,SUV,Regular Gasoline
TOYOTA,HIGHLANDER AWD (Start/Stop System),SUV - STANDARD,3.5,6,AS,X,12.0,8.9,10.6,27,247,8,1.348,0.583,23.3,SUV,Regular Gasoline
TOYOTA,HIGHLANDER AWD LE,SUV - STANDARD,3.5,6,AS,X,11.7,8.8,10.4,27,242,8,1.33,0.583,23.27,SUV,Regular Gasoline
TOYOTA,HIGHLANDER HYBRID AWD,SUV - STANDARD,3.5,6,AV,X,8.1,8.5,8.3,34,193,6,0.953,0.583,23.25,SUV,Regular Gasoline
TOYOTA,PRIUS,MID-SIZE,1.8,4,AV,X,4.4,4.6,4.5,63,105,,0.957,0.45,23.33,Mid-size,Regular Gasoline
TOYOTA,PRIUS c,COMPACT,1.5,4,AV,X,4.9,5.5,5.1,55,120,,0.891,0.375,23.53,Compact/Small,Regular Gasoline
TOYOTA,PRIUS v,STATION WAGON - MID-SIZE,1.8,4,AV,X,5.5,6.0,5.8,49,135,,0.917,0.45,23.28,Mid-size,Regular Gasoline
TOYOTA,RAV4,SUV - SMALL,2.5,4,AS,X,10.3,8.0,9.2,31,217,6,1.288,0.625,23.59,SUV,Regular Gasoline
TOYOTA,RAV4 LE/XLE,SUV - SMALL,2.5,4,AS,X,10.0,7.8,9.0,31,210,6,1.282,0.625,23.33,SUV,Regular Gasoline
TOYOTA,RAV4 AWD,SUV - SMALL,2.5,4,AS,X,10.5,8.3,9.5,30,222,6,1.265,0.625,23.37,SUV,Regular Gasoline
TOYOTA,RAV4 LIMITED/SE AWD,SUV - SMALL,2.5,4,AS,X,10.7,8.4,9.7,29,226,6,1.274,0.625,23.3,SUV,Regular Gasoline
TOYOTA,RAV4 HYBRID AWD,SUV - SMALL,2.5,4,AV,X,6.9,7.8,7.3,39,170,6,0.885,0.625,23.29,SUV,Regular Gasoline
TOYOTA,SEQUOIA 4WD,SUV - STANDARD,5.7,8,AS,X,18.7,13.8,16.5,17,380,6,1.355,0.712,23.03,SUV,Regular Gasoline
TOYOTA,SIENNA,MINIVAN,3.5,6,AS,X,12.5,8.9,10.9,26,255,8,1.404,0.583,23.39,Truck/Van,Regular Gasoline
TOYOTA,SIENNA AWD,MINIVAN,3.5,6,AS,X,13.4,9.6,11.7,24,274,8,1.396,0.583,23.42,Truck/Van,Regular Gasoline
TOYOTA,TACOMA,PICKUP TRUCK - SMALL,2.7,4,AS,X,12.1,10.1,11.2,25,263,6,1.198,0.675,23.48,Truck/Van,Regular Gasoline
TOYOTA,TACOMA,PICKUP TRUCK - SMALL,3.5,6,AS,X,12.6,10.0,11.4,25,268,6,1.26,0.583,23.51,Truck/Van,Regular Gasoline
TOYOTA,TACOMA 4WD,PICKUP TRUCK - SMALL,2.7,4,AS,X,12.7,10.6,11.7,24,274,6,1.198,0.675,23.42,Truck/Van,Regular Gasoline
TOYOTA,TACOMA 4WD,PICKUP TRUCK - SMALL,3.5,6,AS,X,13.2,10.7,12.0,24,283,6,1.234,0.583,23.58,Truck/Van,Regular Gasoline
TOYOTA,TACOMA 4WD,PICKUP TRUCK - SMALL,3.5,6,M,X,13.8,11.6,12.8,22,301,6,1.19,0.583,23.52,Truck/Van,Regular Gasoline
TOYOTA,TUNDRA,PICKUP TRUCK - STANDARD,4.6,8,AS,X,15.8,12.3,14.2,20,334,6,1.285,0.575,23.52,Truck/Van,Regular Gasoline
TOYOTA,TUNDRA,PICKUP TRUCK - STANDARD,5.7,8,AS,X,17.2,12.9,15.3,18,358,6,1.333,0.712,23.4,Truck/Van,Regular Gasoline
TOYOTA,TUNDRA 4WD,PICKUP TRUCK - STANDARD,4.6,8,AS,X,16.8,12.6,14.9,19,349,6,1.333,0.575,23.42,Truck/Van,Regular Gasoline
TOYOTA,TUNDRA 4WD,PICKUP TRUCK - STANDARD,5.7,8,AS,X,18.1,13.9,16.2,17,378,6,1.302,0.712,23.33,Truck/Van,Regular Gasoline
TOYOTA,YARIS,COMPACT,1.5,4,AS,X,7.3,5.8,6.6,43,155,6,1.259,0.375,23.48,Compact/Small,Regular Gasoline
TOYOTA,YARIS (SIL),COMPACT,1.5,4,M,X,7.8,6.0,6.8,42,164,6,1.3,0.375,24.12,Compact/Small,Regular Gasoline
TOYOTA,YARIS HATCHBACK,COMPACT,1.5,4,A,X,7.9,6.8,7.4,38,173,4,1.162,0.375,23.38,Compact/Small,Regular Gasoline
TOYOTA,YARIS HATCHBACK,COMPACT,1.5,4,M,X,7.8,6.5,7.2,39,168,5,1.2,0.375,23.33,Compact/Small,Regular Gasoline
VOLKSWAGEN,BEETLE,COMPACT,1.8,4,AS,X,9.7,7.2,8.5,33,199,6,1.347,0.45,23.41,Compact/Small,Regular Gasoline
VOLKSWAGEN,BEETLE,COMPACT,1.8,4,M,X,9.5,7.1,8.4,34,198,5,1.338,0.45,23.57,Compact/Small,Regular Gasoline
VOLKSWAGEN,BEETLE DUNE,COMPACT,1.8,4,AS,X,9.6,7.5,8.6,33,201,6,1.28,0.45,23.37,Compact/Small,Regular Gasoline
VOLKSWAGEN,BEETLE CONVERTIBLE,SUBCOMPACT,1.8,4,AS,X,9.7,7.2,8.5,33,199,6,1.347,0.45,23.41,Compact/Small,Regular Gasoline
VOLKSWAGEN,CC 4MOTION,COMPACT,3.6,6,AS,X,13.9,9.3,11.8,24,277,6,1.495,0.6,23.47,Compact/Small,Regular Gasoline
VOLKSWAGEN,GOLF,COMPACT,1.8,4,AS,X,9.4,6.7,8.2,34,192,6,1.403,0.45,23.41,Compact/Small,Regular Gasoline
VOLKSWAGEN,GOLF,COMPACT,1.8,4,M,X,9.3,6.6,8.1,35,190,5,1.409,0.45,23.46,Compact/Small,Regular Gasoline
VOLKSWAGEN,GOLF GTI,COMPACT,2.0,4,AM,X,9.6,7.2,8.5,33,199,6,1.333,0.5,23.41,Compact/Small,Regular Gasoline
VOLKSWAGEN,GOLF GTI,COMPACT,2.0,4,M,X,9.7,7.0,8.5,33,198,6,1.386,0.5,23.29,Compact/Small,Regular Gasoline
VOLKSWAGEN,GOLF ALLTRACK,STATION WAGON - SMALL,1.8,4,AM,X,10.6,8.0,9.4,30,220,6,1.325,0.45,23.4,Mid-size,Regular Gasoline
VOLKSWAGEN,GOLF SPORTWAGEN,STATION WAGON - SMALL,1.8,4,AS,X,9.3,6.9,8.2,34,192,6,1.348,0.45,23.41,Mid-size,Regular Gasoline
VOLKSWAGEN,GOLF SPORTWAGEN,STATION WAGON - SMALL,1.8,4,M,X,9.6,6.8,8.3,34,194,5,1.412,0.45,23.37,Mid-size,Regular Gasoline
VOLKSWAGEN,GOLF SPORTWAGEN 4MOTION,STATION WAGON - SMALL,1.8,4,AM,X,10.6,8.0,9.4,30,220,6,1.325,0.45,23.4,Mid-size,Regular Gasoline
VOLKSWAGEN,JETTA,COMPACT,1.4,4,AS,X,8.5,6.2,7.4,38,175,6,1.371,0.35,23.65,Compact/Small,Regular Gasoline
VOLKSWAGEN,JETTA,COMPACT,1.8,4,AM,X,9.4,6.8,8.2,34,193,6,1.382,0.45,23.54,Compact/Small,Regular Gasoline
VOLKSWAGEN,JETTA,COMPACT,2.0,4,AS,X,9.8,7.4,8.7,32,205,6,1.324,0.5,23.56,Compact/Small,Regular Gasoline
VOLKSWAGEN,JETTA,COMPACT,2.0,4,M,X,10.2,7.2,8.9,32,208,6,1.417,0.5,23.37,Compact/Small,Regular Gasoline
VOLKSWAGEN,PASSAT,MID-SIZE,1.8,4,AS,X,10.1,7.0,8.7,32,204,6,1.443,0.45,23.45,Mid-size,Regular Gasoline
VOLKSWAGEN,PASSAT,MID-SIZE,3.6,6,AM,X,11.9,8.5,10.4,27,242,6,1.4,0.6,23.27,Mid-size,Regular Gasoline
VOLKSWAGEN,TIGUAN,SUV - SMALL,2.0,4,AS,Z,11.7,9.6,10.7,26,256,6,1.219,0.5,23.93,SUV,Premium Gasoline
VOLKSWAGEN,TIGUAN 4MOTION,SUV - SMALL,2.0,4,AS,Z,12.0,10.0,11.1,25,263,6,1.2,0.5,23.69,SUV,Premium Gasoline
VOLKSWAGEN,TOUAREG,SUV - STANDARD,3.6,6,AS,X,13.8,10.4,12.2,23,287,8,1.327,0.6,23.52,SUV,Regular Gasoline
VOLVO,S60 T5,COMPACT,2.0,4,AS,X,9.6,7.0,8.4,34,198,8,1.371,0.5,23.57,Compact/Small,Regular Gasoline
VOLVO,S60 T5 AWD,COMPACT,2.0,4,AS,X,10.7,7.8,9.4,30,219,8,1.372,0.5,23.3,Compact/Small,Regular Gasoline
VOLVO,S60 INSCRIPTION T5,COMPACT,2.0,4,AS,X,9.6,7.0,8.4,34,198,8,1.371,0.5,23.57,Compact/Small,Regular Gasoline
VOLVO,S60 INSCRIPTION T5 AWD,COMPACT,2.0,4,AS,X,10.7,7.8,9.4,30,219,8,1.372,0.5,23.3,Compact/Small,Regular Gasoline
VOLVO,S60 T6 AWD,COMPACT,2.0,4,AS,Z,10.9,7.7,9.5,30,221,8,1.416,0.5,23.26,Compact/Small,Premium Gasoline
VOLVO,S60 POLESTAR,COMPACT,2.0,4,AS,Z,11.8,8.5,10.3,27,241,8,1.388,0.5,23.4,Compact/Small,Premium Gasoline
VOLVO,S60 CC T5 AWD,COMPACT,2.0,4,AS,X,10.8,7.8,9.4,30,220,8,1.385,0.5,23.4,Compact/Small,Regular Gasoline
VOLVO,S90 T5,MID-SIZE,2.0,4,AS,Z,10.1,7.0,8.7,32,204,8,1.443,0.5,23.45,Mid-size,Premium Gasoline
VOLVO,S90 T6 AWD,MID-SIZE,2.0,4,AS,Z,10.8,7.6,9.4,30,219,8,1.421,0.5,23.3,Mid-size,Premium Gasoline
VOLVO,V60 T5,STATION WAGON - SMALL,2.0,4,AS,X,9.6,7.0,8.4,34,198,8,1.371,0.5,23.57,Mid-size,Regular Gasoline
VOLVO,V60 T5 AWD,STATION WAGON - SMALL,2.0,4,AS,X,10.7,7.8,9.4,30,219,8,1.372,0.5,23.3,Mid-size,Regular Gasoline
VOLVO,V60 T6 AWD,STATION WAGON - SMALL,2.0,4,AS,Z,10.9,7.7,9.5,30,221,8,1.416,0.5,23.26,Mid-size,Premium Gasoline
VOLVO,V60 POLESTAR,STATION WAGON - SMALL,2.0,4,AS,Z,11.8,8.5,10.3,27,241,8,1.388,0.5,23.4,Mid-size,Premium Gasoline
VOLVO,V60 CC T5 AWD,STATION WAGON - SMALL,2.0,4,AS,X,10.8,7.8,9.4,30,220,8,1.385,0.5,23.4,Mid-size,Regular Gasoline
VOLVO,V90 T5,STATION WAGON - MID-SIZE,2.0,4,AS,Z,10.1,7.0,8.7,32,204,8,1.443,0.5,23.45,Mid-size,Premium Gasoline
VOLVO,V90 T6 AWD,STATION WAGON - MID-SIZE,2.0,4,AS,Z,10.8,7.6,9.4,30,219,8,1.421,0.5,23.3,Mid-size,Premium Gasoline
VOLVO,V90 CC T6 AWD,STATION WAGON - MID-SIZE,2.0,4,AS,Z,10.7,7.9,9.4,30,221,8,1.354,0.5,23.51,Mid-size,Premium Gasoline
VOLVO,XC60 T5,SUV - SMALL,2.0,4,AS,X,10.4,7.8,9.2,31,216,8,1.333,0.5,23.48,SUV,Regular Gasoline
VOLVO,XC60 T5 AWD,SUV - SMALL,2.0,4,AS,X,11.3,8.4,10.0,28,233,8,1.345,0.5,23.3,SUV,Regular Gasoline
VOLVO,XC60 T6 AWD,SUV - SMALL,2.0,4,AS,Z,11.7,8.7,10.4,27,244,8,1.345,0.5,23.46,SUV,Premium Gasoline
VOLVO,XC90 T6 AWD,SUV - STANDARD,2.0,4,AS,Z,11.5,9.6,10.6,27,249,8,1.198,0.5,23.49,SUV,Premium Gasoline
ACURA,RLX HYBRID,MID-SIZE,3.5,6,AM,Z,8.4,8.2,8.4,34,196,7,1.024,0.583,23.33,Mid-size,Premium Gasoline
ACURA,TLX,COMPACT,2.4,4,AM,Z,10.0,7.1,8.7,32,205,8,1.408,0.6,23.56,Compact/Small,Premium Gasoline
ACURA,TLX A-SPEC,COMPACT,2.4,4,AM,Z,10.2,7.4,8.9,32,209,8,1.378,0.6,23.48,Compact/Small,Premium Gasoline
ACURA,TLX SH-AWD,COMPACT,3.5,6,AS,Z,11.4,7.7,9.8,29,228,9,1.481,0.583,23.27,Compact/Small,Premium Gasoline
ACURA,TLX SH-AWD A-SPEC,COMPACT,3.5,6,AS,Z,12.0,8.2,10.3,27,240,9,1.463,0.583,23.3,Compact/Small,Premium Gasoline
ALFA ROMEO,4C COUPE,TWO-SEATER,1.8,4,AM,Z,9.7,6.9,8.4,34,197,6,1.406,0.45,23.45,Compact/Small,Premium Gasoline
ALFA ROMEO,STELVIO AWD,SUV - SMALL,2.0,4,A,Z,10.8,8.3,9.6,29,226,8,1.301,0.5,23.54,SUV,Premium Gasoline
ALFA ROMEO,STELVIO QUADRIFOGLIO,SUV - SMALL,2.9,6,A,Z,14.1,10.4,12.4,23,292,8,1.356,0.483,23.55,SUV,Premium Gasoline
ASTON MARTIN,DB11 V8,MINICOMPACT,4.0,8,A,Z,13.0,9.8,11.5,25,271,8,1.327,0.5,23.57,Compact/Small,Premium Gasoline
ASTON MARTIN,RAPIDE S,SUBCOMPACT,6.0,12,A,Z,16.7,10.9,14.1,20,332,8,1.532,0.5,23.55,Compact/Small,Premium Gasoline
ASTON MARTIN,VANQUISH,MINICOMPACT,6.0,12,A,Z,17.5,11.4,14.7,19,346,8,1.535,0.5,23.54,Compact/Small,Premium Gasoline
AUDI,A4,COMPACT,2.0,4,AM,Z,8.6,6.4,7.6,37,177,7,1.344,0.5,23.29,Compact/Small,Premium Gasoline
AUDI,A4 QUATTRO,COMPACT,2.0,4,AM,Z,10.0,7.0,8.7,32,203,7,1.429,0.5,23.33,Compact/Small,Premium Gasoline
AUDI,A4 QUATTRO,COMPACT,2.0,4,M,Z,9.9,7.1,8.7,32,204,6,1.394,0.5,23.45,Compact/Small,Premium Gasoline
AUDI,A4 ALLROAD QUATTRO,STATION WAGON - SMALL,2.0,4,AM,Z,10.5,7.9,9.3,30,217,7,1.329,0.5,23.33,Mid-size,Premium Gasoline
AUDI,A5 QUATTRO,SUBCOMPACT,2.0,4,AM,Z,10.0,7.0,8.7,32,203,7,1.429,0.5,23.33,Compact/Small,Premium Gasoline
AUDI,A5 QUATTRO,SUBCOMPACT,2.0,4,M,Z,9.9,7.1,8.7,32,204,6,1.394,0.5,23.45,Compact/Small,Premium Gasoline
AUDI,A5 CABRIOLET QUATTRO,SUBCOMPACT,2.0,4,AM,Z,10.0,7.0,8.7,32,203,7,1.429,0.5,23.33,Compact/Small,Premium Gasoline
AUDI,A5 SPORTBACK QUATTRO,MID-SIZE,2.0,4,AM,Z,10.0,7.0,8.7,32,203,7,1.429,0.5,23.33,Mid-size,Premium Gasoline
AUDI,A6 QUATTRO,MID-SIZE,2.0,4,AS,Z,10.6,7.5,9.2,31,216,8,1.413,0.5,23.48,Mid-size,Premium Gasoline
AUDI,A6 QUATTRO,MID-SIZE,3.0,6,AS,Z,11.5,8.2,10.0,28,235,8,1.402,0.5,23.5,Mid-size,Premium Gasoline
AUDI,A7 QUATTRO,MID-SIZE,3.0,6,AS,Z,11.5,8.2,10.0,28,235,8,1.402,0.5,23.5,Mid-size,Premium Gasoline
AUDI,A8,FULL-SIZE,3.0,6,AS,Z,12.6,8.0,10.5,27,247,8,1.575,0.5,23.52,Mid-size,Premium Gasoline
AUDI,A8,FULL-SIZE,4.0,8,AS,Z,15.1,9.1,12.4,23,290,8,1.659,0.5,23.39,Mid-size,Premium Gasoline
AUDI,A8L,FULL-SIZE,4.0,8,AS,Z,15.1,9.1,12.4,23,290,8,1.659,0.5,23.39,Mid-size,Premium Gasoline
AUDI,Q3,COMPACT,2.0,4,AS,Z,11.6,8.3,10.1,28,236,6,1.398,0.5,23.37,Compact/Small,Premium Gasoline
AUDI,Q5,SUV - SMALL,2.0,4,AS,Z,10.4,8.6,9.6,29,226,7,1.209,0.5,23.54,SUV,Premium Gasoline
AUDI,Q7,SUV - STANDARD,2.0,4,AS,Z,12.2,9.5,11.0,26,258,8,1.284,0.5,23.45,SUV,Premium Gasoline
AUDI,R8,TWO-SEATER,5.2,10,AM,Z,16.0,9.5,13.1,22,304,7,1.684,0.52,23.21,Compact/Small,Premium Gasoline
AUDI,R8 QUATTRO,TWO-SEATER,5.2,10,AM,Z,17.1,11.3,14.5,19,338,7,1.513,0.52,23.31,Compact/Small,Premium Gasoline
AUDI,R8 SPYDER,TWO-SEATER,5.2,10,AM,Z,17.1,11.3,14.5,19,338,7,1.513,0.52,23.31,Compact/Small,Premium Gasoline
AUDI,RS 3,SUBCOMPACT,2.5,5,AM,Z,12.4,8.3,10.5,27,248,7,1.494,0.5,23.62,Compact/Small,Premium Gasoline
AUDI,RS 5,SUBCOMPACT,2.9,6,AM,Z,12.9,8.9,11.1,25,260,8,1.449,0.483,23.42,Compact/Small,Premium Gasoline
AUDI,RS 7,MID-SIZE,4.0,8,AS,Z,17.0,9.6,13.7,21,318,8,1.771,0.5,23.21,Mid-size,Premium Gasoline
AUDI,S3,SUBCOMPACT,2.0,4,AM,Z,10.6,8.3,9.6,29,223,7,1.277,0.5,23.23,Compact/Small,Premium Gasoline
AUDI,S4,COMPACT,3.0,6,AM,Z,11.5,8.0,9.9,29,232,8,1.438,0.5,23.43,Compact/Small,Premium Gasoline
AUDI,S5,SUBCOMPACT,3.0,6,AM,Z,11.5,8.0,9.9,29,232,8,1.438,0.5,23.43,Compact/Small,Premium Gasoline
AUDI,S5 CABRIOLET,SUBCOMPACT,3.0,6,AM,Z,11.9,8.1,10.2,28,239,8,1.469,0.5,23.43,Compact/Small,Premium Gasoline
AUDI,S5 SPORTBACK,MID-SIZE,3.0,6,AM,Z,11.5,8.0,9.9,29,232,8,1.438,0.5,23.43,Mid-size,Premium Gasoline
AUDI,S6,MID-SIZE,4.0,8,AM,Z,15.0,10.0,12.8,22,298,7,1.5,0.5,23.28,Mid-size,Premium Gasoline
AUDI,S7,MID-SIZE,4.0,8,AM,Z,15.0,10.0,12.8,22,298,7,1.5,0.5,23.28,Mid-size,Premium Gasoline
AUDI,S8,MID-SIZE,4.0,8,AS,Z,16.2,9.9,13.4,21,313,8,1.636,0.5,23.36,Mid-size,Premium Gasoline
AUDI,SQ5,SUV - SMALL,3.0,6,AM,Z,12.7,10.0,11.5,25,270,8,1.27,0.5,23.48,SUV,Premium Gasoline
AUDI,TT RS,SUBCOMPACT,2.5,5,AM,Z,12.3,8.2,10.5,27,245,7,1.5,0.5,23.33,Compact/Small,Premium Gasoline
AUDI,TTS COUPE,SUBCOMPACT,2.0,4,AM,Z,10.3,8.6,9.5,30,222,6,1.198,0.5,23.37,Compact/Small,Premium Gasoline
BENTLEY,CONTINENTAL GT CONVERTIBLE,COMPACT,6.0,12,AS,Z,20.4,12.0,16.6,17,389,8,1.7,0.5,23.43,Compact/Small,Premium Gasoline
BENTLEY,CONTINENTAL SUPERSPORTS,COMPACT,6.0,12,AS,Z,20.4,12.0,16.6,17,389,8,1.7,0.5,23.43,Compact/Small,Premium Gasoline
BENTLEY,FLYING SPUR,MID-SIZE,4.0,8,AS,Z,18.8,10.7,15.1,19,353,8,1.757,0.5,23.38,Mid-size,Premium Gasoline
BENTLEY,FLYING SPUR,MID-SIZE,6.0,12,AS,Z,20.4,12.0,16.6,17,389,8,1.7,0.5,23.43,Mid-size,Premium Gasoline
BENTLEY,MULSANNE,MID-SIZE,6.8,8,AS,Z,20.9,13.0,17.3,16,405,8,1.608,0.85,23.41,Mid-size,Premium Gasoline
BMW,230i xDRIVE CABRIOLET,SUBCOMPACT,2.0,4,AS,Z,10.2,7.2,8.9,32,208,8,1.417,0.5,23.37,Compact/Small,Premium Gasoline
BMW,230i xDRIVE COUPE,SUBCOMPACT,2.0,4,AS,Z,9.9,7.1,8.6,33,202,8,1.394,0.5,23.49,Compact/Small,Premium Gasoline
BMW,328d xDRIVE,COMPACT,2.0,4,AS,D,7.8,5.9,7.0,40,184,8,1.322,0.5,26.29,Compact/Small,Diesel
BMW,328d xDRIVE TOURING,STATION WAGON - SMALL,2.0,4,AS,D,7.8,5.9,7.0,40,184,8,1.322,0.5,26.29,Mid-size,Diesel
BMW,330i xDRIVE,COMPACT,2.0,4,AS,Z,10.2,7.2,8.9,32,208,8,1.417,0.5,23.37,Compact/Small,Premium Gasoline
BMW,330i xDRIVE GRAN TURISMO,FULL-SIZE,2.0,4,AS,Z,10.2,7.2,8.9,32,208,8,1.417,0.5,23.37,Mid-size,Premium Gasoline
BMW,330i xDRIVE TOURING,STATION WAGON - SMALL,2.0,4,AS,Z,10.2,7.2,8.9,32,208,8,1.417,0.5,23.37,Mid-size,Premium Gasoline
BMW,340i,COMPACT,3.0,6,AS,Z,9.2,6.2,7.8,36,183,8,1.484,0.5,23.46,Compact/Small,Premium Gasoline
BMW,340i,COMPACT,3.0,6,M,Z,12.1,8.1,10.3,27,240,6,1.494,0.5,23.3,Compact/Small,Premium Gasoline
BMW,340i xDRIVE,COMPACT,3.0,6,AS,Z,11.1,7.5,9.5,30,223,8,1.48,0.5,23.47,Compact/Small,Premium Gasoline
BMW,340i xDRIVE,COMPACT,3.0,6,M,Z,12.2,8.4,10.5,27,245,6,1.452,0.5,23.33,Compact/Small,Premium Gasoline
BMW,340i xDRIVE GRAN TURISMO,FULL-SIZE,3.0,6,AS,Z,11.8,7.9,10.0,28,235,8,1.494,0.5,23.5,Mid-size,Premium Gasoline
BMW,430i xDRIVE CABRIOLET,SUBCOMPACT,2.0,4,AS,Z,10.7,7.3,9.1,31,214,8,1.466,0.5,23.52,Compact/Small,Premium Gasoline
BMW,430i xDRIVE COUPE,COMPACT,2.0,4,AS,Z,10.2,7.2,8.9,32,208,8,1.417,0.5,23.37,Compact/Small,Premium Gasoline
BMW,430i xDRIVE GRAN COUPE,COMPACT,2.0,4,AS,Z,10.2,7.2,8.9,32,208,8,1.417,0.5,23.37,Compact/Small,Premium Gasoline
BMW,440i COUPE,COMPACT,3.0,6,AS,Z,9.2,6.2,7.8,36,183,8,1.484,0.5,23.46,Compact/Small,Premium Gasoline
BMW,440i COUPE,COMPACT,3.0,6,M,Z,12.1,8.1,10.3,27,240,6,1.494,0.5,23.3,Compact/Small,Premium Gasoline
BMW,440i xDRIVE CABRIOLET,SUBCOMPACT,3.0,6,AS,Z,11.8,7.9,10.0,28,235,8,1.494,0.5,23.5,Compact/Small,Premium Gasoline
BMW,440i xDRIVE COUPE,COMPACT,3.0,6,AS,Z,11.1,7.5,9.5,30,223,8,1.48,0.5,23.47,Compact/Small,Premium Gasoline
BMW,440i xDRIVE COUPE,COMPACT,3.0,6,M,Z,12.2,8.4,10.5,27,245,6,1.452,0.5,23.33,Compact/Small,Premium Gasoline
BMW,440i xDRIVE GRAN COUPE,COMPACT,3.0,6,AS,Z,11.1,7.5,9.5,30,223,8,1.48,0.5,23.47,Compact/Small,Premium Gasoline
BMW,530i xDRIVE,MID-SIZE,2.0,4,AS,Z,10.2,7.2,8.9,32,208,8,1.417,0.5,23.37,Mid-size,Premium Gasoline
BMW,540i xDRIVE,MID-SIZE,3.0,6,AS,Z,11.6,8.1,10.0,28,236,8,1.432,0.5,23.6,Mid-size,Premium Gasoline
BMW,640i xDRIVE CABRIOLET,SUBCOMPACT,3.0,6,AS,Z,12.3,8.4,10.5,27,248,8,1.464,0.5,23.62,Compact/Small,Premium Gasoline
BMW,640i xDRIVE GRAN COUPE,COMPACT,3.0,6,AS,Z,12.3,8.4,10.5,27,248,8,1.464,0.5,23.62,Compact/Small,Premium Gasoline
BMW,640i xDRIVE GRAN TURISMO,FULL-SIZE,3.0,6,AS,Z,11.9,8.4,10.3,27,241,8,1.417,0.5,23.4,Mid-size,Premium Gasoline
BMW,650i xDRIVE CABRIOLET,SUBCOMPACT,4.4,8,AS,Z,14.7,9.6,12.4,23,292,8,1.531,0.55,23.55,Compact/Small,Premium Gasoline
BMW,650i xDRIVE COUPE,SUBCOMPACT,4.4,8,AS,Z,14.0,10.0,12.2,23,286,8,1.4,0.55,23.44,Compact/Small,Premium Gasoline
BMW,650i xDRIVE GRAN COUPE,COMPACT,4.4,8,AS,Z,14.7,9.6,12.4,23,292,8,1.531,0.55,23.55,Compact/Small,Premium Gasoline
BMW,750i xDRIVE,FULL-SIZE,4.4,8,AS,Z,14.7,9.6,12.4,23,292,8,1.531,0.55,23.55,Mid-size,Premium Gasoline
BMW,750i xDRIVE SWB,FULL-SIZE,4.4,8,AS,Z,14.3,9.4,12.1,23,283,8,1.521,0.55,23.39,Mid-size,Premium Gasoline
BMW,ALPINA B6 xDRIVE GRAN COUPE,COMPACT,4.4,8,AS,Z,14.7,9.6,12.4,23,292,8,1.531,0.55,23.55,Compact/Small,Premium Gasoline
BMW,M240i CABRIOLET,SUBCOMPACT,3.0,6,AS,Z,10.9,7.7,9.5,30,222,8,1.416,0.5,23.37,Compact/Small,Premium Gasoline
BMW,M240i CABRIOLET,SUBCOMPACT,3.0,6,M,Z,12.7,8.7,10.9,26,255,6,1.46,0.5,23.39,Compact/Small,Premium Gasoline
BMW,M240i COUPE,SUBCOMPACT,3.0,6,AS,Z,10.9,7.7,9.5,30,222,8,1.416,0.5,23.37,Compact/Small,Premium Gasoline
BMW,M240i COUPE,SUBCOMPACT,3.0,6,M,Z,12.5,8.4,10.7,26,249,6,1.488,0.5,23.27,Compact/Small,Premium Gasoline
BMW,M240i xDRIVE CABRIOLET,SUBCOMPACT,3.0,6,AS,Z,11.2,7.8,9.7,29,227,8,1.436,0.5,23.4,Compact/Small,Premium Gasoline
BMW,M240i xDRIVE COUPE,SUBCOMPACT,3.0,6,AS,Z,11.2,7.8,9.7,29,227,8,1.436,0.5,23.4,Compact/Small,Premium Gasoline
BMW,M3,COMPACT,3.0,6,AM,Z,13.5,9.9,11.9,24,280,7,1.364,0.5,23.53,Compact/Small,Premium Gasoline
BMW,M3,COMPACT,3.0,6,M,Z,13.5,9.3,11.6,24,273,6,1.452,0.5,23.53,Compact/Small,Premium Gasoline
BMW,M4 CABRIOLET,SUBCOMPACT,3.0,6,AM,Z,14.5,10.5,12.7,22,299,7,1.381,0.5,23.54,Compact/Small,Premium Gasoline
BMW,M4 CABRIOLET,SUBCOMPACT,3.0,6,M,Z,13.8,9.4,11.9,24,280,6,1.468,0.5,23.53,Compact/Small,Premium Gasoline
BMW,M4 COUPE,COMPACT,3.0,6,AM,Z,13.5,9.9,11.9,24,280,7,1.364,0.5,23.53,Compact/Small,Premium Gasoline
BMW,M4 COUPE,COMPACT,3.0,6,M,Z,13.5,9.3,11.6,24,273,6,1.452,0.5,23.53,Compact/Small,Premium Gasoline
BMW,M550i xDRIVE,MID-SIZE,4.4,8,AS,Z,14.3,9.4,12.1,23,283,8,1.521,0.55,23.39,Mid-size,Premium Gasoline
BMW,M6 CABRIOLET,SUBCOMPACT,4.4,8,AM,Z,17.3,11.6,14.7,19,344,7,1.491,0.55,23.4,Compact/Small,Premium Gasoline
BMW,M6 COUPE,SUBCOMPACT,4.4,8,AM,Z,17.3,11.6,14.7,19,344,7,1.491,0.55,23.4,Compact/Small,Premium Gasoline
BMW,M6 COUPE,SUBCOMPACT,4.4,8,M,Z,16.2,10.9,13.8,20,324,6,1.486,0.55,23.48,Compact/Small,Premium Gasoline
BMW,M6 GRAN COUPE,COMPACT,4.4,8,AM,Z,17.3,11.6,14.7,19,344,7,1.491,0.55,23.4,Compact/Small,Premium Gasoline
BMW,X1 xDRIVE28i,SUV - SMALL,2.0,4,AS,Z,10.7,7.5,9.3,30,217,8,1.427,0.5,23.33,SUV,Premium Gasoline
BMW,X2 xDRIVE28i,SUV - SMALL,2.0,4,AS,Z,11.0,7.7,9.5,30,222,8,1.429,0.5,23.37,SUV,Premium Gasoline
BMW,X3 xDRIVE30i,SUV - SMALL,2.0,4,AS,Z,10.8,8.0,9.5,30,223,8,1.35,0.5,23.47,SUV,Premium Gasoline
BMW,X3 M40i,SUV - SMALL,3.0,6,AS,Z,11.7,8.6,10.3,27,241,8,1.36,0.5,23.4,SUV,Premium Gasoline
BMW,X4 M40i,SUV - SMALL,3.0,6,AS,Z,12.9,9.5,11.4,25,266,8,1.358,0.5,23.33,SUV,Premium Gasoline
BMW,X5 xDRIVE35d,SUV - STANDARD,3.0,6,AS,D,10.3,8.0,9.3,30,246,8,1.288,0.5,26.45,SUV,Diesel
BMW,X5 xDRIVE50i,SUV - STANDARD,4.4,8,AS,Z,15.4,11.2,13.5,21,317,8,1.375,0.55,23.48,SUV,Premium Gasoline
BMW,X6 xDRIVE50i,SUV - STANDARD,4.4,8,AS,Z,15.4,11.2,13.5,21,317,8,1.375,0.55,23.48,SUV,Premium Gasoline
BUGATTI,CHIRON,TWO-SEATER,8.0,16,AM,Z,26.8,16.6,22.2,13,522,7,1.614,0.5,23.51,Compact/Small,Premium Gasoline
BUICK,ENCLAVE,SUV - STANDARD,3.6,6,AS,X,12.9,9.0,11.2,25,263,9,1.433,0.6,23.48,SUV,Regular Gasoline
BUICK,ENCLAVE AWD,SUV - STANDARD,3.6,6,AS,X,13.8,9.4,11.8,24,277,9,1.468,0.6,23.47,SUV,Regular Gasoline
BUICK,ENCORE,SUV - SMALL,1.4,4,AS,X,9.3,7.2,8.3,34,194,6,1.292,0.35,23.37,SUV,Regular Gasoline
BUICK,ENCORE (SIDI with Stop/Start),SUV - SMALL,1.4,4,AS,X,8.6,7.1,7.9,36,185,6,1.211,0.35,23.42,SUV,Regular Gasoline
BUICK,ENCORE AWD,SUV - SMALL,1.4,4,AS,X,9.9,7.8,8.9,32,210,6,1.269,0.35,23.6,SUV,Regular Gasoline
BUICK,ENCORE AWD (SIDI with Stop/Start),SUV - SMALL,1.4,4,AS,X,9.0,7.6,8.3,34,196,6,1.184,0.35,23.61,SUV,Regular Gasoline
BUICK,ENVISION AWD,SUV - SMALL,2.5,4,A,X,11.1,8.6,10.0,28,234,6,1.291,0.625,23.4,SUV,Regular Gasoline
BUICK,LACROSSE,MID-SIZE,3.6,6,AS,X,11.3,7.9,9.7,29,228,9,1.43,0.6,23.51,Mid-size,Regular Gasoline
BUICK,LACROSSE eASSIST,MID-SIZE,2.5,4,A,X,9.3,6.7,8.1,35,190,6,1.388,0.625,23.46,Mid-size,Regular Gasoline
BUICK,LACROSSE AWD,MID-SIZE,3.6,6,AS,X,11.8,8.0,10.1,28,237,9,1.475,0.6,23.47,Mid-size,Regular Gasoline
BUICK,REGAL,FULL-SIZE,2.0,4,AS,Z,10.7,7.4,9.2,31,217,9,1.446,0.5,23.59,Mid-size,Premium Gasoline
BUICK,REGAL AWD,FULL-SIZE,2.0,4,AS,Z,11.0,8.0,9.6,29,227,8,1.375,0.5,23.65,Mid-size,Premium Gasoline
BUICK,REGAL AWD,FULL-SIZE,3.6,6,AS,X,12.4,8.7,10.7,26,250,9,1.425,0.6,23.36,Mid-size,Regular Gasoline
CADILLAC,ATS,COMPACT,2.0,4,AS,Z,10.5,7.7,9.2,31,216,8,1.364,0.5,23.48,Compact/Small,Premium Gasoline
CADILLAC,ATS,COMPACT,2.0,4,M,Z,12.0,8.2,10.3,27,240,6,1.463,0.5,23.3,Compact/Small,Premium Gasoline
CADILLAC,ATS AWD,COMPACT,3.6,6,AS,X,12.1,8.6,10.5,27,247,8,1.407,0.6,23.52,Compact/Small,Regular Gasoline
CADILLAC,ATS-V,COMPACT,3.6,6,AS,Z,13.9,9.4,11.9,24,291,8,1.479,0.6,24.45,Compact/Small,Premium Gasoline
CADILLAC,CT6,FULL-SIZE,2.0,4,AS,Z,11.0,7.8,9.5,30,224,8,1.41,0.5,23.58,Mid-size,Premium Gasoline
CADILLAC,CT6 AWD,FULL-SIZE,3.6,6,AS,X,13.0,8.9,11.1,25,261,8,1.461,0.6,23.51,Mid-size,Regular Gasoline
CADILLAC,CTS,MID-SIZE,2.0,4,AS,Z,11.0,7.8,9.5,30,224,8,1.41,0.5,23.58,Mid-size,Premium Gasoline
CADILLAC,CTS AWD,MID-SIZE,3.6,6,AS,X,12.1,8.6,10.5,27,247,8,1.407,0.6,23.52,Mid-size,Regular Gasoline
CADILLAC,CTS Vsport,MID-SIZE,3.6,6,AS,Z,15.0,9.9,12.7,22,311,8,1.515,0.6,24.49,Mid-size,Premium Gasoline
CADILLAC,ESCALADE 4WD,SUV - STANDARD,6.2,8,A,Z,16.6,10.9,14.0,20,329,10,1.523,0.775,23.5,SUV,Premium Gasoline
CADILLAC,XT5,SUV - SMALL,3.6,6,AS,X,12.1,8.9,10.6,27,250,8,1.36,0.6,23.58,SUV,Regular Gasoline
CADILLAC,XT5 AWD,SUV - SMALL,3.6,6,AS,X,12.8,9.3,11.2,25,263,8,1.376,0.6,23.48,SUV,Regular Gasoline
CHEVROLET,CAMARO,SUBCOMPACT,2.0,4,AS,Z,10.8,7.6,9.4,30,220,8,1.421,0.5,23.4,Compact/Small,Premium Gasoline
CHEVROLET,CAMARO,SUBCOMPACT,2.0,4,M,Z,11.9,7.9,10.1,28,235,6,1.506,0.5,23.27,Compact/Small,Premium Gasoline
CHEVROLET,CAMARO,SUBCOMPACT,3.6,6,AS,X,12.3,8.2,10.4,27,246,8,1.5,0.6,23.65,Compact/Small,Regular Gasoline
CHEVROLET,CAMARO ZL1,SUBCOMPACT,6.2,8,AS,Z,18.8,11.3,15.4,18,361,10,1.664,0.775,23.44,Compact/Small,Premium Gasoline
CHEVROLET,CAMARO ZL1,SUBCOMPACT,6.2,8,M,Z,17.1,12.0,14.8,19,348,6,1.425,0.775,23.51,Compact/Small,Premium Gasoline
CHEVROLET,CITY EXPRESS,SPECIAL PURPOSE VEHICLE,2.0,4,AV,X,9.8,8.8,9.3,30,218,,1.114,0.5,23.44,Other,Regular Gasoline
CHEVROLET,COLORADO,PICKUP TRUCK - SMALL,2.5,4,A,X,12.1,9.2,10.8,26,253,6,1.315,0.625,23.43,Truck/Van,Regular Gasoline
CHEVROLET,COLORADO,PICKUP TRUCK - SMALL,2.5,4,M,X,11.9,9.2,10.7,26,251,6,1.293,0.625,23.46,Truck/Van,Regular Gasoline
CHEVROLET,COLORADO,PICKUP TRUCK - SMALL,2.8,4,A,D,10.8,8.0,9.6,29,257,6,1.35,0.7,26.77,Truck/Van,Diesel
CHEVROLET,COLORADO 4WD,PICKUP TRUCK - SMALL,2.5,4,A,X,12.6,9.8,11.3,25,266,6,1.286,0.625,23.54,Truck/Van,Regular Gasoline
CHEVROLET,COLORADO 4WD,PICKUP TRUCK - SMALL,2.8,4,A,D,12.1,8.3,10.4,27,279,6,1.458,0.7,26.83,Truck/Van,Diesel
CHEVROLET,COLORADO 4WD,PICKUP TRUCK - SMALL,3.6,6,A,X,14.1,10.0,12.2,23,288,8,1.41,0.6,23.61,Truck/Van,Regular Gasoline
CHEVROLET,CORVETTE,TWO-SEATER,6.2,8,AS,Z,15.5,9.2,12.7,22,297,8,1.685,0.775,23.39,Compact/Small,Premium Gasoline
CHEVROLET,CRUZE,COMPACT,1.4,4,AS,X,8.0,5.9,7.1,40,166,6,1.356,0.35,23.38,Compact/Small,Regular Gasoline
CHEVROLET,CRUZE,COMPACT,1.4,4,M,X,8.6,5.8,7.4,38,172,6,1.483,0.35,23.24,Compact/Small,Regular Gasoline
CHEVROLET,CRUZE DIESEL,COMPACT,1.6,4,A,D,7.7,5.0,6.5,43,175,9,1.54,0.4,26.92,Compact/Small,Diesel
CHEVROLET,CRUZE DIESEL,COMPACT,1.6,4,M,D,7.8,4.6,6.3,45,170,6,1.696,0.4,26.98,Compact/Small,Diesel
CHEVROLET,CRUZE HATCHBACK,MID-SIZE,1.4,4,AS,X,8.1,6.2,7.3,39,172,6,1.306,0.35,23.56,Mid-size,Regular Gasoline
CHEVROLET,CRUZE HATCHBACK,MID-SIZE,1.4,4,M,X,8.6,6.2,7.5,38,175,6,1.387,0.35,23.33,Mid-size,Regular Gasoline
CHEVROLET,CRUZE HATCHBACK PREMIER,MID-SIZE,1.4,4,AS,X,8.4,6.4,7.5,38,176,6,1.312,0.35,23.47,Mid-size,Regular Gasoline
CHEVROLET,CRUZE HATCHBACK DIESEL,MID-SIZE,1.6,4,A,D,7.8,5.2,6.6,43,178,9,1.5,0.4,26.97,Mid-size,Diesel
CHEVROLET,CRUZE HATCHBACK DIESEL,MID-SIZE,1.6,4,M,D,8.1,4.9,6.7,42,180,6,1.653,0.4,26.87,Mid-size,Diesel
CHEVROLET,EQUINOX,SUV - SMALL,1.5,4,A,X,9.2,7.3,8.3,34,195,6,1.26,0.375,23.49,SUV,Regular Gasoline
CHEVROLET,EQUINOX,SUV - SMALL,1.6,4,A,D,8.5,6.0,7.4,38,198,6,1.417,0.4,26.76,SUV,Diesel
CHEVROLET,EQUINOX AWD,SUV - SMALL,1.5,4,A,X,9.8,7.9,8.9,32,209,6,1.241,0.375,23.48,SUV,Regular Gasoline
CHEVROLET,EQUINOX AWD,SUV - SMALL,1.6,4,A,D,8.5,6.1,7.4,38,198,6,1.393,0.4,26.76,SUV,Diesel
CHEVROLET,EQUINOX AWD,SUV - SMALL,2.0,4,A,Z,10.9,8.3,9.7,29,228,9,1.313,0.5,23.51,SUV,Premium Gasoline
CHEVROLET,IMPALA FFV,FULL-SIZE,3.6,6,AS,X,12.7,8.5,10.8,26,254,6,1.494,0.6,23.52,Mid-size,Regular Gasoline
CHEVROLET,IMPALA FFV,FULL-SIZE,3.6,6,AS,E,17.2,11.6,14.6,19,245,6,1.483,0.6,16.78,Mid-size,Ethanol (E85)
CHEVROLET,MALIBU,MID-SIZE,1.5,4,A,X,8.8,6.5,7.8,36,181,6,1.354,0.375,23.21,Mid-size,Regular Gasoline
CHEVROLET,MALIBU,MID-SIZE,2.0,4,A,Z,10.5,7.4,9.1,31,213,9,1.419,0.5,23.41,Mid-size,Premium Gasoline
CHEVROLET,SILVERADO FFV,PICKUP TRUCK - STANDARD,4.3,6,A,X,13.4,10.0,11.8,24,278,6,1.34,0.717,23.56,Truck/Van,Regular Gasoline
CHEVROLET,SILVERADO,PICKUP TRUCK - STANDARD,5.3,8,A,X,14.6,10.3,12.7,22,298,6,1.417,0.662,23.46,Truck/Van,Regular Gasoline
CHEVROLET,SILVERADO FFV,PICKUP TRUCK - STANDARD,5.3,8,A,E,19.7,13.9,17.1,17,283,6,1.417,0.662,16.55,Truck/Van,Ethanol (E85)
CHEVROLET,SILVERADO,PICKUP TRUCK - STANDARD,5.3,8,A,X,14.9,10.9,13.1,22,307,8,1.367,0.662,23.44,Truck/Van,Regular Gasoline
CHEVROLET,SILVERADO eASSIST,PICKUP TRUCK - STANDARD,5.3,8,A,X,13.4,10.0,11.8,24,278,8,1.34,0.662,23.56,Truck/Van,Regular Gasoline
CHEVROLET,SILVERADO 4WD FFV,PICKUP TRUCK - STANDARD,4.3,6,A,E,20.2,15.2,18.0,16,296,6,1.329,0.717,16.44,Truck/Van,Ethanol (E85)
CHEVROLET,SILVERADO 4WD FFV,PICKUP TRUCK - STANDARD,5.3,8,A,E,21.0,15.0,18.3,15,309,6,1.4,0.662,16.89,Truck/Van,Ethanol (E85)
CHEVROLET,SILVERADO 4WD,PICKUP TRUCK - STANDARD,5.3,8,A,X,15.6,11.6,13.8,20,324,8,1.345,0.662,23.48,Truck/Van,Regular Gasoline
CHEVROLET,SILVERADO 4WD,PICKUP TRUCK - STANDARD,6.2,8,A,Z,16.0,11.7,14.1,20,331,8,1.368,0.775,23.48,Truck/Van,Premium Gasoline
CHEVROLET,SONIC,COMPACT,1.8,4,AS,X,9.3,7.0,8.3,34,193,6,1.329,0.45,23.25,Compact/Small,Regular Gasoline
CHEVROLET,SONIC,COMPACT,1.8,4,M,X,9.2,6.8,8.1,35,190,5,1.353,0.45,23.46,Compact/Small,Regular Gasoline
CHEVROLET,SONIC 5,STATION WAGON - SMALL,1.8,4,AS,X,9.3,7.0,8.3,34,193,6,1.329,0.45,23.25,Mid-size,Regular Gasoline
CHEVROLET,SONIC 5,STATION WAGON - SMALL,1.8,4,M,X,9.2,6.8,8.1,35,190,5,1.353,0.45,23.46,Mid-size,Regular Gasoline
CHEVROLET,SPARK,SUBCOMPACT,1.4,4,M,X,8.0,6.0,7.1,40,166,5,1.333,0.35,23.38,Compact/Small,Regular Gasoline
CHEVROLET,SUBURBAN FFV,SUV - STANDARD,5.3,8,A,E,19.8,13.9,17.2,16,285,6,1.424,0.662,16.57,SUV,Ethanol (E85)
CHEVROLET,SUBURBAN 4WD,SUV - STANDARD,5.3,8,A,X,15.3,10.9,13.3,21,313,6,1.404,0.662,23.53,SUV,Regular Gasoline
CHEVROLET,SUBURBAN 4WD FFV,SUV - STANDARD,5.3,8,A,X,15.3,10.9,13.3,21,312,6,1.404,0.662,23.46,SUV,Regular Gasoline
CHEVROLET,SUBURBAN 4WD FFV,SUV - STANDARD,5.3,8,A,E,22.3,15.7,19.3,15,321,6,1.42,0.662,16.63,SUV,Ethanol (E85)
CHEVROLET,TAHOE FFV,SUV - STANDARD,5.3,8,A,E,19.8,13.9,17.2,16,285,6,1.424,0.662,16.57,SUV,Ethanol (E85)
CHEVROLET,TAHOE 4WD,SUV - STANDARD,6.2,8,A,Z,16.4,10.7,13.8,20,325,10,1.533,0.775,23.55,SUV,Premium Gasoline
CHEVROLET,TRAVERSE,SUV - STANDARD,2.0,4,A,Z,11.7,9.0,10.5,27,246,9,1.3,0.5,23.43,SUV,Premium Gasoline
CHEVROLET,TRAVERSE,SUV - STANDARD,3.6,6,AS,X,12.9,8.7,11.0,26,258,9,1.483,0.6,23.45,SUV,Regular Gasoline
CHEVROLET,TRAVERSE AWD,SUV - STANDARD,3.6,6,AS,X,13.7,9.4,11.8,24,276,9,1.457,0.6,23.39,SUV,Regular Gasoline
CHEVROLET,TRAX 4WD,SUV - SMALL,1.4,4,AS,X,9.9,7.8,8.9,32,210,6,1.269,0.35,23.6,SUV,Regular Gasoline
CHRYSLER,300 FFV,FULL-SIZE,3.6,6,A,X,12.4,7.8,10.3,27,242,8,1.59,0.6,23.5,Mid-size,Regular Gasoline
CHRYSLER,300 FFV,FULL-SIZE,3.6,6,A,E,17.1,10.6,14.2,20,234,8,1.613,0.6,16.48,Mid-size,Ethanol (E85)
CHRYSLER,300,FULL-SIZE,5.7,8,A,X,14.7,9.4,12.3,23,289,8,1.564,0.712,23.5,Mid-size,Regular Gasoline
CHRYSLER,PACIFICA,MINIVAN,3.6,6,A,X,12.9,8.4,10.9,26,259,9,1.536,0.6,23.76,Truck/Van,Regular Gasoline
DODGE,CHALLENGER GT AWD,MID-SIZE,3.6,6,A,X,12.8,8.7,11.0,26,258,8,1.471,0.6,23.45,Mid-size,Regular Gasoline
DODGE,CHALLENGER GT AWD FFV,MID-SIZE,3.6,6,A,X,12.8,8.7,11.0,26,258,8,1.471,0.6,23.45,Mid-size,Regular Gasoline
DODGE,CHALLENGER GT AWD FFV,MID-SIZE,3.6,6,A,E,17.6,12.0,15.0,19,248,8,1.467,0.6,16.53,Mid-size,Ethanol (E85)
DODGE,CHALLENGER SRT DEMON,MID-SIZE,6.2,8,A,Z,17.6,10.7,14.5,19,339,8,1.645,0.775,23.38,Mid-size,Premium Gasoline
DODGE,CHARGER FFV,FULL-SIZE,3.6,6,A,X,13.7,9.0,11.6,24,271,5,1.522,0.6,23.36,Mid-size,Regular Gasoline
DODGE,CHARGER FFV,FULL-SIZE,3.6,6,A,E,18.9,12.7,16.1,18,268,5,1.488,0.6,16.65,Mid-size,Ethanol (E85)
DODGE,CHARGER FFV,FULL-SIZE,3.6,6,A,X,12.4,7.8,10.3,27,242,8,1.59,0.6,23.5,Mid-size,Regular Gasoline
DODGE,CHARGER FFV,FULL-SIZE,3.6,6,A,E,17.1,10.6,14.2,20,234,8,1.613,0.6,16.48,Mid-size,Ethanol (E85)
DODGE,CHARGER AWD (MDS),FULL-SIZE,5.7,8,A,X,16.0,10.1,13.3,21,312,5,1.584,0.712,23.46,Mid-size,Regular Gasoline
DODGE,DURANGO AWD,SUV - STANDARD,5.7,8,A,X,16.7,10.9,14.1,20,331,8,1.532,0.712,23.48,SUV,Regular Gasoline
DODGE,DURANGO AWD SRT,SUV - STANDARD,6.4,8,A,Z,18.3,12.2,15.6,18,363,8,1.5,0.8,23.27,SUV,Premium Gasoline
FIAT,500,MINICOMPACT,1.4,4,A,X,9.7,7.4,8.7,32,202,6,1.311,0.35,23.22,Compact/Small,Regular Gasoline
FIAT,500,MINICOMPACT,1.4,4,M,X,8.4,7.0,7.8,36,182,5,1.2,0.35,23.33,Compact/Small,Regular Gasoline
FIAT,500 ABARTH,MINICOMPACT,1.4,4,A,X,9.7,7.4,8.7,32,202,6,1.311,0.35,23.22,Compact/Small,Regular Gasoline
FIAT,500 ABARTH,MINICOMPACT,1.4,4,M,X,8.4,7.0,7.8,36,182,5,1.2,0.35,23.33,Compact/Small,Regular Gasoline
FIAT,500X,SUV - SMALL,2.4,4,A,X,10.7,7.8,9.4,30,220,9,1.372,0.6,23.4,SUV,Regular Gasoline
FORD,ECOSPORT,SUV - SMALL,1.0,3,AS,X,8.6,8.1,8.4,34,195,6,1.062,0.333,23.21,SUV,Regular Gasoline
FORD,ECOSPORT AWD,SUV - SMALL,2.0,4,AS,X,10.2,8.0,9.3,30,217,6,1.275,0.5,23.33,SUV,Regular Gasoline
FORD,EDGE (Start/Stop),SUV - SMALL,2.0,4,AS,X,11.3,8.0,9.9,29,231,6,1.412,0.5,23.33,SUV,Regular Gasoline
FORD,EDGE AWD,SUV - SMALL,2.0,4,AS,X,11.9,8.7,10.5,27,246,6,1.368,0.5,23.43,SUV,Regular Gasoline
FORD,EDGE AWD,SUV - SMALL,2.7,6,AS,X,13.8,9.8,12.0,24,282,6,1.408,0.45,23.5,SUV,Regular Gasoline
FORD,EDGE AWD,SUV - SMALL,3.5,6,AS,X,14.2,10.2,12.4,23,291,6,1.392,0.583,23.47,SUV,Regular Gasoline
FORD,ESCAPE FFV,SUV - SMALL,2.5,4,AS,E,15.2,10.9,13.3,21,219,6,1.394,0.625,16.47,SUV,Ethanol (E85)
FORD,ESCAPE AWD,SUV - SMALL,2.0,4,AS,X,11.5,8.8,10.3,27,241,6,1.307,0.5,23.4,SUV,Regular Gasoline
FORD,EXPEDITION 4X4,SUV - STANDARD,3.5,6,AS,X,13.8,10.7,12.4,23,291,10,1.29,0.583,23.47,SUV,Regular Gasoline
FORD,EXPEDITION MAX 4X4,SUV - STANDARD,3.5,6,AS,X,14.9,11.2,13.2,21,311,10,1.33,0.583,23.56,SUV,Regular Gasoline
FORD,EXPLORER FFV,SUV - STANDARD,3.5,6,AS,X,13.9,9.8,12.1,23,283,6,1.418,0.583,23.39,SUV,Regular Gasoline
FORD,EXPLORER FFV,SUV - STANDARD,3.5,6,AS,E,18.7,13.0,16.2,17,269,6,1.438,0.583,16.6,SUV,Ethanol (E85)
FORD,EXPLORER AWD,SUV - STANDARD,2.3,4,AS,X,13.1,9.2,11.4,25,267,6,1.424,0.575,23.42,SUV,Regular Gasoline
FORD,EXPLORER FFV AWD,SUV - STANDARD,3.5,6,AS,X,14.5,10.6,12.7,22,299,6,1.368,0.583,23.54,SUV,Regular Gasoline
FORD,EXPLORER FFV AWD,SUV - STANDARD,3.5,6,AS,E,19.7,14.3,17.3,16,288,6,1.378,0.583,16.65,SUV,Ethanol (E85)
FORD,F-150,PICKUP TRUCK - STANDARD,2.7,6,AS,X,11.9,9.0,10.6,27,249,10,1.322,0.45,23.49,Truck/Van,Regular Gasoline
FORD,F-150 (LT Tire Pkg),PICKUP TRUCK - STANDARD,2.7,6,AS,X,12.0,9.4,10.8,26,253,10,1.277,0.45,23.43,Truck/Van,Regular Gasoline
FORD,F-150 (Payload Pkg),PICKUP TRUCK - STANDARD,2.7,6,AS,X,12.3,9.4,11.0,26,258,10,1.309,0.45,23.45,Truck/Van,Regular Gasoline
FORD,F-150,PICKUP TRUCK - STANDARD,3.0,6,AS,D,10.8,8.0,9.5,30,256,10,1.35,0.5,26.95,Truck/Van,Diesel
FORD,F-150 (LT Tire Pkg),PICKUP TRUCK - STANDARD,3.0,6,AS,D,10.8,8.4,9.7,29,260,10,1.286,0.5,26.8,Truck/Van,Diesel
FORD,F-150,PICKUP TRUCK - STANDARD,3.3,6,AS,X,12.3,9.4,11.0,26,259,6,1.309,0.55,23.55,Truck/Van,Regular Gasoline
FORD,F-150 FFV,PICKUP TRUCK - STANDARD,3.3,6,AS,X,12.3,9.3,10.9,26,257,6,1.323,0.55,23.58,Truck/Van,Regular Gasoline
FORD,F-150 FFV,PICKUP TRUCK - STANDARD,3.3,6,AS,E,16.8,12.7,14.9,19,248,6,1.323,0.55,16.64,Truck/Van,Ethanol (E85)
FORD,F-150 (LT Tire Pkg),PICKUP TRUCK - STANDARD,3.3,6,AS,X,12.4,9.8,11.2,25,263,6,1.265,0.55,23.48,Truck/Van,Regular Gasoline
FORD,F-150 FFV (LT Tire Pkg),PICKUP TRUCK - STANDARD,3.3,6,AS,X,12.4,9.8,11.2,25,263,6,1.265,0.55,23.48,Truck/Van,Regular Gasoline
FORD,F-150 FFV (LT Tire Pkg),PICKUP TRUCK - STANDARD,3.3,6,AS,E,16.8,12.7,14.9,19,248,6,1.323,0.55,16.64,Truck/Van,Ethanol (E85)
FORD,F-150,PICKUP TRUCK - STANDARD,3.5,6,AS,X,13.6,10.1,12.0,24,282,10,1.347,0.583,23.5,Truck/Van,Regular Gasoline
FORD,F-150 (LT Tire Pkg),PICKUP TRUCK - STANDARD,3.5,6,AS,X,13.6,10.7,12.3,23,288,10,1.271,0.583,23.41,Truck/Van,Regular Gasoline
FORD,F-150 (Payload Pkg),PICKUP TRUCK - STANDARD,3.5,6,AS,X,13.7,11.2,12.5,23,293,10,1.223,0.583,23.44,Truck/Van,Regular Gasoline
FORD,F-150,PICKUP TRUCK - STANDARD,5.0,8,AS,X,14.1,10.4,12.4,23,292,10,1.356,0.625,23.55,Truck/Van,Regular Gasoline
FORD,F-150 FFV,PICKUP TRUCK - STANDARD,5.0,8,AS,X,13.9,10.2,12.2,23,286,10,1.363,0.625,23.44,Truck/Van,Regular Gasoline
FORD,F-150 FFV,PICKUP TRUCK - STANDARD,5.0,8,AS,E,20.2,14.0,17.4,16,288,10,1.443,0.625,16.55,Truck/Van,Ethanol (E85)
FORD,F-150 (LT Tire Pkg),PICKUP TRUCK - STANDARD,5.0,8,AS,X,14.7,11.2,13.1,22,308,10,1.312,0.625,23.51,Truck/Van,Regular Gasoline
FORD,F-150 FFV (LT Tire Pkg),PICKUP TRUCK - STANDARD,5.0,8,AS,X,14.7,11.2,13.1,22,307,10,1.312,0.625,23.44,Truck/Van,Regular Gasoline
FORD,F-150 FFV (LT Tire Pkg),PICKUP TRUCK - STANDARD,5.0,8,AS,E,20.2,14.0,17.4,16,288,10,1.443,0.625,16.55,Truck/Van,Ethanol (E85)
FORD,F-150 (Payload Pkg),PICKUP TRUCK - STANDARD,5.0,8,AS,X,14.7,11.8,13.8,20,324,10,1.246,0.625,23.48,Truck/Van,Regular Gasoline
FORD,F-150 FFV (Payload Pkg),PICKUP TRUCK - STANDARD,5.0,8,AS,X,14.7,11.8,13.8,20,323,10,1.246,0.625,23.41,Truck/Van,Regular Gasoline
FORD,F-150 FFV (Payload Pkg),PICKUP TRUCK - STANDARD,5.0,8,AS,E,20.3,14.0,17.4,16,288,10,1.45,0.625,16.55,Truck/Van,Ethanol (E85)
FORD,F-150 4X4,PICKUP TRUCK - STANDARD,2.7,6,AS,X,12.6,9.8,11.3,25,265,10,1.286,0.45,23.45,Truck/Van,Regular Gasoline
FORD,F-150 4X4 (LT Tire Pkg),PICKUP TRUCK - STANDARD,2.7,6,AS,X,13.1,10.2,11.8,24,277,10,1.284,0.45,23.47,Truck/Van,Regular Gasoline
FORD,F-150 4X4 (Payload Pkg),PICKUP TRUCK - STANDARD,2.7,6,AS,X,13.1,9.8,11.6,24,272,10,1.337,0.45,23.45,Truck/Van,Regular Gasoline
FORD,F-150 4X4,PICKUP TRUCK - STANDARD,3.0,6,AS,D,11.8,9.3,10.7,26,288,10,1.269,0.5,26.92,Truck/Van,Diesel
FORD,F-150 4X4 (LT Tire Pkg),PICKUP TRUCK - STANDARD,3.0,6,AS,D,11.8,9.3,10.7,26,288,10,1.269,0.5,26.92,Truck/Van,Diesel
FORD,F-150 4X4 XL/XLT,PICKUP TRUCK - STANDARD,3.0,6,AS,D,11.2,8.4,9.9,29,266,10,1.333,0.5,26.87,Truck/Van,Diesel
FORD,F-150 4X4,PICKUP TRUCK - STANDARD,3.3,6,AS,X,13.0,10.3,11.8,24,277,6,1.262,0.55,23.47,Truck/Van,Regular Gasoline
FORD,F-150 FFV 4X4,PICKUP TRUCK - STANDARD,3.3,6,AS,X,12.9,10.2,11.7,24,273,6,1.265,0.55,23.33,Truck/Van,Regular Gasoline
FORD,F-150 FFV 4X4,PICKUP TRUCK - STANDARD,3.3,6,AS,E,17.6,13.7,15.8,18,263,6,1.285,0.55,16.65,Truck/Van,Ethanol (E85)
FORD,F-150 4X4 (LT Tire Pkg),PICKUP TRUCK - STANDARD,3.3,6,AS,X,13.8,10.7,12.4,23,291,6,1.29,0.55,23.47,Truck/Van,Regular Gasoline
FORD,F-150 FFV 4X4 (LT Tire Pkg),PICKUP TRUCK - STANDARD,3.3,6,AS,X,13.8,10.7,12.4,23,291,6,1.29,0.55,23.47,Truck/Van,Regular Gasoline
FORD,F-150 FFV 4X4 (LT Tire Pkg),PICKUP TRUCK - STANDARD,3.3,6,AS,E,17.5,13.7,15.8,18,262,6,1.277,0.55,16.58,Truck/Van,Ethanol (E85)
FORD,F-150 4X4,PICKUP TRUCK - STANDARD,3.5,6,AS,X,14.3,10.5,12.6,22,295,10,1.362,0.583,23.41,Truck/Van,Regular Gasoline
FORD,F-150 4X4 (LT Tire Pkg),PICKUP TRUCK - STANDARD,3.5,6,AS,X,14.4,10.6,12.7,22,297,10,1.358,0.583,23.39,Truck/Van,Regular Gasoline
FORD,F-150 4X4 (Payload Pkg),PICKUP TRUCK - STANDARD,3.5,6,AS,X,14.5,11.2,13.0,22,305,10,1.295,0.583,23.46,Truck/Van,Regular Gasoline
FORD,F-150 4X4,PICKUP TRUCK - STANDARD,5.0,8,AS,X,14.6,10.9,13.0,22,304,10,1.339,0.625,23.38,Truck/Van,Regular Gasoline
FORD,F-150 FFV 4X4,PICKUP TRUCK - STANDARD,5.0,8,AS,X,15.1,11.0,13.3,21,311,10,1.373,0.625,23.38,Truck/Van,Regular Gasoline
FORD,F-150 FFV 4X4,PICKUP TRUCK - STANDARD,5.0,8,AS,E,20.0,15.6,18.0,16,300,10,1.282,0.625,16.67,Truck/Van,Ethanol (E85)
FORD,F-150 4X4 (LT Tire Pkg),PICKUP TRUCK - STANDARD,5.0,8,AS,X,14.7,11.8,13.8,20,324,10,1.246,0.625,23.48,Truck/Van,Regular Gasoline
FORD,F-150 FFV 4X4 (LT Tire Pkg),PICKUP TRUCK - STANDARD,5.0,8,AS,X,15.1,11.8,13.8,20,324,10,1.28,0.625,23.48,Truck/Van,Regular Gasoline
FORD,F-150 FFV 4X4 (LT Tire Pkg),PICKUP TRUCK - STANDARD,5.0,8,AS,E,20.0,15.6,18.0,16,300,10,1.282,0.625,16.67,Truck/Van,Ethanol (E85)
FORD,F-150 4X4 (Payload Pkg),PICKUP TRUCK - STANDARD,5.0,8,AS,X,15.7,12.4,14.2,20,334,10,1.266,0.625,23.52,Truck/Van,Regular Gasoline
FORD,F-150 FFV 4X4 (Payload Pkg),PICKUP TRUCK - STANDARD,5.0,8,AS,X,16.1,12.4,14.5,19,339,10,1.298,0.625,23.38,Truck/Van,Regular Gasoline
FORD,F-150 FFV 4X4 (Payload Pkg),PICKUP TRUCK - STANDARD,5.0,8,AS,E,21.4,17.2,19.5,14,325,10,1.244,0.625,16.67,Truck/Van,Ethanol (E85)
FORD,F-150 RAPTOR 4WD,PICKUP TRUCK - STANDARD,3.5,6,AS,X,15.6,13.2,14.5,19,339,10,1.182,0.583,23.38,Truck/Van,Regular Gasoline
FORD,FIESTA,SUBCOMPACT,1.6,4,AM,X,8.6,6.4,7.6,37,179,6,1.344,0.4,23.55,Compact/Small,Regular Gasoline
FORD,FIESTA ST,SUBCOMPACT,1.6,4,M,X,9.0,7.1,8.2,34,192,6,1.268,0.4,23.41,Compact/Small,Regular Gasoline
FORD,FOCUS,COMPACT,1.0,3,AS,X,8.5,6.2,7.5,38,176,6,1.371,0.333,23.47,Compact/Small,Regular Gasoline
FORD,FOCUS,COMPACT,1.0,3,M,X,7.9,5.9,7.0,40,164,6,1.339,0.333,23.43,Compact/Small,Regular Gasoline
FORD,FOCUS,COMPACT,2.0,4,AM,X,8.9,6.1,7.7,37,179,6,1.459,0.5,23.25,Compact/Small,Regular Gasoline
FORD,FOCUS,COMPACT,2.0,4,AS,X,9.8,7.0,8.5,33,200,6,1.4,0.5,23.53,Compact/Small,Regular Gasoline
FORD,FOCUS,COMPACT,2.0,4,M,X,9.5,6.9,8.3,34,196,5,1.377,0.5,23.61,Compact/Small,Regular Gasoline
FORD,FOCUS RS AWD,MID-SIZE,2.3,4,M,Z,12.2,9.0,10.8,26,252,6,1.356,0.575,23.33,Mid-size,Premium Gasoline
FORD,FUSION,MID-SIZE,1.5,4,AS,X,10.0,7.0,8.7,32,203,6,1.429,0.375,23.33,Mid-size,Regular Gasoline
FORD,FUSION,MID-SIZE,2.5,4,A,X,11.3,7.4,9.5,30,223,6,1.527,0.625,23.47,Mid-size,Regular Gasoline
FORD,FUSION AWD,MID-SIZE,2.0,4,AS,X,11.8,8.2,10.2,28,238,6,1.439,0.5,23.33,Mid-size,Regular Gasoline
FORD,FUSION AWD,MID-SIZE,2.7,6,AS,X,13.8,9.1,11.8,24,277,6,1.516,0.45,23.47,Mid-size,Regular Gasoline
FORD,FUSION HYBRID,MID-SIZE,2.0,4,AV,X,5.5,5.6,5.6,50,131,,0.982,0.5,23.39,Mid-size,Regular Gasoline
FORD,GT,TWO-SEATER,3.5,6,AM,Z,20.4,13.1,17.1,17,403,7,1.557,0.583,23.57,Compact/Small,Premium Gasoline
FORD,MUSTANG,SUBCOMPACT,2.3,4,AS,X,11.0,7.4,9.4,30,219,10,1.486,0.575,23.3,Compact/Small,Regular Gasoline
FORD,MUSTANG (Performance Pkg),SUBCOMPACT,2.3,4,AS,X,11.8,8.1,10.1,28,236,10,1.457,0.575,23.37,Compact/Small,Regular Gasoline
FORD,MUSTANG,SUBCOMPACT,2.3,4,M,X,11.0,7.7,9.5,30,222,6,1.429,0.575,23.37,Compact/Small,Regular Gasoline
FORD,MUSTANG (Performance Pkg),SUBCOMPACT,2.3,4,M,X,11.8,8.4,10.3,27,240,6,1.405,0.575,23.3,Compact/Small,Regular Gasoline
FORD,MUSTANG,SUBCOMPACT,5.0,8,AS,X,15.1,9.3,12.5,23,291,10,1.624,0.625,23.28,Compact/Small,Regular Gasoline
FORD,MUSTANG,SUBCOMPACT,5.0,8,M,X,15.5,9.5,12.8,22,300,6,1.632,0.625,23.44,Compact/Small,Regular Gasoline
FORD,MUSTANG CONVERTIBLE,SUBCOMPACT,2.3,4,AS,X,11.8,8.2,10.2,28,238,10,1.439,0.575,23.33,Compact/Small,Regular Gasoline
FORD,MUSTANG CONVERTIBLE,SUBCOMPACT,2.3,4,M,X,11.8,8.4,10.3,27,240,6,1.405,0.575,23.3,Compact/Small,Regular Gasoline
FORD,MUSTANG CONVERTIBLE,SUBCOMPACT,5.0,8,AS,X,15.5,10.0,13.1,22,305,10,1.55,0.625,23.28,Compact/Small,Regular Gasoline
FORD,T-150 WAGON,VAN - PASSENGER,3.5,6,AS,X,16.2,12.8,14.7,19,345,6,1.266,0.583,23.47,Truck/Van,Regular Gasoline
FORD,T-150 WAGON,VAN - PASSENGER,3.7,6,AS,X,16.8,13.1,15.1,19,354,6,1.282,0.617,23.44,Truck/Van,Regular Gasoline
FORD,TAURUS AWD,FULL-SIZE,3.5,6,AS,X,14.6,10.0,12.5,23,294,6,1.46,0.583,23.52,Mid-size,Regular Gasoline
FORD,TRANSIT CONNECT VAN FFV,SPECIAL PURPOSE VEHICLE,2.5,4,AS,E,16.2,11.9,14.3,20,234,6,1.361,0.625,16.36,Other,Ethanol (E85)
FORD,TRANSIT CONNECT WAGON LWB FFV,SPECIAL PURPOSE VEHICLE,2.5,4,AS,X,12.3,8.8,10.7,26,251,6,1.398,0.625,23.46,Other,Regular Gasoline
FORD,TRANSIT CONNECT WAGON LWB FFV,SPECIAL PURPOSE VEHICLE,2.5,4,AS,E,16.8,12.1,14.7,19,241,6,1.388,0.625,16.39,Other,Ethanol (E85)
GENESIS,G80 AWD,FULL-SIZE,3.3,6,AS,Z,13.8,9.7,11.9,24,282,8,1.423,0.55,23.7,Mid-size,Premium Gasoline
GENESIS,G80 AWD,FULL-SIZE,3.8,6,AS,X,13.4,9.6,11.7,24,276,8,1.396,0.633,23.59,Mid-size,Regular Gasoline
GENESIS,G80 AWD,FULL-SIZE,5.0,8,AS,Z,15.6,10.4,13.2,21,312,8,1.5,0.625,23.64,Mid-size,Premium Gasoline
GMC,ACADIA,SUV - STANDARD,3.6,6,A,X,13.1,9.4,11.4,25,268,6,1.394,0.6,23.51,SUV,Regular Gasoline
GMC,ACADIA AWD,SUV - STANDARD,3.6,6,A,X,13.5,9.5,11.7,24,275,6,1.421,0.6,23.5,SUV,Regular Gasoline
GMC,CANYON,PICKUP TRUCK - SMALL,2.5,4,A,X,12.1,9.2,10.8,26,253,6,1.315,0.625,23.43,Truck/Van,Regular Gasoline
GMC,CANYON,PICKUP TRUCK - SMALL,2.5,4,M,X,11.9,9.2,10.7,26,251,6,1.293,0.625,23.46,Truck/Van,Regular Gasoline
GMC,CANYON,PICKUP TRUCK - SMALL,2.8,4,A,D,10.8,8.0,9.6,29,257,6,1.35,0.7,26.77,Truck/Van,Diesel
GMC,CANYON 4WD,PICKUP TRUCK - SMALL,2.5,4,A,X,12.6,9.8,11.3,25,266,6,1.286,0.625,23.54,Truck/Van,Regular Gasoline
GMC,CANYON 4WD,PICKUP TRUCK - SMALL,2.8,4,A,D,12.1,8.3,10.4,27,279,6,1.458,0.7,26.83,Truck/Van,Diesel
GMC,CANYON 4WD,PICKUP TRUCK - SMALL,3.6,6,A,X,14.1,10.0,12.2,23,288,8,1.41,0.6,23.61,Truck/Van,Regular Gasoline
GMC,SIERRA FFV,PICKUP TRUCK - STANDARD,4.3,6,A,X,13.4,10.0,11.8,24,278,6,1.34,0.717,23.56,Truck/Van,Regular Gasoline
GMC,SIERRA,PICKUP TRUCK - STANDARD,5.3,8,A,X,14.6,10.3,12.7,22,298,6,1.417,0.662,23.46,Truck/Van,Regular Gasoline
GMC,SIERRA FFV,PICKUP TRUCK - STANDARD,5.3,8,A,E,19.7,13.9,17.0,17,283,6,1.417,0.662,16.65,Truck/Van,Ethanol (E85)
GMC,SIERRA,PICKUP TRUCK - STANDARD,5.3,8,A,X,14.9,10.9,13.1,22,307,8,1.367,0.662,23.44,Truck/Van,Regular Gasoline
GMC,SIERRA eASSIST,PICKUP TRUCK - STANDARD,5.3,8,A,X,13.4,10.0,11.8,24,278,8,1.34,0.662,23.56,Truck/Van,Regular Gasoline
GMC,SIERRA 4WD FFV,PICKUP TRUCK - STANDARD,4.3,6,A,E,20.2,15.2,18.0,16,296,6,1.329,0.717,16.44,Truck/Van,Ethanol (E85)
GMC,SIERRA 4WD FFV,PICKUP TRUCK - STANDARD,5.3,8,A,E,21.0,15.0,18.3,15,309,6,1.4,0.662,16.89,Truck/Van,Ethanol (E85)
GMC,SIERRA 4WD,PICKUP TRUCK - STANDARD,5.3,8,A,X,15.6,11.6,13.8,20,324,8,1.345,0.662,23.48,Truck/Van,Regular Gasoline
GMC,SIERRA 4WD,PICKUP TRUCK - STANDARD,6.2,8,A,Z,16.0,11.7,14.1,20,331,8,1.368,0.775,23.48,Truck/Van,Premium Gasoline
GMC,TERRAIN,SUV - SMALL,1.5,4,A,X,9.2,7.9,8.6,33,201,9,1.165,0.375,23.37,SUV,Regular Gasoline
GMC,TERRAIN,SUV - SMALL,1.6,4,A,D,8.5,6.0,7.4,38,198,6,1.417,0.4,26.76,SUV,Diesel
GMC,TERRAIN AWD,SUV - SMALL,1.5,4,A,X,9.6,8.3,9.0,31,210,9,1.157,0.375,23.33,SUV,Regular Gasoline
GMC,TERRAIN AWD,SUV - SMALL,1.6,4,A,D,8.5,6.1,7.4,38,198,6,1.393,0.4,26.76,SUV,Diesel
GMC,TERRAIN AWD,SUV - SMALL,2.0,4,A,Z,11.2,9.0,10.2,28,239,9,1.244,0.5,23.43,SUV,Premium Gasoline
GMC,YUKON FFV,SUV - STANDARD,5.3,8,A,E,19.8,13.9,17.2,16,285,6,1.424,0.662,16.57,SUV,Ethanol (E85)
GMC,YUKON 4WD,SUV - STANDARD,6.2,8,A,Z,16.4,10.7,13.8,20,325,10,1.533,0.775,23.55,SUV,Premium Gasoline
GMC,YUKON XL FFV,SUV - STANDARD,5.3,8,A,E,19.8,13.9,17.2,16,285,6,1.424,0.662,16.57,SUV,Ethanol (E85)
GMC,YUKON XL 4WD,SUV - STANDARD,5.3,8,A,X,15.3,10.9,13.3,21,313,6,1.404,0.662,23.53,SUV,Regular Gasoline
GMC,YUKON XL 4WD FFV,SUV - STANDARD,5.3,8,A,X,15.3,10.9,13.3,21,312,6,1.404,0.662,23.46,SUV,Regular Gasoline
GMC,YUKON XL 4WD FFV,SUV - STANDARD,5.3,8,A,E,22.3,15.7,19.3,15,321,6,1.42,0.662,16.63,SUV,Ethanol (E85)
GMC,YUKON XL 4WD,SUV - STANDARD,6.2,8,A,Z,17.1,11.3,14.5,19,340,10,1.513,0.775,23.45,SUV,Premium Gasoline
HONDA,ACCORD,FULL-SIZE,1.5,4,AV,X,7.9,6.3,7.2,39,168,,1.254,0.375,23.33,Mid-size,Regular Gasoline
HONDA,ACCORD,FULL-SIZE,1.5,4,AV,X,8.2,6.8,7.6,37,177,7,1.206,0.375,23.29,Mid-size,Regular Gasoline
HONDA,ACCORD,FULL-SIZE,1.5,4,M,X,8.9,6.7,7.9,36,185,6,1.328,0.375,23.42,Mid-size,Regular Gasoline
HONDA,ACCORD,FULL-SIZE,2.0,4,M,X,10.7,7.3,9.2,31,214,6,1.466,0.5,23.26,Mid-size,Regular Gasoline
HONDA,ACCORD SPORT/TOURING,MID-SIZE,2.0,4,AS,X,10.4,7.4,9.1,31,211,10,1.405,0.5,23.19,Mid-size,Regular Gasoline
HONDA,ACCORD HYBRID,FULL-SIZE,2.0,4,AV,X,5.0,5.1,5.1,55,118,,0.98,0.5,23.14,Mid-size,Regular Gasoline
HONDA,CIVIC COUPE,COMPACT,1.5,4,AV,X,7.5,5.9,6.8,42,158,,1.271,0.375,23.24,Compact/Small,Regular Gasoline
HONDA,CIVIC COUPE,COMPACT,1.5,4,M,X,7.7,5.7,6.8,42,158,6,1.351,0.375,23.24,Compact/Small,Regular Gasoline
HONDA,CIVIC COUPE Si,COMPACT,1.5,4,M,Z,8.4,6.2,7.4,38,173,6,1.355,0.375,23.38,Compact/Small,Premium Gasoline
HONDA,CIVIC HATCHBACK SPORT,FULL-SIZE,1.5,4,AV,Z,7.9,6.6,7.3,39,170,7,1.197,0.375,23.29,Mid-size,Premium Gasoline
HONDA,CIVIC HATCHBACK SPORT,FULL-SIZE,1.5,4,M,Z,8.0,6.2,7.2,39,167,6,1.29,0.375,23.19,Mid-size,Premium Gasoline
HONDA,CIVIC SEDAN Si,MID-SIZE,1.5,4,M,Z,8.4,6.2,7.4,38,173,6,1.355,0.375,23.38,Mid-size,Premium Gasoline
HONDA,CIVIC TYPE R,FULL-SIZE,2.0,4,M,Z,10.6,8.3,9.6,29,224,6,1.277,0.5,23.33,Mid-size,Premium Gasoline
HONDA,FIT,STATION WAGON - SMALL,1.5,4,AV,X,7.0,5.9,6.5,43,151,,1.186,0.375,23.23,Mid-size,Regular Gasoline
HONDA,FIT,STATION WAGON - SMALL,1.5,4,AV,X,7.6,6.5,7.0,40,166,7,1.169,0.375,23.71,Mid-size,Regular Gasoline
HONDA,ODYSSEY,MINIVAN,3.5,6,AS,X,12.6,8.4,10.7,26,252,9,1.5,0.583,23.55,Truck/Van,Regular Gasoline
HONDA,ODYSSEY TOURING,MINIVAN,3.5,6,AS,X,12.2,8.5,10.6,27,247,10,1.435,0.583,23.3,Truck/Van,Regular Gasoline
HYUNDAI,ELANTRA,MID-SIZE,1.6,4,AM,X,8.9,7.0,8.1,35,189,7,1.271,0.4,23.33,Mid-size,Regular Gasoline
HYUNDAI,ACCENT,COMPACT,1.6,4,AS,X,8.3,6.2,7.4,38,173,6,1.339,0.4,23.38,Compact/Small,Regular Gasoline
HYUNDAI,ACCENT,COMPACT,1.6,4,M,X,8.2,6.3,7.3,39,173,6,1.302,0.4,23.7,Compact/Small,Regular Gasoline
HYUNDAI,ELANTRA,MID-SIZE,1.6,4,M,X,10.7,7.8,9.4,30,221,6,1.372,0.4,23.51,Mid-size,Regular Gasoline
HYUNDAI,ELANTRA,MID-SIZE,2.0,4,M,X,9.3,6.4,8.0,35,188,6,1.453,0.5,23.5,Mid-size,Regular Gasoline
HYUNDAI,ELANTRA GT,FULL-SIZE,1.6,4,AM,X,9.2,7.1,8.3,34,194,7,1.296,0.4,23.37,Mid-size,Regular Gasoline
HYUNDAI,ELANTRA GT,FULL-SIZE,1.6,4,M,X,10.7,8.1,9.6,29,226,6,1.321,0.4,23.54,Mid-size,Regular Gasoline
HYUNDAI,ELANTRA GT,FULL-SIZE,2.0,4,AS,X,9.4,7.2,8.4,34,198,6,1.306,0.5,23.57,Mid-size,Regular Gasoline
HYUNDAI,ELANTRA GT,FULL-SIZE,2.0,4,M,X,9.8,7.3,8.7,32,205,6,1.342,0.5,23.56,Mid-size,Regular Gasoline
HYUNDAI,IONIQ,FULL-SIZE,1.6,4,AM,X,4.3,4.4,4.3,66,102,6,0.977,0.4,23.72,Mid-size,Regular Gasoline
HYUNDAI,KONA,SUV - SMALL,2.0,4,AS,X,8.6,7.0,7.9,36,186,6,1.229,0.5,23.54,SUV,Regular Gasoline
HYUNDAI,KONA AWD,SUV - SMALL,1.6,4,AM,X,9.0,8.0,8.6,33,201,7,1.125,0.4,23.37,SUV,Regular Gasoline
HYUNDAI,KONA AWD,SUV - SMALL,2.0,4,AS,X,9.2,7.8,8.6,33,202,6,1.179,0.5,23.49,SUV,Regular Gasoline
HYUNDAI,SANTA FE SPORT ULTIMATE AWD,SUV - SMALL,2.0,4,AS,X,12.5,9.6,11.2,25,264,6,1.302,0.5,23.57,SUV,Regular Gasoline
HYUNDAI,SONATA,FULL-SIZE,2.0,4,AS,X,10.4,7.4,9.1,31,212,8,1.405,0.5,23.3,Mid-size,Regular Gasoline
HYUNDAI,SONATA,FULL-SIZE,2.4,4,AS,X,9.8,6.9,8.5,33,202,6,1.42,0.6,23.76,Mid-size,Regular Gasoline
HYUNDAI,SONATA HYBRID,MID-SIZE,2.0,4,AM,X,6.0,5.3,5.7,50,135,6,1.132,0.5,23.68,Mid-size,Regular Gasoline
HYUNDAI,SONATA HYBRID SE,MID-SIZE,2.0,4,AM,X,5.9,5.1,5.6,50,132,6,1.157,0.5,23.57,Mid-size,Regular Gasoline
HYUNDAI,TUCSON AWD,SUV - SMALL,1.6,4,AM,X,9.9,8.5,9.3,30,221,7,1.165,0.4,23.76,SUV,Regular Gasoline
INFINITI,Q50 AWD,MID-SIZE,2.0,4,AS,Z,10.7,8.6,9.7,29,228,7,1.244,0.5,23.51,Mid-size,Premium Gasoline
INFINITI,Q50 AWD,MID-SIZE,3.0,6,AS,Z,12.4,8.7,10.8,26,253,7,1.425,0.5,23.43,Mid-size,Premium Gasoline
INFINITI,Q50 AWD RED SPORT,MID-SIZE,3.0,6,AS,Z,12.5,9.3,11.1,25,260,7,1.344,0.5,23.42,Mid-size,Premium Gasoline
INFINITI,Q60 AWD,SUBCOMPACT,3.0,6,AS,Z,12.3,8.6,10.7,26,251,7,1.43,0.5,23.46,Compact/Small,Premium Gasoline
INFINITI,Q60 AWD RED SPORT,SUBCOMPACT,3.0,6,AS,Z,12.5,9.2,11.0,26,259,7,1.359,0.5,23.55,Compact/Small,Premium Gasoline
INFINITI,Q70 AWD,MID-SIZE,5.6,8,AS,Z,14.9,10.3,12.8,22,301,7,1.447,0.7,23.52,Mid-size,Premium Gasoline
INFINITI,QX60 AWD,SUV - SMALL,3.5,6,AV,Z,12.5,9.0,10.9,26,257,7,1.389,0.583,23.58,SUV,Premium Gasoline
JAGUAR,F-PACE 20d,SUV - SMALL,2.0,4,AS,D,8.9,7.2,8.1,35,218,8,1.236,0.5,26.91,SUV,Diesel
JAGUAR,F-PACE 25t,SUV - SMALL,2.0,4,AS,Z,10.7,8.8,9.9,29,227,8,1.216,0.5,22.93,SUV,Premium Gasoline
JAGUAR,F-TYPE CONVERTIBLE,TWO-SEATER,2.0,4,AS,Z,10.2,7.8,9.2,31,215,8,1.308,0.5,23.37,Compact/Small,Premium Gasoline
JAGUAR,F-TYPE CONVERTIBLE R-DYNAMIC,TWO-SEATER,3.0,6,AS,Z,12.4,8.8,10.8,26,253,8,1.409,0.5,23.43,Compact/Small,Premium Gasoline
JAGUAR,F-TYPE CONVERTIBLE R-DYNAMIC,TWO-SEATER,3.0,6,M,Z,15.3,10.0,12.9,22,302,6,1.53,0.5,23.41,Compact/Small,Premium Gasoline
JAGUAR,F-TYPE CONVERTIBLE R-DYNAMIC AWD,TWO-SEATER,3.0,6,AS,Z,13.0,9.2,11.3,25,265,8,1.413,0.5,23.45,Compact/Small,Premium Gasoline
JAGUAR,F-TYPE COUPE,TWO-SEATER,2.0,4,AS,Z,10.2,7.8,9.2,31,215,8,1.308,0.5,23.37,Compact/Small,Premium Gasoline
JAGUAR,F-TYPE COUPE R-DYNAMIC,TWO-SEATER,3.0,6,AS,Z,12.4,8.8,10.8,26,253,8,1.409,0.5,23.43,Compact/Small,Premium Gasoline
JAGUAR,F-TYPE COUPE R-DYNAMIC,TWO-SEATER,3.0,6,M,Z,15.3,10.0,12.9,22,302,6,1.53,0.5,23.41,Compact/Small,Premium Gasoline
JAGUAR,F-TYPE COUPE R-DYNAMIC AWD,TWO-SEATER,3.0,6,AS,Z,13.0,9.2,11.3,25,265,8,1.413,0.5,23.45,Compact/Small,Premium Gasoline
JAGUAR,F-TYPE R AWD CONVERTIBLE,TWO-SEATER,5.0,8,AS,Z,15.6,10.4,13.3,21,311,8,1.5,0.625,23.38,Compact/Small,Premium Gasoline
JAGUAR,F-TYPE R AWD COUPE,TWO-SEATER,5.0,8,AS,Z,15.6,10.4,13.3,21,311,8,1.5,0.625,23.38,Compact/Small,Premium Gasoline
JAGUAR,XE 25t AWD,COMPACT,2.0,4,AS,Z,9.8,6.9,8.5,33,200,8,1.42,0.5,23.53,Compact/Small,Premium Gasoline
JAGUAR,XF 25t AWD,MID-SIZE,2.0,4,AS,Z,10.1,7.2,8.8,32,207,8,1.403,0.5,23.52,Mid-size,Premium Gasoline
JAGUAR,XJ R-SPORT AWD,FULL-SIZE,3.0,6,AS,Z,14.0,9.0,11.8,24,276,8,1.556,0.5,23.39,Mid-size,Premium Gasoline
JAGUAR,XJL PORTFOLIO AWD,FULL-SIZE,3.0,6,AS,Z,14.0,9.4,11.9,24,280,8,1.489,0.5,23.53,Mid-size,Premium Gasoline
JAGUAR,XJR LWB,FULL-SIZE,5.0,8,AS,Z,15.8,10.3,13.3,21,313,8,1.534,0.625,23.53,Mid-size,Premium Gasoline
JEEP,CHEROKEE FFV,SUV - SMALL,2.4,4,A,X,11.0,7.8,9.6,29,225,9,1.41,0.6,23.44,SUV,Regular Gasoline
JEEP,CHEROKEE FFV,SUV - SMALL,2.4,4,A,E,15.5,10.5,13.3,21,218,9,1.476,0.6,16.39,SUV,Ethanol (E85)
JEEP,CHEROKEE 4X4 ACTIVE DRIVE I FFV,SUV - SMALL,2.4,4,A,X,11.3,8.4,10.0,28,235,9,1.345,0.6,23.5,SUV,Regular Gasoline
JEEP,CHEROKEE 4X4 ACTIVE DRIVE I FFV,SUV - SMALL,2.4,4,A,E,16.3,11.3,14.0,20,231,9,1.442,0.6,16.5,SUV,Ethanol (E85)
JEEP,CHEROKEE 4X4 ACTIVE DRIVE II,SUV - SMALL,2.4,4,A,X,11.4,8.7,10.2,28,239,9,1.31,0.6,23.43,SUV,Regular Gasoline
JEEP,COMPASS,SUV - SMALL,2.4,4,A,X,10.6,7.6,9.3,30,218,6,1.395,0.6,23.44,SUV,Regular Gasoline
JEEP,COMPASS,SUV - SMALL,2.4,4,M,X,10.4,7.3,9.0,31,211,6,1.425,0.6,23.44,SUV,Regular Gasoline
JEEP,COMPASS 4X4,SUV - SMALL,2.4,4,A,X,10.8,7.8,9.5,30,222,9,1.385,0.6,23.37,SUV,Regular Gasoline
JEEP,COMPASS 4X4,SUV - SMALL,2.4,4,M,X,10.8,7.6,9.4,30,221,6,1.421,0.6,23.51,SUV,Regular Gasoline
JEEP,GRAND CHEROKEE 4X4,SUV - STANDARD,3.0,6,A,D,11.2,8.5,10.0,28,268,8,1.318,0.5,26.8,SUV,Diesel
JEEP,GRAND CHEROKEE 4X4,SUV - STANDARD,5.7,8,A,X,16.7,10.9,14.1,20,331,8,1.532,0.712,23.48,SUV,Regular Gasoline
JEEP,GRAND CHEROKEE 4X4 SRT,SUV - STANDARD,6.4,8,A,Z,18.3,12.6,15.7,18,368,8,1.452,0.8,23.44,SUV,Premium Gasoline
JEEP,GRAND CHEROKEE 4X4 TRACKHAWK,SUV - STANDARD,6.2,8,A,Z,20.9,13.8,17.7,16,413,8,1.514,0.775,23.33,SUV,Premium Gasoline
JEEP,NEW WRANGLER 4X4,SUV - SMALL,2.0,4,A,X,10.5,9.4,10.0,28,233,8,1.117,0.5,23.3,SUV,Regular Gasoline
JEEP,NEW WRANGLER 4X4,SUV - SMALL,3.6,6,A,X,12.8,10.4,11.8,24,274,8,1.231,0.6,23.22,SUV,Regular Gasoline
JEEP,NEW WRANGLER 4X4,SUV - SMALL,3.6,6,M,X,13.7,9.6,11.8,24,277,6,1.427,0.6,23.47,SUV,Regular Gasoline
JEEP,NEW WRANGLER UNLIMITED 4X4,SUV - SMALL,2.0,4,A,X,10.9,10.0,10.5,27,245,8,1.09,0.5,23.33,SUV,Regular Gasoline
JEEP,NEW WRANGLER UNLIMITED 4X4,SUV - SMALL,3.6,6,A,X,12.9,10.2,11.7,24,275,8,1.265,0.6,23.5,SUV,Regular Gasoline
JEEP,NEW WRANGLER UNLIMITED 4X4,SUV - SMALL,3.6,6,M,X,13.8,10.1,12.2,23,285,6,1.366,0.6,23.36,SUV,Regular Gasoline
JEEP,RENEGADE,SUV - SMALL,2.4,4,A,X,10.8,7.8,9.5,30,222,9,1.385,0.6,23.37,SUV,Regular Gasoline
JEEP,WRANGLER JK 4X4,SUV - SMALL,3.6,6,A,X,14.1,11.1,12.8,22,299,5,1.27,0.6,23.36,SUV,Regular Gasoline
JEEP,WRANGLER JK 4X4,SUV - SMALL,3.6,6,M,X,14.2,11.0,12.8,22,298,6,1.291,0.6,23.28,SUV,Regular Gasoline
JEEP,WRANGLER JK UNLIMITED 4X4,SUV - SMALL,3.6,6,A,X,14.7,11.7,13.4,21,313,5,1.256,0.6,23.36,SUV,Regular Gasoline
JEEP,WRANGLER JK UNLIMITED 4X4,SUV - SMALL,3.6,6,M,X,15.0,11.4,13.3,21,312,6,1.316,0.6,23.46,SUV,Regular Gasoline
KIA,FORTE (MPI),MID-SIZE,2.0,4,AS,X,8.0,6.1,7.1,40,168,6,1.311,0.5,23.66,Mid-size,Regular Gasoline
KIA,FORTE 5,FULL-SIZE,2.0,4,AS,X,9.4,7.0,8.3,34,197,6,1.343,0.5,23.73,Mid-size,Regular Gasoline
KIA,OPTIMA,FULL-SIZE,2.0,4,AS,X,10.9,7.6,9.4,30,224,6,1.434,0.5,23.83,Mid-size,Regular Gasoline
KIA,OPTIMA HYBRID,MID-SIZE,2.0,4,AM,X,6.0,5.1,5.6,50,132,6,1.176,0.5,23.57,Mid-size,Regular Gasoline
KIA,RIO,COMPACT,1.6,4,AS,X,8.5,6.4,7.5,38,177,6,1.328,0.4,23.6,Compact/Small,Regular Gasoline
KIA,RIO,COMPACT,1.6,4,M,X,8.3,6.4,7.5,38,175,6,1.297,0.4,23.33,Compact/Small,Regular Gasoline
KIA,SOUL,STATION WAGON - SMALL,1.6,4,AM,X,9.1,7.7,8.5,33,199,7,1.182,0.4,23.41,Mid-size,Regular Gasoline
KIA,SPORTAGE,SUV - SMALL,2.4,4,AS,X,10.3,7.8,9.2,31,218,6,1.321,0.6,23.7,SUV,Regular Gasoline
KIA,STINGER AWD,MID-SIZE,3.3,6,AS,Z,12.7,9.6,11.3,25,265,8,1.323,0.55,23.45,Mid-size,Premium Gasoline
LAMBORGHINI,AVENTADOR COUPE,TWO-SEATER,6.5,12,AM,Z,23.8,14.1,19.4,15,454,7,1.688,0.542,23.4,Compact/Small,Premium Gasoline
LAMBORGHINI,AVENTADOR ROADSTER,TWO-SEATER,6.5,12,AM,Z,24.2,14.5,19.8,14,464,7,1.669,0.542,23.43,Compact/Small,Premium Gasoline
LAMBORGHINI,AVENTADOR S COUPE,TWO-SEATER,6.5,12,AM,Z,23.8,14.1,19.4,15,454,7,1.688,0.542,23.4,Compact/Small,Premium Gasoline
LAMBORGHINI,AVENTADOR S ROADSTER,TWO-SEATER,6.5,12,AM,Z,24.2,14.5,19.8,14,464,7,1.669,0.542,23.43,Compact/Small,Premium Gasoline
LAMBORGHINI,HURACAN,TWO-SEATER,5.2,10,AM,Z,16.8,11.4,14.4,20,336,7,1.474,0.52,23.33,Compact/Small,Premium Gasoline
LAMBORGHINI,HURACAN AWD,TWO-SEATER,5.2,10,AM,Z,17.2,12.2,15.0,19,349,7,1.41,0.52,23.27,Compact/Small,Premium Gasoline
LAMBORGHINI,HURACAN SPYDER,TWO-SEATER,5.2,10,AM,Z,16.7,11.7,14.5,19,337,7,1.427,0.52,23.24,Compact/Small,Premium Gasoline
LAMBORGHINI,HURACAN SPYDER AWD,TWO-SEATER,5.2,10,AM,Z,17.2,12.3,15.0,19,350,7,1.398,0.52,23.33,Compact/Small,Premium Gasoline
LAND ROVER,DISCOVERY SPORT,SUV - SMALL,2.0,4,AS,Z,11.4,9.3,10.5,27,246,9,1.226,0.5,23.43,SUV,Premium Gasoline
LAND ROVER,RANGE ROVER EVOQUE,SUV - SMALL,2.0,4,AS,Z,10.9,8.0,9.6,29,225,9,1.362,0.5,23.44,SUV,Premium Gasoline
LAND ROVER,RANGE ROVER EVOQUE CONVERTIBLE,SUV - SMALL,2.0,4,AS,Z,11.2,8.2,9.8,29,231,9,1.366,0.5,23.57,SUV,Premium Gasoline
LAND ROVER,RANGE ROVER VELAR,SUV - SMALL,2.0,4,AS,D,9.2,7.8,8.5,33,229,8,1.179,0.5,26.94,SUV,Diesel
LAND ROVER,RANGE ROVER VELAR,SUV - SMALL,3.0,6,AS,Z,13.0,10.0,11.6,24,273,8,1.3,0.5,23.53,SUV,Premium Gasoline
LEXUS,GS 350 AWD,MID-SIZE,3.5,6,AS,Z,12.5,9.2,11.0,26,257,6,1.359,0.583,23.36,Mid-size,Premium Gasoline
LEXUS,IS 300,COMPACT,2.0,4,AS,Z,10.6,7.3,9.1,31,214,8,1.452,0.5,23.52,Compact/Small,Premium Gasoline
LEXUS,IS 300 AWD,COMPACT,3.5,6,AS,Z,12.3,9.1,10.9,26,254,6,1.352,0.583,23.3,Compact/Small,Premium Gasoline
LEXUS,IS 350 AWD,COMPACT,3.5,6,AS,Z,12.3,9.1,10.9,26,254,6,1.352,0.583,23.3,Compact/Small,Premium Gasoline
LEXUS,LC 500,SUBCOMPACT,5.0,8,AS,Z,14.7,9.2,12.2,23,286,10,1.598,0.625,23.44,Compact/Small,Premium Gasoline
LEXUS,LC 500h,SUBCOMPACT,3.5,6,AV,Z,8.9,7.0,8.0,35,187,10,1.271,0.583,23.38,Compact/Small,Premium Gasoline
LEXUS,LS 500,MID-SIZE,3.4,6,AS,Z,12.2,7.8,10.2,28,240,10,1.564,0.567,23.53,Mid-size,Premium Gasoline
LEXUS,LS 500 AWD,MID-SIZE,3.4,6,AS,Z,13.0,8.7,11.0,26,259,10,1.494,0.567,23.55,Mid-size,Premium Gasoline
LEXUS,LS 500h,MID-SIZE,3.5,6,AV,Z,9.4,7.1,8.4,34,195,10,1.324,0.583,23.21,Mid-size,Premium Gasoline
LEXUS,LS 500h AWD,MID-SIZE,3.5,6,AV,Z,10.3,7.6,9.1,31,211,10,1.355,0.583,23.19,Mid-size,Premium Gasoline
LEXUS,LX 570,SUV - STANDARD,5.7,8,AS,Z,18.2,12.8,15.8,18,371,8,1.422,0.712,23.48,SUV,Premium Gasoline
LEXUS,NX 300 AWD,SUV - SMALL,2.0,4,AS,Z,10.6,8.5,9.7,29,226,6,1.247,0.5,23.3,SUV,Premium Gasoline
LEXUS,NX 300 AWD F SPORT,SUV - SMALL,2.0,4,AS,Z,10.8,8.9,9.9,29,232,6,1.213,0.5,23.43,SUV,Premium Gasoline
LEXUS,RC 300 AWD,SUBCOMPACT,3.5,6,AS,Z,13.1,9.8,11.2,25,262,6,1.337,0.583,23.39,Compact/Small,Premium Gasoline
LEXUS,RC 350 AWD,SUBCOMPACT,3.5,6,AS,Z,13.1,9.8,11.2,25,262,6,1.337,0.583,23.39,Compact/Small,Premium Gasoline
LEXUS,RX 350 L AWD,SUV - SMALL,3.5,6,AS,X,13.1,9.4,11.1,25,268,8,1.394,0.583,24.14,SUV,Regular Gasoline
LINCOLN,CONTINENTAL AWD,FULL-SIZE,2.7,6,AS,X,14.0,9.4,12.0,24,280,6,1.489,0.45,23.33,Mid-size,Regular Gasoline
LINCOLN,CONTINENTAL AWD,FULL-SIZE,3.0,6,AS,X,14.5,9.8,12.3,23,290,6,1.48,0.5,23.58,Mid-size,Regular Gasoline
LINCOLN,MKC AWD,SUV - SMALL,2.3,4,AS,X,13.1,9.4,11.5,25,269,6,1.394,0.575,23.39,SUV,Regular Gasoline
LINCOLN,MKX AWD,SUV - SMALL,3.7,6,AS,X,14.3,10.3,12.5,23,293,6,1.388,0.617,23.44,SUV,Regular Gasoline
LINCOLN,MKZ AWD,MID-SIZE,2.0,4,AS,X,11.8,8.4,10.3,27,242,6,1.405,0.5,23.5,Mid-size,Regular Gasoline
LINCOLN,NAVIGATOR 4X4,SUV - STANDARD,3.5,6,AS,X,14.9,11.3,13.3,21,310,10,1.319,0.583,23.31,SUV,Regular Gasoline
MASERATI,GHIBLI S,MID-SIZE,3.0,6,AS,Z,14.5,10.0,12.4,23,293,8,1.45,0.5,23.63,Mid-size,Premium Gasoline
MASERATI,LEVANTE,SUV - STANDARD,3.0,6,AS,Z,16.4,11.9,14.4,20,340,8,1.378,0.5,23.61,SUV,Premium Gasoline
MASERATI,LEVANTE S,SUV - STANDARD,3.0,6,AS,Z,16.6,12.2,14.7,19,346,8,1.361,0.5,23.54,SUV,Premium Gasoline
MASERATI,QUATTROPORTE GTS,FULL-SIZE,3.8,8,AS,Z,16.1,10.8,13.7,21,321,8,1.491,0.475,23.43,Mid-size,Premium Gasoline
MASERATI,QUATTROPORTE S,FULL-SIZE,3.0,6,AS,Z,14.9,10.3,12.8,22,300,8,1.447,0.5,23.44,Mid-size,Premium Gasoline
MASERATI,QUATTROPORTE SQ4,FULL-SIZE,3.0,6,AS,Z,15.0,10.3,12.8,22,301,8,1.456,0.5,23.52,Mid-size,Premium Gasoline
MAZDA,CX-3,COMPACT,2.0,4,AS,X,8.2,6.9,7.6,37,180,6,1.188,0.5,23.68,Compact/Small,Regular Gasoline
MAZDA,CX-3,COMPACT,2.0,4,M,X,9.0,7.0,8.1,35,189,6,1.286,0.5,23.33,Compact/Small,Regular Gasoline
MAZDA,CX-5 ,SUV - SMALL,2.0,4,M,X,9.7,7.7,8.8,32,206,6,1.26,0.5,23.41,SUV,Regular Gasoline
MAZDA,CX-5,SUV - SMALL,2.5,4,AS,X,9.7,7.8,8.8,32,206,6,1.244,0.625,23.41,SUV,Regular Gasoline
MAZDA,CX-5 (Cylinder Deactivation),SUV - SMALL,2.5,4,AS,X,9.3,7.6,8.5,33,201,6,1.224,0.625,23.65,SUV,Regular Gasoline
MAZDA,CX-5 4WD,SUV - SMALL,2.5,4,AS,X,10.2,8.2,9.3,30,217,6,1.244,0.625,23.33,SUV,Regular Gasoline
MAZDA,CX-5 4WD (Cylinder Deactivation),SUV - SMALL,2.5,4,AS,X,9.8,7.9,9.0,31,208,6,1.241,0.625,23.11,SUV,Regular Gasoline
MAZDA,MAZDA3 5-DOOR,MID-SIZE,2.5,4,AS,X,9.0,6.7,7.8,36,187,6,1.343,0.625,23.97,Mid-size,Regular Gasoline
MAZDA,MAZDA6 TURBO,MID-SIZE,2.5,4,AS,X,10.0,7.5,8.9,32,208,6,1.333,0.625,23.37,Mid-size,Regular Gasoline
MAZDA,MX-5,TWO-SEATER,2.0,4,AS,Z,9.1,6.8,8.0,35,188,6,1.338,0.5,23.5,Compact/Small,Premium Gasoline
MAZDA,MX-5 (SIL),TWO-SEATER,2.0,4,M,Z,8.9,7.1,8.1,35,189,6,1.254,0.5,23.33,Compact/Small,Premium Gasoline
MERCEDES-BENZ,AMG C 43 4MATIC,COMPACT,3.0,6,A,Z,11.8,8.8,10.4,27,244,9,1.341,0.5,23.46,Compact/Small,Premium Gasoline
MERCEDES-BENZ,AMG C 43 4MATIC CABRIOLET,SUBCOMPACT,3.0,6,A,Z,12.3,9.4,11.0,26,256,9,1.309,0.5,23.27,Compact/Small,Premium Gasoline
MERCEDES-BENZ,AMG C 43 4MATIC COUPE,SUBCOMPACT,3.0,6,A,Z,11.8,8.8,10.5,27,245,9,1.341,0.5,23.33,Compact/Small,Premium Gasoline
MERCEDES-BENZ,AMG C 63,COMPACT,4.0,8,A,Z,13.4,9.6,11.7,24,274,7,1.396,0.5,23.42,Compact/Small,Premium Gasoline
MERCEDES-BENZ,AMG C 63 CABRIOLET,SUBCOMPACT,4.0,8,A,Z,14.0,10.4,12.4,23,291,7,1.346,0.5,23.47,Compact/Small,Premium Gasoline
MERCEDES-BENZ,AMG C 63 COUPE,SUBCOMPACT,4.0,8,A,Z,13.8,10.1,12.1,23,285,7,1.366,0.5,23.55,Compact/Small,Premium Gasoline
MERCEDES-BENZ,AMG C 63 S,COMPACT,4.0,8,A,Z,13.4,9.6,11.7,24,274,7,1.396,0.5,23.42,Compact/Small,Premium Gasoline
MERCEDES-BENZ,AMG C 63 S CABRIOLET,SUBCOMPACT,4.0,8,A,Z,14.0,10.4,12.4,23,291,7,1.346,0.5,23.47,Compact/Small,Premium Gasoline
MERCEDES-BENZ,AMG C 63 S COUPE,SUBCOMPACT,4.0,8,A,Z,13.8,10.2,12.2,23,285,7,1.353,0.5,23.36,Compact/Small,Premium Gasoline
MERCEDES-BENZ,AMG CLA 45 4MATIC,COMPACT,2.0,4,AM,Z,10.3,7.9,9.2,31,217,7,1.304,0.5,23.59,Compact/Small,Premium Gasoline
MERCEDES-BENZ,AMG E 43 4MATIC,MID-SIZE,3.0,6,A,Z,12.4,9.4,11.1,25,258,9,1.319,0.5,23.24,Mid-size,Premium Gasoline
MERCEDES-BENZ,AMG E 63 S 4MATIC,MID-SIZE,4.0,8,A,Z,15.5,10.6,13.3,21,313,9,1.462,0.5,23.53,Mid-size,Premium Gasoline
MERCEDES-BENZ,AMG E 63 S 4MATIC WAGON,STATION WAGON - MID-SIZE,4.0,8,A,Z,15.2,11.0,13.3,21,312,9,1.382,0.5,23.46,Mid-size,Premium Gasoline
MERCEDES-BENZ,AMG G 63,SUV - STANDARD,5.5,8,A,Z,19.9,15.5,17.9,16,419,7,1.284,0.688,23.41,SUV,Premium Gasoline
MERCEDES-BENZ,AMG G 65,SUV - STANDARD,6.0,12,A,Z,22.2,18.0,20.3,14,473,7,1.233,0.5,23.3,SUV,Premium Gasoline
MERCEDES-BENZ,AMG GLA 45 4MATIC,STATION WAGON - MID-SIZE,2.0,4,AM,Z,10.7,8.3,9.6,29,225,7,1.289,0.5,23.44,Mid-size,Premium Gasoline
MERCEDES-BENZ,AMG GLC 43 4MATIC,SUV - SMALL,3.0,6,A,Z,13.1,10.1,11.8,24,277,9,1.297,0.5,23.47,SUV,Premium Gasoline
MERCEDES-BENZ,AMG GLC 43 4MATIC COUPE,SUV - SMALL,3.0,6,A,Z,13.0,9.9,11.6,24,272,9,1.313,0.5,23.45,SUV,Premium Gasoline
MERCEDES-BENZ,AMG GLE 43 4MATIC,SUV - STANDARD,3.0,6,A,Z,13.5,10.3,12.1,23,282,9,1.311,0.5,23.31,SUV,Premium Gasoline
MERCEDES-BENZ,AMG GLE 43 4MATIC COUPE,SUV - STANDARD,3.0,6,A,Z,13.5,10.6,12.2,23,285,9,1.274,0.5,23.36,SUV,Premium Gasoline
MERCEDES-BENZ,AMG GLE 63 S 4MATIC,SUV - STANDARD,5.5,8,A,Z,17.2,13.4,15.5,18,364,7,1.284,0.688,23.48,SUV,Premium Gasoline
MERCEDES-BENZ,AMG GLE 63 S 4MATIC COUPE,SUV - STANDARD,5.5,8,A,Z,17.2,12.8,15.2,19,357,7,1.344,0.688,23.49,SUV,Premium Gasoline
MERCEDES-BENZ,AMG GLS 63 4MATIC,SUV - STANDARD,5.5,8,A,Z,17.6,13.3,15.7,18,367,7,1.323,0.688,23.38,SUV,Premium Gasoline
MERCEDES-BENZ,AMG GT COUPE,TWO-SEATER,4.0,8,AM,Z,14.5,10.8,12.8,22,302,7,1.343,0.5,23.59,Compact/Small,Premium Gasoline
MERCEDES-BENZ,AMG GT ROADSTER,TWO-SEATER,4.0,8,AM,Z,14.7,11.0,13.0,22,304,7,1.336,0.5,23.38,Compact/Small,Premium Gasoline
MERCEDES-BENZ,AMG GT C COUPE,TWO-SEATER,4.0,8,AM,Z,15.5,11.7,13.8,20,322,7,1.325,0.5,23.33,Compact/Small,Premium Gasoline
MERCEDES-BENZ,AMG GT C ROADSTER,TWO-SEATER,4.0,8,AM,Z,15.5,11.7,13.8,20,322,7,1.325,0.5,23.33,Compact/Small,Premium Gasoline
MERCEDES-BENZ,AMG GT R COUPE,TWO-SEATER,4.0,8,AM,Z,15.6,11.9,13.9,20,324,7,1.311,0.5,23.31,Compact/Small,Premium Gasoline
MERCEDES-BENZ,AMG GT S COUPE,TWO-SEATER,4.0,8,AM,Z,14.5,10.8,12.8,22,302,7,1.343,0.5,23.59,Compact/Small,Premium Gasoline
MERCEDES-BENZ,AMG S 63 4MATIC,FULL-SIZE,4.0,8,A,Z,14.1,8.9,11.8,24,275,9,1.584,0.5,23.31,Mid-size,Premium Gasoline
MERCEDES-BENZ,AMG S 63 4MATIC CABRIOLET,SUBCOMPACT,4.0,8,A,Z,15.8,9.8,13.1,22,306,9,1.612,0.5,23.36,Compact/Small,Premium Gasoline
MERCEDES-BENZ,AMG S 63 4MATIC COUPE,COMPACT,4.0,8,A,Z,14.0,8.7,11.6,24,271,9,1.609,0.5,23.36,Compact/Small,Premium Gasoline
MERCEDES-BENZ,AMG S 65,FULL-SIZE,6.0,12,A,Z,18.6,10.9,15.1,19,356,7,1.706,0.5,23.58,Mid-size,Premium Gasoline
MERCEDES-BENZ,AMG SL 63,TWO-SEATER,5.5,8,A,Z,14.7,9.5,12.4,23,291,7,1.547,0.688,23.47,Compact/Small,Premium Gasoline
MERCEDES-BENZ,AMG SL 65,TWO-SEATER,6.0,12,A,Z,17.6,10.8,14.5,19,339,7,1.63,0.5,23.38,Compact/Small,Premium Gasoline
MERCEDES-BENZ,AMG SLC 43,TWO-SEATER,3.0,6,A,Z,11.6,8.2,10.1,28,236,9,1.415,0.5,23.37,Compact/Small,Premium Gasoline
MERCEDES-BENZ,B 250,MID-SIZE,2.0,4,AM,Z,9.8,6.8,8.4,34,196,7,1.441,0.5,23.33,Mid-size,Premium Gasoline
MERCEDES-BENZ,B 250 4MATIC,MID-SIZE,2.0,4,AM,Z,10.3,7.8,9.1,31,215,7,1.321,0.5,23.63,Mid-size,Premium Gasoline
MERCEDES-BENZ,C 300 4MATIC,COMPACT,2.0,4,A,Z,10.5,7.5,9.1,31,214,9,1.4,0.5,23.52,Compact/Small,Premium Gasoline
MERCEDES-BENZ,C 300 4MATIC CABRIOLET,SUBCOMPACT,2.0,4,A,Z,10.8,8.0,9.6,29,224,9,1.35,0.5,23.33,Compact/Small,Premium Gasoline
MERCEDES-BENZ,C 300 4MATIC COUPE,SUBCOMPACT,2.0,4,A,Z,10.5,7.8,9.3,30,218,9,1.346,0.5,23.44,Compact/Small,Premium Gasoline
MERCEDES-BENZ,C 300 4MATIC WAGON,STATION WAGON - MID-SIZE,2.0,4,A,Z,10.7,8.0,9.5,30,222,9,1.338,0.5,23.37,Mid-size,Premium Gasoline
MERCEDES-BENZ,CLA 250,COMPACT,2.0,4,AM,Z,9.6,6.6,8.2,34,193,7,1.455,0.5,23.54,Compact/Small,Premium Gasoline
MERCEDES-BENZ,CLA 250 4MATIC,COMPACT,2.0,4,AM,Z,9.9,7.3,8.7,32,204,7,1.356,0.5,23.45,Compact/Small,Premium Gasoline
MERCEDES-BENZ,E 300 4MATIC,MID-SIZE,2.0,4,A,Z,11.0,8.1,9.7,29,227,9,1.358,0.5,23.4,Mid-size,Premium Gasoline
MERCEDES-BENZ,E 400 4MATIC,MID-SIZE,3.0,6,A,Z,11.8,8.7,10.4,27,246,9,1.356,0.5,23.65,Mid-size,Premium Gasoline
MERCEDES-BENZ,E 400 4MATIC CABRIOLET,SUBCOMPACT,3.0,6,A,Z,12.0,9.2,10.8,26,251,9,1.304,0.5,23.24,Compact/Small,Premium Gasoline
MERCEDES-BENZ,E 400 4MATIC COUPE,SUBCOMPACT,3.0,6,A,Z,11.9,9.0,10.6,27,248,9,1.322,0.5,23.4,Compact/Small,Premium Gasoline
MERCEDES-BENZ,E 400 4MATIC WAGON,STATION WAGON - MID-SIZE,3.0,6,A,Z,12.4,9.5,11.1,25,261,9,1.305,0.5,23.51,Mid-size,Premium Gasoline
MERCEDES-BENZ,G 550,SUV - STANDARD,4.0,8,A,Z,18.2,16.5,17.5,16,410,7,1.103,0.5,23.43,SUV,Premium Gasoline
MERCEDES-BENZ,GLA 250 4MATIC,SUV - SMALL,2.0,4,AM,Z,10.1,7.6,9.0,31,209,7,1.329,0.5,23.22,SUV,Premium Gasoline
MERCEDES-BENZ,GLC 300 4MATIC,SUV - SMALL,2.0,4,A,Z,11.1,8.6,10.0,28,240,9,1.291,0.5,24.0,SUV,Premium Gasoline
MERCEDES-BENZ,GLC 300 4MATIC COUPE,SUV - SMALL,2.0,4,A,Z,11.0,8.7,10.0,28,235,9,1.264,0.5,23.5,SUV,Premium Gasoline
MERCEDES-BENZ,GLE 400 4MATIC,SUV - STANDARD,3.0,6,A,Z,13.5,10.3,12.1,23,282,9,1.311,0.5,23.31,SUV,Premium Gasoline
MERCEDES-BENZ,GLE 550 4MATIC,SUV - STANDARD,4.7,8,A,Z,15.2,11.4,13.5,21,317,9,1.333,0.588,23.48,SUV,Premium Gasoline
MERCEDES-BENZ,GLS 450 4MATIC,SUV - STANDARD,3.0,6,A,Z,14.3,11.4,13.0,22,305,9,1.254,0.5,23.46,SUV,Premium Gasoline
MERCEDES-BENZ,GLS 550 4MATIC,SUV - STANDARD,4.7,8,A,Z,16.5,12.6,14.7,19,346,9,1.31,0.588,23.54,SUV,Premium Gasoline
MERCEDES-BENZ,MAYBACH S 650,FULL-SIZE,6.0,12,A,Z,18.4,11.1,15.1,19,355,9,1.658,0.5,23.51,Mid-size,Premium Gasoline
MERCEDES-BENZ,METRIS CARGO,SPECIAL PURPOSE VEHICLE,2.0,4,A,Z,11.5,9.8,10.7,26,251,7,1.173,0.5,23.46,Other,Premium Gasoline
MERCEDES-BENZ,METRIS PASSENGER,SPECIAL PURPOSE VEHICLE,2.0,4,A,Z,12.3,10.3,11.4,25,268,7,1.194,0.5,23.51,Other,Premium Gasoline
MERCEDES-BENZ,S 450 4MATIC SWB,MID-SIZE,3.0,6,A,Z,12.8,8.5,10.9,26,255,9,1.506,0.5,23.39,Mid-size,Premium Gasoline
MERCEDES-BENZ,S 560 CABRIOLET,SUBCOMPACT,4.0,8,A,Z,13.9,9.2,11.8,24,276,9,1.511,0.5,23.39,Compact/Small,Premium Gasoline
MERCEDES-BENZ,S 560 4MATIC,FULL-SIZE,4.0,8,A,Z,13.5,8.6,11.3,25,265,9,1.57,0.5,23.45,Mid-size,Premium Gasoline
MERCEDES-BENZ,S 560 4MATIC SWB,MID-SIZE,4.0,8,A,Z,13.1,8.8,11.2,25,261,9,1.489,0.5,23.3,Mid-size,Premium Gasoline
MERCEDES-BENZ,S 560 4MATIC COUPE,COMPACT,4.0,8,A,Z,13.6,8.8,11.4,25,269,9,1.545,0.5,23.6,Compact/Small,Premium Gasoline
MERCEDES-BENZ,SL 450,TWO-SEATER,3.0,6,A,Z,11.5,8.5,10.2,28,238,9,1.353,0.5,23.33,Compact/Small,Premium Gasoline
MERCEDES-BENZ,SL 550,TWO-SEATER,4.7,8,A,Z,13.5,9.6,11.8,24,275,9,1.406,0.588,23.31,Compact/Small,Premium Gasoline
MERCEDES-BENZ,SLC 300,TWO-SEATER,2.0,4,A,Z,9.6,7.4,8.6,33,202,9,1.297,0.5,23.49,Compact/Small,Premium Gasoline
MINI,COOPER 3 DOOR,SUBCOMPACT,1.5,3,AS,Z,8.7,6.8,7.9,36,184,6,1.279,0.5,23.29,Compact/Small,Premium Gasoline
MINI,COOPER 5 DOOR,SUBCOMPACT,1.5,3,AS,Z,8.7,6.8,7.9,36,184,6,1.279,0.5,23.29,Compact/Small,Premium Gasoline
MINI,COOPER 5 DOOR,SUBCOMPACT,1.5,3,M,Z,8.4,6.3,7.4,38,174,6,1.333,0.5,23.51,Compact/Small,Premium Gasoline
MINI,COOPER CLUBMAN ALL4,MID-SIZE,1.5,3,AS,Z,10.2,7.6,9.0,31,212,8,1.342,0.5,23.56,Mid-size,Premium Gasoline
MINI,COOPER CLUBMAN ALL4,MID-SIZE,1.5,3,M,Z,10.5,7.4,9.1,31,214,6,1.419,0.5,23.52,Mid-size,Premium Gasoline
MINI,COOPER CONVERTIBLE,MINICOMPACT,1.5,3,AS,Z,8.7,6.8,7.9,36,184,6,1.279,0.5,23.29,Compact/Small,Premium Gasoline
MINI,COOPER CONVERTIBLE,MINICOMPACT,1.5,3,M,Z,8.4,6.3,7.4,38,174,6,1.333,0.5,23.51,Compact/Small,Premium Gasoline
MINI,COOPER COUNTRYMAN ALL4,STATION WAGON - SMALL,1.5,3,AS,Z,10.3,7.9,9.2,31,215,8,1.304,0.5,23.37,Mid-size,Premium Gasoline
MINI,COOPER COUNTRYMAN ALL4,STATION WAGON - SMALL,1.5,3,M,Z,10.5,7.4,9.1,31,214,6,1.419,0.5,23.52,Mid-size,Premium Gasoline
MINI,COOPER S 3 DOOR,SUBCOMPACT,2.0,4,AS,Z,9.3,7.3,8.4,34,197,6,1.274,0.5,23.45,Compact/Small,Premium Gasoline
MINI,COOPER S 3 DOOR,SUBCOMPACT,2.0,4,M,Z,10.3,7.4,9.0,31,210,6,1.392,0.5,23.33,Compact/Small,Premium Gasoline
MINI,COOPER S 5 DOOR,SUBCOMPACT,2.0,4,AS,Z,9.3,7.3,8.4,34,197,6,1.274,0.5,23.45,Compact/Small,Premium Gasoline
MINI,COOPER S 5 DOOR,SUBCOMPACT,2.0,4,M,Z,10.3,7.4,9.0,31,210,6,1.392,0.5,23.33,Compact/Small,Premium Gasoline
MINI,COOPER S CLUBMAN ALL4,MID-SIZE,2.0,4,AS,Z,10.5,7.6,9.2,31,215,8,1.382,0.5,23.37,Mid-size,Premium Gasoline
MINI,COOPER S CONVERTIBLE,MINICOMPACT,2.0,4,AS,Z,9.3,7.1,8.3,34,195,6,1.31,0.5,23.49,Compact/Small,Premium Gasoline
MINI,COOPER S CONVERTIBLE,MINICOMPACT,2.0,4,M,Z,10.3,7.4,9.0,31,210,6,1.392,0.5,23.33,Compact/Small,Premium Gasoline
MINI,COOPER S COUNTRYMAN ALL4,MID-SIZE,2.0,4,AS,Z,10.5,7.6,9.2,31,215,8,1.382,0.5,23.37,Mid-size,Premium Gasoline
MINI,COOPER S COUNTRYMAN ALL4,MID-SIZE,2.0,4,M,Z,11.3,7.7,9.7,29,227,6,1.468,0.5,23.4,Mid-size,Premium Gasoline
MINI,JOHN COOPER WORKS,SUBCOMPACT,2.0,4,AS,Z,9.3,7.3,8.4,34,197,6,1.274,0.5,23.45,Compact/Small,Premium Gasoline
MINI,JOHN COOPER WORKS,SUBCOMPACT,2.0,4,M,Z,10.3,7.4,9.0,31,210,6,1.392,0.5,23.33,Compact/Small,Premium Gasoline
MINI,JOHN COOPER WORKS CLUBMAN ALL4,MID-SIZE,2.0,4,AS,Z,10.2,7.5,9.0,31,211,8,1.36,0.5,23.44,Mid-size,Premium Gasoline
MINI,JOHN COOPER WORKS CLUBMAN ALL4,MID-SIZE,2.0,4,M,Z,11.4,7.6,9.7,29,228,6,1.5,0.5,23.51,Mid-size,Premium Gasoline
MINI,JOHN COOPER WORKS CONVERTIBLE,MINICOMPACT,2.0,4,AS,Z,9.8,7.3,8.7,32,203,6,1.342,0.5,23.33,Compact/Small,Premium Gasoline
MINI,JOHN COOPER WORKS COUNTRYMAN ALL4,MID-SIZE,2.0,4,AS,Z,10.6,7.8,9.3,30,220,8,1.359,0.5,23.66,Mid-size,Premium Gasoline
MINI,JOHN COOPER WORKS COUNTRYMAN ALL4,MID-SIZE,2.0,4,M,Z,11.5,8.0,9.9,29,232,6,1.438,0.5,23.43,Mid-size,Premium Gasoline
MITSUBISHI,ECLIPSE CROSS,SUV - SMALL,1.5,4,AV,X,9.4,8.4,8.9,32,208,8,1.119,0.375,23.37,SUV,Regular Gasoline
MITSUBISHI,ECLIPSE CROSS 4WD,SUV - SMALL,1.5,4,AV,X,9.6,8.9,9.3,30,216,8,1.079,0.375,23.23,SUV,Regular Gasoline
MITSUBISHI,OUTLANDER 4WD,SUV - SMALL,2.4,4,AV,X,9.9,8.1,9.1,31,212,6,1.222,0.6,23.3,SUV,Regular Gasoline
MITSUBISHI,OUTLANDER 4WD,SUV - SMALL,3.0,6,AS,Z,12.0,8.8,10.6,27,248,6,1.364,0.5,23.4,SUV,Premium Gasoline
MITSUBISHI,RVR 4WD,SUV - SMALL,2.4,4,AV,X,10.3,8.3,9.4,30,219,6,1.241,0.6,23.3,SUV,Regular Gasoline
NISSAN,ALTIMA,MID-SIZE,2.5,4,AV,X,8.7,6.3,7.6,37,179,,1.381,0.625,23.55,Mid-size,Regular Gasoline
NISSAN,ALTIMA SR,MID-SIZE,2.5,4,AV,X,8.9,6.4,7.8,36,185,7,1.391,0.625,23.72,Mid-size,Regular Gasoline
NISSAN,ARMADA 4WD,SUV - STANDARD,5.6,8,AS,X,17.5,12.8,15.4,18,362,7,1.367,0.7,23.51,SUV,Regular Gasoline
NISSAN,FRONTIER,PICKUP TRUCK - SMALL,2.5,4,A,X,13.6,10.7,12.3,23,290,5,1.271,0.625,23.58,Truck/Van,Regular Gasoline
NISSAN,FRONTIER,PICKUP TRUCK - SMALL,4.0,6,A,X,14.7,10.4,12.8,22,300,5,1.413,0.667,23.44,Truck/Van,Regular Gasoline
NISSAN,FRONTIER 4WD,PICKUP TRUCK - SMALL,4.0,6,A,X,15.8,11.5,13.9,20,326,5,1.374,0.667,23.45,Truck/Van,Regular Gasoline
NISSAN,KICKS,MID-SIZE,1.6,4,AV,X,7.7,6.6,7.2,39,169,,1.167,0.4,23.47,Mid-size,Regular Gasoline
NISSAN,MAXIMA,MID-SIZE,3.5,6,AV,Z,11.1,7.8,9.6,29,227,7,1.423,0.583,23.65,Mid-size,Premium Gasoline
NISSAN,MICRA,COMPACT,1.6,4,A,X,9.0,6.8,8.0,35,188,4,1.324,0.4,23.5,Compact/Small,Regular Gasoline
NISSAN,MICRA,COMPACT,1.6,4,M,X,8.7,6.8,7.9,36,186,5,1.279,0.4,23.54,Compact/Small,Regular Gasoline
NISSAN,NV200 CARGO VAN,SPECIAL PURPOSE VEHICLE,2.0,4,AV,X,9.8,8.8,9.3,30,218,,1.114,0.5,23.44,Other,Regular Gasoline
NISSAN,PATHFINDER 4WD PLATINUM,SUV - SMALL,3.5,6,AV,X,12.4,9.2,11.0,26,259,,1.348,0.583,23.55,SUV,Regular Gasoline
NISSAN,QASHQAI AWD,STATION WAGON - SMALL,2.0,4,AV,X,9.0,7.5,8.4,34,196,,1.2,0.5,23.33,Mid-size,Regular Gasoline
NISSAN,ROGUE AWD,SUV - SMALL,2.5,4,AV,X,9.7,7.4,8.7,32,205,,1.311,0.625,23.56,SUV,Regular Gasoline
NISSAN,SENTRA,MID-SIZE,1.8,4,AV,X,8.1,6.3,7.3,39,172,,1.286,0.45,23.56,Mid-size,Regular Gasoline
NISSAN,SENTRA,MID-SIZE,1.8,4,M,X,8.9,6.8,8.0,35,187,6,1.309,0.45,23.38,Mid-size,Regular Gasoline
NISSAN,TITAN 4WD PRO-4X,PICKUP TRUCK - STANDARD,5.6,8,AS,X,15.9,11.9,14.1,20,331,7,1.336,0.7,23.48,Truck/Van,Regular Gasoline
PORSCHE,911 CARRERA GTS,MINICOMPACT,3.0,6,AM,Z,11.5,9.1,10.4,27,243,7,1.264,0.5,23.37,Compact/Small,Premium Gasoline
PORSCHE,911 CARRERA GTS,MINICOMPACT,3.0,6,M,Z,13.0,8.9,11.1,25,260,7,1.461,0.5,23.42,Compact/Small,Premium Gasoline
PORSCHE,911 CARRERA GTS CABRIOLET,MINICOMPACT,3.0,6,AM,Z,11.8,9.2,10.6,27,249,7,1.283,0.5,23.49,Compact/Small,Premium Gasoline
PORSCHE,911 CARRERA GTS CABRIOLET,MINICOMPACT,3.0,6,M,Z,12.7,9.0,11.0,26,258,7,1.411,0.5,23.45,Compact/Small,Premium Gasoline
PORSCHE,911 CARRERA 4 GTS,MINICOMPACT,3.0,6,AM,Z,11.8,9.2,10.6,27,248,7,1.283,0.5,23.4,Compact/Small,Premium Gasoline
PORSCHE,911 CARRERA 4 GTS,MINICOMPACT,3.0,6,M,Z,12.8,8.9,11.0,26,257,7,1.438,0.5,23.36,Compact/Small,Premium Gasoline
PORSCHE,911 CARRERA 4 GTS CABRIOLET,MINICOMPACT,3.0,6,AM,Z,11.9,9.3,10.7,26,250,7,1.28,0.5,23.36,Compact/Small,Premium Gasoline
PORSCHE,911 CARRERA 4 GTS CABRIOLET,MINICOMPACT,3.0,6,M,Z,12.9,9.1,11.1,25,260,7,1.418,0.5,23.42,Compact/Small,Premium Gasoline
PORSCHE,911 GT3,TWO-SEATER,4.0,6,AM,Z,15.8,11.6,13.9,20,324,7,1.362,0.667,23.31,Compact/Small,Premium Gasoline
PORSCHE,911 GT3,TWO-SEATER,4.0,6,M,Z,18.0,11.5,15.1,19,352,6,1.565,0.667,23.31,Compact/Small,Premium Gasoline
PORSCHE,911 TARGA 4 GTS,MINICOMPACT,3.0,6,AM,Z,12.1,9.2,10.8,26,251,7,1.315,0.5,23.24,Compact/Small,Premium Gasoline
PORSCHE,911 TARGA 4 GTS,MINICOMPACT,3.0,6,M,Z,13.2,9.2,11.4,25,266,7,1.435,0.5,23.33,Compact/Small,Premium Gasoline
PORSCHE,911 TURBO S EXCLUSIVE,MINICOMPACT,3.8,6,AM,Z,13.8,10.3,12.3,23,285,7,1.34,0.633,23.17,Compact/Small,Premium Gasoline
PORSCHE,BOXSTER GTS,TWO-SEATER,2.5,4,AM,Z,11.8,9.2,10.6,27,249,7,1.283,0.625,23.49,Compact/Small,Premium Gasoline
PORSCHE,BOXSTER GTS,TWO-SEATER,2.5,4,M,Z,12.3,9.4,11.0,26,257,6,1.309,0.625,23.36,Compact/Small,Premium Gasoline
PORSCHE,CAYENNE TURBO,SUV - STANDARD,4.8,8,A,Z,16.7,11.2,14.3,20,334,8,1.491,0.6,23.36,SUV,Premium Gasoline
PORSCHE,CAYENNE TURBO S,SUV - STANDARD,4.8,8,A,Z,16.7,11.2,14.3,20,334,8,1.491,0.6,23.36,SUV,Premium Gasoline
PORSCHE,CAYMAN GTS,TWO-SEATER,2.5,4,AM,Z,11.8,9.2,10.6,27,249,7,1.283,0.625,23.49,Compact/Small,Premium Gasoline
PORSCHE,CAYMAN GTS,TWO-SEATER,2.5,4,M,Z,12.3,9.4,11.0,26,257,6,1.309,0.625,23.36,Compact/Small,Premium Gasoline
PORSCHE,MACAN TURBO KIT,SUV - SMALL,3.6,6,A,Z,14.1,10.1,12.3,23,286,7,1.396,0.6,23.25,SUV,Premium Gasoline
PORSCHE,PANAMERA,FULL-SIZE,3.0,6,AM,Z,11.0,8.3,9.8,29,229,8,1.325,0.5,23.37,Mid-size,Premium Gasoline
PORSCHE,PANAMERA 4,FULL-SIZE,3.0,6,AM,Z,11.3,8.6,10.1,28,235,8,1.314,0.5,23.27,Mid-size,Premium Gasoline
PORSCHE,PANAMERA 4 EXECUTIVE,FULL-SIZE,3.0,6,AM,Z,11.3,8.6,10.1,28,235,8,1.314,0.5,23.27,Mid-size,Premium Gasoline
PORSCHE,PANAMERA 4 ST,FULL-SIZE,3.0,6,AM,Z,11.5,9.0,10.4,27,242,8,1.278,0.5,23.27,Mid-size,Premium Gasoline
PORSCHE,PANAMERA 4S,FULL-SIZE,2.9,6,AM,Z,11.3,8.5,10.1,28,235,8,1.329,0.483,23.27,Mid-size,Premium Gasoline
PORSCHE,PANAMERA 4S EXECUTIVE,FULL-SIZE,2.9,6,AM,Z,11.3,8.5,10.1,28,235,8,1.329,0.483,23.27,Mid-size,Premium Gasoline
PORSCHE,PANAMERA 4S ST,FULL-SIZE,2.9,6,AM,Z,12.1,9.0,10.7,26,249,8,1.344,0.483,23.27,Mid-size,Premium Gasoline
PORSCHE,PANAMERA TURBO,FULL-SIZE,4.0,8,AM,Z,12.8,9.2,11.2,25,261,8,1.391,0.5,23.3,Mid-size,Premium Gasoline
PORSCHE,PANAMERA TURBO EXECUTIVE,FULL-SIZE,4.0,8,AM,Z,12.8,9.2,11.2,25,261,8,1.391,0.5,23.3,Mid-size,Premium Gasoline
PORSCHE,PANAMERA TURBO ST,FULL-SIZE,4.0,8,AM,Z,13.4,10.1,11.9,24,279,8,1.327,0.5,23.45,Mid-size,Premium Gasoline
RAM,1500 4X4,PICKUP TRUCK - STANDARD,5.7,8,A,X,18.7,13.3,16.3,17,382,6,1.406,0.712,23.44,Truck/Van,Regular Gasoline
ROLLS-ROYCE,DAWN,COMPACT,6.6,12,AS,Z,20.3,13.0,17.0,17,397,8,1.562,0.55,23.35,Compact/Small,Premium Gasoline
ROLLS-ROYCE,GHOST,FULL-SIZE,6.6,12,AS,Z,20.3,13.0,17.0,17,397,8,1.562,0.55,23.35,Mid-size,Premium Gasoline
ROLLS-ROYCE,GHOST EWB,FULL-SIZE,6.6,12,AS,Z,20.3,13.0,17.0,17,397,8,1.562,0.55,23.35,Mid-size,Premium Gasoline
ROLLS-ROYCE,PHANTOM,FULL-SIZE,6.7,12,AS,Z,20.0,12.4,16.6,17,387,8,1.613,0.558,23.31,Mid-size,Premium Gasoline
ROLLS-ROYCE,PHANTOM EWB,FULL-SIZE,6.7,12,AS,Z,20.0,12.4,16.6,17,387,8,1.613,0.558,23.31,Mid-size,Premium Gasoline
ROLLS-ROYCE,WRAITH,MID-SIZE,6.6,12,AS,Z,19.6,12.9,16.6,17,388,8,1.519,0.55,23.37,Mid-size,Premium Gasoline
SUBARU,BRZ,MINICOMPACT,2.0,4,M,Z,11.2,8.1,9.8,29,229,6,1.383,0.5,23.37,Compact/Small,Premium Gasoline
SUBARU,BRZ tS,MINICOMPACT,2.0,4,M,Z,11.6,8.6,10.2,28,239,6,1.349,0.5,23.43,Compact/Small,Premium Gasoline
SUBARU,CROSSTREK AWD,SUV - SMALL,2.0,4,AV,X,8.8,7.2,8.1,35,188,7,1.222,0.5,23.21,SUV,Regular Gasoline
SUBARU,CROSSTREK AWD,SUV - SMALL,2.0,4,M,X,10.5,8.1,9.4,30,220,6,1.296,0.5,23.4,SUV,Regular Gasoline
SUBARU,LEGACY AWD,MID-SIZE,2.5,4,AV,X,9.3,7.0,8.3,34,193,7,1.329,0.625,23.25,Mid-size,Regular Gasoline
SUBARU,OUTBACK AWD,SUV - SMALL,2.5,4,AV,X,9.4,7.3,8.5,33,198,7,1.288,0.625,23.29,SUV,Regular Gasoline
SUBARU,WRX AWD,COMPACT,2.0,4,AV,Z,12.6,9.6,11.2,25,256,8,1.312,0.5,22.86,Compact/Small,Premium Gasoline
SUBARU,WRX STI AWD,COMPACT,2.5,4,M,Z,14.1,10.5,12.5,23,291,6,1.343,0.625,23.28,Compact/Small,Premium Gasoline
SUBARU,WRX STI AWD TYPE RA,COMPACT,2.5,4,M,Z,14.3,10.9,12.8,22,296,6,1.312,0.625,23.12,Compact/Small,Premium Gasoline
TOYOTA,4RUNNER 4WD,SUV - STANDARD,4.0,6,AS,X,14.3,11.9,13.2,21,308,5,1.202,0.667,23.33,SUV,Regular Gasoline
TOYOTA,4RUNNER 4WD (Part-Time 4WD),SUV - STANDARD,4.0,6,AS,X,14.3,11.9,13.2,21,308,5,1.202,0.667,23.33,SUV,Regular Gasoline
TOYOTA,CAMRY,MID-SIZE,2.5,4,AS,X,8.1,5.7,6.9,41,164,8,1.421,0.625,23.77,Mid-size,Regular Gasoline
TOYOTA,CAMRY LE/SE,MID-SIZE,2.5,4,AS,X,8.4,6.0,7.3,39,172,8,1.4,0.625,23.56,Mid-size,Regular Gasoline
TOYOTA,CAMRY XLE/XSE,MID-SIZE,2.5,4,AS,X,8.5,6.1,7.4,38,173,8,1.393,0.625,23.38,Mid-size,Regular Gasoline
TOYOTA,CAMRY,MID-SIZE,3.5,6,AS,X,10.5,7.1,9.0,31,210,8,1.479,0.583,23.33,Mid-size,Regular Gasoline
TOYOTA,CAMRY XSE,MID-SIZE,3.5,6,AS,X,10.7,7.4,9.2,31,215,8,1.446,0.583,23.37,Mid-size,Regular Gasoline
TOYOTA,CAMRY HYBRID LE,MID-SIZE,2.5,4,AV,X,4.9,4.8,4.9,58,113,6,1.021,0.625,23.06,Mid-size,Regular Gasoline
TOYOTA,CAMRY HYBRID XLE/SE,MID-SIZE,2.5,4,AV,X,5.3,5.0,5.1,55,121,6,1.06,0.625,23.73,Mid-size,Regular Gasoline
TOYOTA,C-HR,COMPACT,2.0,4,AV,X,8.7,7.5,8.2,34,189,7,1.16,0.5,23.05,Compact/Small,Regular Gasoline
TOYOTA,COROLLA,MID-SIZE,1.8,4,M,X,8.5,6.6,7.6,37,178,6,1.288,0.45,23.42,Mid-size,Regular Gasoline
TOYOTA,PRIUS,MID-SIZE,1.8,4,AV,X,4.3,4.6,4.5,63,105,,0.935,0.45,23.33,Mid-size,Regular Gasoline
TOYOTA,RAV4 HYBRID AWD,SUV - SMALL,2.5,4,AV,X,6.9,7.8,7.3,39,171,6,0.885,0.625,23.42,SUV,Regular Gasoline
TOYOTA,SEQUOIA 4WD,SUV - STANDARD,5.7,8,AS,X,18.4,13.8,16.4,17,384,6,1.333,0.712,23.41,SUV,Regular Gasoline
TOYOTA,SIENNA,MINIVAN,3.5,6,AS,X,12.5,8.9,10.9,26,256,8,1.404,0.583,23.49,Truck/Van,Regular Gasoline
TOYOTA,TACOMA 4WD,PICKUP TRUCK - SMALL,3.5,6,AS,X,13.2,10.7,12.1,23,283,6,1.234,0.583,23.39,Truck/Van,Regular Gasoline
TOYOTA,TACOMA 4WD,PICKUP TRUCK - SMALL,3.5,6,M,X,13.8,11.4,12.7,22,299,6,1.211,0.583,23.54,Truck/Van,Regular Gasoline
TOYOTA,TUNDRA,PICKUP TRUCK - STANDARD,5.7,8,AS,X,17.7,13.6,15.9,18,371,6,1.301,0.712,23.33,Truck/Van,Regular Gasoline
TOYOTA,TUNDRA 4WD,PICKUP TRUCK - STANDARD,4.6,8,AS,X,16.8,13.1,14.9,19,354,6,1.282,0.575,23.76,Truck/Van,Regular Gasoline
TOYOTA,TUNDRA 4WD,PICKUP TRUCK - STANDARD,5.7,8,AS,X,18.0,14.2,16.3,17,383,6,1.268,0.712,23.5,Truck/Van,Regular Gasoline
VOLKSWAGEN,ATLAS,SUV - SMALL,2.0,4,AS,X,10.8,8.9,10.0,28,233,8,1.213,0.5,23.3,SUV,Regular Gasoline
VOLKSWAGEN,ATLAS 4MOTION,SUV - SMALL,3.6,6,AS,X,13.7,10.1,12.1,23,282,8,1.356,0.6,23.31,SUV,Regular Gasoline
VOLKSWAGEN,BEETLE,COMPACT,2.0,4,AS,X,9.0,7.2,8.2,34,191,6,1.25,0.5,23.29,Compact/Small,Regular Gasoline
VOLKSWAGEN,BEETLE CONVERTIBLE,SUBCOMPACT,2.0,4,AS,X,9.0,7.2,8.2,34,191,6,1.25,0.5,23.29,Compact/Small,Regular Gasoline
VOLKSWAGEN,BEETLE DUNE,COMPACT,2.0,4,AS,X,9.1,6.9,8.1,35,189,6,1.319,0.5,23.33,Compact/Small,Regular Gasoline
VOLKSWAGEN,BEETLE DUNE CONVERTIBLE,SUBCOMPACT,2.0,4,AS,X,9.1,6.9,8.1,35,189,6,1.319,0.5,23.33,Compact/Small,Regular Gasoline
VOLKSWAGEN,GOLF,COMPACT,1.8,4,AS,X,9.6,7.2,8.5,33,199,6,1.333,0.45,23.41,Compact/Small,Regular Gasoline
VOLKSWAGEN,GOLF,COMPACT,1.8,4,M,X,9.3,6.9,8.2,34,192,5,1.348,0.45,23.41,Compact/Small,Regular Gasoline
VOLKSWAGEN,GOLF GTI,COMPACT,2.0,4,AM,X,9.6,7.3,8.6,33,200,6,1.315,0.5,23.26,Compact/Small,Regular Gasoline
VOLKSWAGEN,GOLF GTI,COMPACT,2.0,4,M,X,9.6,7.2,8.5,33,199,6,1.333,0.5,23.41,Compact/Small,Regular Gasoline
VOLKSWAGEN,GOLF R,COMPACT,2.0,4,AM,Z,10.6,8.0,9.4,30,220,7,1.325,0.5,23.4,Compact/Small,Premium Gasoline
VOLKSWAGEN,GOLF R,COMPACT,2.0,4,M,Z,11.1,8.1,9.8,29,227,6,1.37,0.5,23.16,Compact/Small,Premium Gasoline
VOLKSWAGEN,GOLF ALLTRACK,STATION WAGON - SMALL,1.8,4,AM,X,10.7,8.0,9.4,30,220,6,1.338,0.45,23.4,Mid-size,Regular Gasoline
VOLKSWAGEN,GOLF ALLTRACK,STATION WAGON - SMALL,1.8,4,M,X,11.1,7.8,9.6,29,225,6,1.423,0.45,23.44,Mid-size,Regular Gasoline
VOLKSWAGEN,GOLF SPORTWAGEN,STATION WAGON - SMALL,1.8,4,AS,X,9.6,7.2,8.5,33,199,6,1.333,0.45,23.41,Mid-size,Regular Gasoline
VOLKSWAGEN,GOLF SPORTWAGEN,STATION WAGON - SMALL,1.8,4,M,X,9.4,6.9,8.2,34,192,5,1.362,0.45,23.41,Mid-size,Regular Gasoline
VOLKSWAGEN,GOLF SPORTWAGEN 4MOTION,STATION WAGON - SMALL,1.8,4,AM,X,10.8,8.1,9.6,29,224,6,1.333,0.45,23.33,Mid-size,Regular Gasoline
VOLKSWAGEN,GOLF SPORTWAGEN 4MOTION,STATION WAGON - SMALL,1.8,4,M,X,10.8,7.6,9.3,30,218,6,1.421,0.45,23.44,Mid-size,Regular Gasoline
VOLKSWAGEN,PASSAT,MID-SIZE,2.0,4,AS,X,9.3,6.5,8.1,35,188,6,1.431,0.5,23.21,Mid-size,Regular Gasoline
VOLKSWAGEN,PASSAT,MID-SIZE,3.6,6,AM,X,12.2,8.5,10.6,27,246,6,1.435,0.6,23.21,Mid-size,Regular Gasoline
VOLKSWAGEN,TIGUAN,SUV - SMALL,2.0,4,AS,X,10.6,8.7,9.8,29,229,8,1.218,0.5,23.37,SUV,Regular Gasoline
VOLKSWAGEN,TIGUAN 4MOTION,SUV - SMALL,2.0,4,AS,X,11.3,8.8,10.2,28,237,8,1.284,0.5,23.24,SUV,Regular Gasoline
VOLVO,S60 T5 AWD,COMPACT,2.0,4,AS,X,11.0,8.1,9.7,29,226,8,1.358,0.5,23.3,Compact/Small,Regular Gasoline
VOLVO,S60 T6 AWD,COMPACT,2.0,4,AS,Z,10.9,7.7,9.4,30,221,8,1.416,0.5,23.51,Compact/Small,Premium Gasoline
VOLVO,S90 T5 AWD,MID-SIZE,2.0,4,AS,Z,10.1,7.4,8.8,32,206,8,1.365,0.5,23.41,Mid-size,Premium Gasoline
VOLVO,S90 T6 AWD,MID-SIZE,2.0,4,AS,Z,10.6,7.6,9.3,30,216,8,1.395,0.5,23.23,Mid-size,Premium Gasoline
VOLVO,V60 T5 AWD,STATION WAGON - SMALL,2.0,4,AS,X,11.0,8.1,9.7,29,226,8,1.358,0.5,23.3,Mid-size,Regular Gasoline
VOLVO,V60 T6 AWD,STATION WAGON - SMALL,2.0,4,AS,Z,10.9,7.7,9.4,30,221,8,1.416,0.5,23.51,Mid-size,Premium Gasoline
VOLVO,V90 T6 AWD,STATION WAGON - MID-SIZE,2.0,4,AS,Z,10.6,7.6,9.3,30,216,8,1.395,0.5,23.23,Mid-size,Premium Gasoline
VOLVO,V90 CC T5 AWD,STATION WAGON - MID-SIZE,2.0,4,AS,Z,10.4,7.7,9.2,31,214,8,1.351,0.5,23.26,Mid-size,Premium Gasoline
VOLVO,V90 CC T6 AWD,STATION WAGON - MID-SIZE,2.0,4,AS,Z,10.9,8.0,9.6,29,224,8,1.362,0.5,23.33,Mid-size,Premium Gasoline
VOLVO,XC60 T5 AWD,SUV - SMALL,2.0,4,AS,Z,10.7,8.5,9.8,29,228,8,1.259,0.5,23.27,SUV,Premium Gasoline
VOLVO,XC60 T6 AWD,SUV - SMALL,2.0,4,AS,Z,11.4,8.7,10.2,28,240,8,1.31,0.5,23.53,SUV,Premium Gasoline
VOLVO,XC90 T5 AWD,SUV - STANDARD,2.0,4,AS,Z,10.9,8.3,9.7,29,227,8,1.313,0.5,23.4,SUV,Premium Gasoline
VOLVO,XC90 T6 AWD,SUV - STANDARD,2.0,4,AS,Z,11.5,8.8,10.3,27,240,8,1.307,0.5,23.3,SUV,Premium Gasoline
ACURA,ILX,COMPACT,2.4,4,AM,Z,9.9,7.0,8.6,33,199,8,1.414,0.6,23.14,Compact/Small,Premium Gasoline
ACURA,MDX SH-AWD,SUV - SMALL,3.5,6,AS,Z,12.2,9.0,10.8,26,252,9,1.356,0.583,23.33,SUV,Premium Gasoline
ACURA,MDX SH-AWD A-SPEC,SUV - SMALL,3.5,6,AS,Z,12.2,9.5,11.0,26,258,9,1.284,0.583,23.45,SUV,Premium Gasoline
ACURA,MDX Hybrid AWD,SUV - SMALL,3.0,6,AM,Z,9.1,9.0,9.0,31,210,7,1.011,0.5,23.33,SUV,Premium Gasoline
ACURA,RDX AWD,SUV - SMALL,2.0,4,AS,Z,11.0,8.6,9.9,29,232,10,1.279,0.5,23.43,SUV,Premium Gasoline
ACURA,RDX AWD A-SPEC,SUV - SMALL,2.0,4,AS,Z,11.3,9.1,10.3,27,242,10,1.242,0.5,23.5,SUV,Premium Gasoline
ACURA,RLX Hybrid,MID-SIZE,3.5,6,AM,Z,8.4,8.2,8.4,34,196,7,1.024,0.583,23.33,Mid-size,Premium Gasoline
ALFA ROMEO,4C Coupe,TWO-SEATER,1.8,4,AM,Z,9.7,6.9,8.4,34,197,6,1.406,0.45,23.45,Compact/Small,Premium Gasoline
ALFA ROMEO,4C Spider,TWO-SEATER,1.8,4,AM,Z,9.7,6.9,8.4,34,197,6,1.406,0.45,23.45,Compact/Small,Premium Gasoline
ALFA ROMEO,Giulia,MID-SIZE,2.0,4,A,Z,10.0,7.2,8.7,32,205,8,1.389,0.5,23.56,Mid-size,Premium Gasoline
ALFA ROMEO,Giulia AWD,MID-SIZE,2.0,4,A,Z,10.5,7.7,9.2,31,217,8,1.364,0.5,23.59,Mid-size,Premium Gasoline
ALFA ROMEO,Giulia Quadrifoglio,MID-SIZE,2.9,6,A,Z,13.8,9.6,11.9,24,280,8,1.438,0.483,23.53,Mid-size,Premium Gasoline
ALFA ROMEO,Stelvio,SUV - SMALL,2.0,4,A,Z,10.3,8.1,9.3,30,218,8,1.272,0.5,23.44,SUV,Premium Gasoline
ALFA ROMEO,Stelvio AWD,SUV - SMALL,2.0,4,A,Z,10.8,8.3,9.6,29,226,8,1.301,0.5,23.54,SUV,Premium Gasoline
ALFA ROMEO,Stelvio AWD Quadrifoglio,SUV - SMALL,2.9,6,A,Z,14.1,10.4,12.4,23,292,8,1.356,0.483,23.55,SUV,Premium Gasoline
ASTON MARTIN,DB11 AMR,MINICOMPACT,5.2,12,A,Z,15.5,10.6,13.3,21,312,8,1.462,0.433,23.46,Compact/Small,Premium Gasoline
ASTON MARTIN,DBS Superleggera,MINICOMPACT,5.2,12,A,Z,16.4,10.7,13.8,20,324,8,1.533,0.433,23.48,Compact/Small,Premium Gasoline
ASTON MARTIN,Rapide AMR,SUBCOMPACT,6.0,12,A,Z,16.7,10.9,14.1,20,332,8,1.532,0.5,23.55,Compact/Small,Premium Gasoline
ASTON MARTIN,Vanquish Zagato,MINICOMPACT,6.0,12,A,Z,17.5,11.4,14.7,19,346,8,1.535,0.5,23.54,Compact/Small,Premium Gasoline
ASTON MARTIN,Vantage V8,TWO-SEATER,4.0,8,A,Z,12.7,9.4,11.2,25,264,8,1.351,0.5,23.57,Compact/Small,Premium Gasoline
AUDI,A3,SUBCOMPACT,2.0,4,AM,X,9.1,6.8,8.1,35,188,7,1.338,0.5,23.21,Compact/Small,Regular Gasoline
AUDI,A3 quattro,SUBCOMPACT,2.0,4,AM,X,10.9,7.9,9.6,29,225,7,1.38,0.5,23.44,Compact/Small,Regular Gasoline
AUDI,A3 Cabriolet quattro,SUBCOMPACT,2.0,4,AM,X,10.7,7.9,9.5,30,221,7,1.354,0.5,23.26,Compact/Small,Regular Gasoline
AUDI,A4,COMPACT,2.0,4,AM,Z,8.6,6.9,7.8,36,182,7,1.246,0.5,23.33,Compact/Small,Premium Gasoline
AUDI,A4 quattro,COMPACT,2.0,4,AM,Z,10.0,7.0,8.7,32,204,7,1.429,0.5,23.45,Compact/Small,Premium Gasoline
AUDI,A4 allroad quattro,STATION WAGON - SMALL,2.0,4,AM,Z,10.7,8.0,9.5,30,221,7,1.338,0.5,23.26,Mid-size,Premium Gasoline
AUDI,A5 quattro,SUBCOMPACT,2.0,4,AM,Z,10.0,7.0,8.7,32,204,7,1.429,0.5,23.45,Compact/Small,Premium Gasoline
AUDI,A5 Cabriolet quattro,SUBCOMPACT,2.0,4,AM,Z,10.0,7.0,8.7,32,204,7,1.429,0.5,23.45,Compact/Small,Premium Gasoline
AUDI,A5 Sportback quattro,MID-SIZE,2.0,4,AM,Z,10.0,7.0,8.7,32,204,7,1.429,0.5,23.45,Mid-size,Premium Gasoline
AUDI,A6 quattro,MID-SIZE,3.0,6,AM,Z,10.7,8.2,9.6,29,224,7,1.305,0.5,23.33,Mid-size,Premium Gasoline
AUDI,A7 quattro,MID-SIZE,3.0,6,AM,Z,10.7,8.2,9.6,29,224,7,1.305,0.5,23.33,Mid-size,Premium Gasoline
AUDI,A8L,FULL-SIZE,3.0,6,AS,Z,12.5,8.6,10.8,26,252,8,1.453,0.5,23.33,Mid-size,Premium Gasoline
AUDI,Q3 quattro,SUV - SMALL,2.0,4,AS,X,12.3,8.6,10.6,27,248,8,1.43,0.5,23.4,SUV,Regular Gasoline
AUDI,Q5,SUV - SMALL,2.0,4,AM,Z,10.9,8.7,9.9,29,230,7,1.253,0.5,23.23,SUV,Premium Gasoline
AUDI,Q8,SUV - STANDARD,3.0,6,AS,Z,14.0,10.7,12.5,23,294,8,1.308,0.5,23.52,SUV,Premium Gasoline
AUDI,RS 3,SUBCOMPACT,2.5,5,AM,Z,12.4,8.4,10.6,27,247,7,1.476,0.5,23.3,Compact/Small,Premium Gasoline
AUDI,RS 5 Coupe,SUBCOMPACT,2.9,6,AS,Z,13.3,8.7,11.3,25,262,8,1.529,0.483,23.19,Compact/Small,Premium Gasoline
AUDI,RS 5 Sportback,MID-SIZE,2.9,6,AS,Z,13.5,9.0,11.5,25,268,8,1.5,0.483,23.3,Mid-size,Premium Gasoline
AUDI,S3,SUBCOMPACT,2.0,4,AM,Z,10.7,8.0,9.5,30,222,7,1.338,0.5,23.37,Compact/Small,Premium Gasoline
AUDI,S4,COMPACT,3.0,6,AS,Z,11.3,8.0,9.8,29,230,8,1.412,0.5,23.47,Compact/Small,Premium Gasoline
AUDI,S5,SUBCOMPACT,3.0,6,AS,Z,11.3,8.0,9.8,29,230,8,1.412,0.5,23.47,Compact/Small,Premium Gasoline
AUDI,S5 Cabriolet,SUBCOMPACT,3.0,6,AS,Z,11.4,8.2,9.9,29,234,8,1.39,0.5,23.64,Compact/Small,Premium Gasoline
AUDI,S5 Sportback,MID-SIZE,3.0,6,AS,Z,11.3,8.0,9.8,29,230,8,1.412,0.5,23.47,Mid-size,Premium Gasoline
AUDI,SQ5,SUV - SMALL,3.0,6,AS,Z,12.7,10.0,11.5,25,270,8,1.27,0.5,23.48,SUV,Premium Gasoline
AUDI,TT Coupe quattro,SUBCOMPACT,2.0,4,AM,X,10.3,7.7,9.2,31,213,7,1.338,0.5,23.15,Compact/Small,Regular Gasoline
AUDI,TT Roadster quattro,TWO-SEATER,2.0,4,AM,X,10.3,7.7,9.2,31,213,7,1.338,0.5,23.15,Compact/Small,Regular Gasoline
AUDI,TT RS Coupe,SUBCOMPACT,2.5,5,AM,Z,12.0,8.3,10.3,27,241,7,1.446,0.5,23.4,Compact/Small,Premium Gasoline
AUDI,TTS Coupe,SUBCOMPACT,2.0,4,AM,Z,10.4,8.2,9.4,30,220,7,1.268,0.5,23.4,Compact/Small,Premium Gasoline
BENTLEY,Bentayga,SUV - STANDARD,4.0,8,AS,Z,16.4,10.1,13.6,21,315,8,1.624,0.5,23.16,SUV,Premium Gasoline
BENTLEY,Mulsanne,MID-SIZE,6.8,8,AS,Z,24.5,14.4,20.0,14,465,8,1.701,0.85,23.25,Mid-size,Premium Gasoline
BMW,230i xDrive Cabriolet,SUBCOMPACT,2.0,4,AS,Z,10.2,7.2,8.8,32,207,8,1.417,0.5,23.52,Compact/Small,Premium Gasoline
BMW,230i xDrive Coupe,SUBCOMPACT,2.0,4,AS,Z,9.9,7.1,8.6,33,202,8,1.394,0.5,23.49,Compact/Small,Premium Gasoline
BMW,330i xDrive,COMPACT,2.0,4,AS,Z,9.5,6.9,8.3,34,194,8,1.377,0.5,23.37,Compact/Small,Premium Gasoline
BMW,330i xDrive Gran Turismo,FULL-SIZE,2.0,4,AS,Z,10.2,7.2,8.8,32,207,8,1.417,0.5,23.52,Mid-size,Premium Gasoline
BMW,330i xDrive Touring,STATION WAGON - SMALL,2.0,4,AS,Z,10.2,7.2,8.8,32,207,8,1.417,0.5,23.52,Mid-size,Premium Gasoline
BMW,430i xDrive Cabriolet,SUBCOMPACT,2.0,4,AS,Z,10.6,7.3,9.1,31,213,8,1.452,0.5,23.41,Compact/Small,Premium Gasoline
BMW,430i xDrive Coupe,COMPACT,2.0,4,AS,Z,10.2,7.2,8.8,32,207,8,1.417,0.5,23.52,Compact/Small,Premium Gasoline
BMW,430i xDrive Gran Coupe,COMPACT,2.0,4,AS,Z,10.2,7.2,8.8,32,207,8,1.417,0.5,23.52,Compact/Small,Premium Gasoline
BMW,440i Coupe,COMPACT,3.0,6,AS,Z,11.2,7.3,9.4,30,227,8,1.534,0.5,24.15,Compact/Small,Premium Gasoline
BMW,440i Coupe,COMPACT,3.0,6,M,Z,12.8,8.8,11.0,26,256,6,1.455,0.5,23.27,Compact/Small,Premium Gasoline
BMW,440i xDrive Cabriolet,SUBCOMPACT,3.0,6,AS,Z,11.8,7.9,10.0,28,235,8,1.494,0.5,23.5,Compact/Small,Premium Gasoline
BMW,440i xDrive Coupe,COMPACT,3.0,6,AS,Z,11.4,7.6,9.7,29,228,8,1.5,0.5,23.51,Compact/Small,Premium Gasoline
BMW,440i xDrive Coupe,COMPACT,3.0,6,M,Z,13.0,8.5,11.0,26,256,6,1.529,0.5,23.27,Compact/Small,Premium Gasoline
BMW,440i xDrive Gran Coupe,COMPACT,3.0,6,AS,Z,11.4,7.6,9.7,29,228,8,1.5,0.5,23.51,Compact/Small,Premium Gasoline
BMW,530i xDrive,MID-SIZE,2.0,4,AS,Z,10.2,7.2,8.8,32,207,8,1.417,0.5,23.52,Mid-size,Premium Gasoline
BMW,540i xDrive,MID-SIZE,3.0,6,AS,Z,11.2,8.1,9.8,29,231,8,1.383,0.5,23.57,Mid-size,Premium Gasoline
BMW,640i xDrive Gran Coupe,COMPACT,3.0,6,AS,Z,12.3,8.4,10.5,27,248,8,1.464,0.5,23.62,Compact/Small,Premium Gasoline
BMW,640i xDrive Gran Turismo,FULL-SIZE,3.0,6,AS,Z,11.9,8.4,10.3,27,241,8,1.417,0.5,23.4,Mid-size,Premium Gasoline
BMW,650i xDrive Gran Coupe,COMPACT,4.4,8,AS,Z,14.0,9.6,12.0,24,282,8,1.458,0.55,23.5,Compact/Small,Premium Gasoline
BMW,750i xDrive,FULL-SIZE,4.4,8,AS,Z,13.3,9.2,11.5,25,269,8,1.446,0.55,23.39,Mid-size,Premium Gasoline
BMW,750Li xDrive,FULL-SIZE,4.4,8,AS,Z,14.0,9.6,12.0,24,282,8,1.458,0.55,23.5,Mid-size,Premium Gasoline
BMW,Alpina B6 xDrive Gran Coupe,COMPACT,4.4,8,AS,Z,14.0,9.6,12.0,24,282,8,1.458,0.55,23.5,Compact/Small,Premium Gasoline
BMW,Alpina B7 xDrive,FULL-SIZE,4.4,8,AS,Z,14.0,9.6,12.0,24,282,8,1.458,0.55,23.5,Mid-size,Premium Gasoline
BMW,M2 Competition,SUBCOMPACT,3.0,6,AM,Z,14.3,10.4,12.6,22,294,7,1.375,0.5,23.33,Compact/Small,Premium Gasoline
BMW,M2 Competition,SUBCOMPACT,3.0,6,M,Z,13.4,9.6,11.7,24,273,6,1.396,0.5,23.33,Compact/Small,Premium Gasoline
BMW,M240i Cabriolet,SUBCOMPACT,3.0,6,AS,Z,11.2,7.8,9.7,29,227,8,1.436,0.5,23.4,Compact/Small,Premium Gasoline
BMW,M240i Cabriolet,SUBCOMPACT,3.0,6,M,Z,12.8,8.8,11.0,26,256,6,1.455,0.5,23.27,Compact/Small,Premium Gasoline
BMW,M240i Coupe,SUBCOMPACT,3.0,6,AS,Z,11.2,7.8,9.7,29,227,8,1.436,0.5,23.4,Compact/Small,Premium Gasoline
BMW,M240i Coupe,SUBCOMPACT,3.0,6,M,Z,12.8,8.8,11.0,26,256,6,1.455,0.5,23.27,Compact/Small,Premium Gasoline
BMW,M240i Coupe M Performance,SUBCOMPACT,3.0,6,AS,Z,11.2,7.8,9.7,29,227,8,1.436,0.5,23.4,Compact/Small,Premium Gasoline
BMW,M240i Coupe M Performance,SUBCOMPACT,3.0,6,M,Z,12.8,8.8,11.0,26,256,6,1.455,0.5,23.27,Compact/Small,Premium Gasoline
BMW,M240i xDrive Cabriolet,SUBCOMPACT,3.0,6,AS,Z,11.3,8.0,9.8,29,229,8,1.412,0.5,23.37,Compact/Small,Premium Gasoline
BMW,M240i xDrive Coupe,SUBCOMPACT,3.0,6,AS,Z,11.3,8.0,9.8,29,229,8,1.412,0.5,23.37,Compact/Small,Premium Gasoline
BMW,M240i xDrive Coupe M Performance,SUBCOMPACT,3.0,6,AS,Z,11.3,8.0,9.8,29,229,8,1.412,0.5,23.37,Compact/Small,Premium Gasoline
BMW,M4 Cabriolet,SUBCOMPACT,3.0,6,AM,Z,14.5,10.5,12.7,22,299,7,1.381,0.5,23.54,Compact/Small,Premium Gasoline
BMW,M4 Cabriolet,SUBCOMPACT,3.0,6,M,Z,13.8,9.4,11.9,24,280,6,1.468,0.5,23.53,Compact/Small,Premium Gasoline
BMW,M4 Cabriolet Competition,SUBCOMPACT,3.0,6,AM,Z,14.5,10.5,12.7,22,299,7,1.381,0.5,23.54,Compact/Small,Premium Gasoline
BMW,M4 Cabriolet Competition,SUBCOMPACT,3.0,6,M,Z,13.8,9.4,11.9,24,280,6,1.468,0.5,23.53,Compact/Small,Premium Gasoline
BMW,M4 Coupe,COMPACT,3.0,6,AM,Z,14.3,10.4,12.6,22,294,7,1.375,0.5,23.33,Compact/Small,Premium Gasoline
BMW,M4 Coupe,COMPACT,3.0,6,M,Z,13.4,9.6,11.7,24,273,6,1.396,0.5,23.33,Compact/Small,Premium Gasoline
BMW,M4 Coupe Competition,COMPACT,3.0,6,AM,Z,14.3,10.4,12.6,22,294,7,1.375,0.5,23.33,Compact/Small,Premium Gasoline
BMW,M4 Coupe Competition,COMPACT,3.0,6,M,Z,13.4,9.6,11.7,24,273,6,1.396,0.5,23.33,Compact/Small,Premium Gasoline
BMW,M4 CS,COMPACT,3.0,6,AM,Z,14.3,10.4,12.6,22,294,7,1.375,0.5,23.33,Compact/Small,Premium Gasoline
BMW,M5,MID-SIZE,4.4,8,AS,Z,16.0,11.2,13.9,20,324,8,1.429,0.55,23.31,Mid-size,Premium Gasoline
BMW,M5 Competition,MID-SIZE,4.4,8,AS,Z,16.0,11.2,13.9,20,324,8,1.429,0.55,23.31,Mid-size,Premium Gasoline
BMW,M550i xDrive,MID-SIZE,4.4,8,AS,Z,13.3,9.2,11.5,25,269,8,1.446,0.55,23.39,Mid-size,Premium Gasoline
BMW,M6 Gran Coupe,COMPACT,4.4,8,AM,Z,17.3,11.6,14.7,19,344,7,1.491,0.55,23.4,Compact/Small,Premium Gasoline
BMW,M760Li xDrive,FULL-SIZE,6.6,12,AS,Z,17.7,11.9,15.1,19,355,8,1.487,0.55,23.51,Mid-size,Premium Gasoline
BMW,M850i xDrive Cabriolet,SUBCOMPACT,4.4,8,AS,Z,13.5,9.2,11.6,24,270,8,1.467,0.55,23.28,Compact/Small,Premium Gasoline
BMW,M850i xDrive Coupe,SUBCOMPACT,4.4,8,AS,Z,13.3,9.2,11.5,25,269,8,1.446,0.55,23.39,Compact/Small,Premium Gasoline
BMW,X1 xDrive28i,SUV - SMALL,2.0,4,AS,Z,10.7,7.5,9.3,30,217,8,1.427,0.5,23.33,SUV,Premium Gasoline
BMW,X2 xDrive28i,SUV - SMALL,2.0,4,AS,Z,11.0,7.7,9.5,30,222,8,1.429,0.5,23.37,SUV,Premium Gasoline
BMW,X3 xDrive30i,SUV - SMALL,2.0,4,AS,Z,10.8,8.0,9.6,29,223,8,1.35,0.5,23.23,SUV,Premium Gasoline
BMW,X3 M40i,SUV - SMALL,3.0,6,AS,Z,11.9,8.7,10.4,27,245,8,1.368,0.5,23.56,SUV,Premium Gasoline
BMW,X4 xDrive30i,SUV - SMALL,2.0,4,AS,Z,10.8,8.0,9.6,29,223,8,1.35,0.5,23.23,SUV,Premium Gasoline
BMW,X4 M40i,SUV - SMALL,3.0,6,AS,Z,11.9,8.7,10.4,27,245,8,1.368,0.5,23.56,SUV,Premium Gasoline
BMW,X5 xDrive40i,SUV - STANDARD,3.0,6,AS,Z,11.7,9.1,10.5,27,245,8,1.286,0.5,23.33,SUV,Premium Gasoline
BMW,X5 xDrive50i,SUV - STANDARD,4.4,8,AS,Z,15.3,11.1,13.4,21,314,8,1.378,0.55,23.43,SUV,Premium Gasoline
BMW,X6 xDrive35i,SUV - STANDARD,3.0,6,AS,Z,13.0,9.9,11.6,24,272,8,1.313,0.5,23.45,SUV,Premium Gasoline
BMW,X6 xDrive50i,SUV - STANDARD,4.4,8,AS,Z,14.3,10.6,12.6,22,294,8,1.349,0.55,23.33,SUV,Premium Gasoline
BMW,X7 xDrive40i,SUV - STANDARD,3.0,6,AS,Z,12.0,9.4,10.8,26,254,8,1.277,0.5,23.52,SUV,Premium Gasoline
BMW,X7 xDrive50i,SUV - STANDARD,4.4,8,AS,Z,14.3,10.6,12.6,22,294,8,1.349,0.55,23.33,SUV,Premium Gasoline
BUGATTI,Chiron,TWO-SEATER,8.0,16,AM,Z,26.8,16.6,22.2,13,522,7,1.614,0.5,23.51,Compact/Small,Premium Gasoline
BUICK,Enclave,SUV - STANDARD,3.6,6,A,X,13.0,9.1,11.2,25,263,9,1.429,0.6,23.48,SUV,Regular Gasoline
BUICK,Enclave AWD,SUV - STANDARD,3.6,6,A,X,13.8,9.5,11.9,24,278,9,1.453,0.6,23.36,SUV,Regular Gasoline
BUICK,Encore,SUV - SMALL,1.4,4,AS,X,9.4,7.8,8.7,32,204,6,1.205,0.35,23.45,SUV,Regular Gasoline
BUICK,Encore (SIDI with Stop/Start),SUV - SMALL,1.4,4,AS,X,8.9,7.5,8.3,34,194,6,1.187,0.35,23.37,SUV,Regular Gasoline
BUICK,Encore AWD,SUV - SMALL,1.4,4,AS,X,9.9,8.1,9.1,31,214,6,1.222,0.35,23.52,SUV,Regular Gasoline
BUICK,Encore AWD (SIDI with Stop/Start),SUV - SMALL,1.4,4,AS,X,9.4,7.9,8.8,32,205,6,1.19,0.35,23.3,SUV,Regular Gasoline
BUICK,Envision AWD,SUV - SMALL,2.0,4,A,Z,11.7,9.4,10.7,26,249,9,1.245,0.5,23.27,SUV,Premium Gasoline
BUICK,Envision AWD,SUV - SMALL,2.5,4,A,X,11.1,8.6,10.0,28,234,6,1.291,0.625,23.4,SUV,Regular Gasoline
BUICK,LaCrosse,MID-SIZE,3.6,6,AS,X,11.7,7.8,9.9,29,233,9,1.5,0.6,23.54,Mid-size,Regular Gasoline
BUICK,LaCrosse eAssist,MID-SIZE,2.5,4,AS,X,9.4,6.8,8.2,34,192,6,1.382,0.625,23.41,Mid-size,Regular Gasoline
BUICK,LaCrosse AWD,MID-SIZE,3.6,6,AS,X,11.7,8.2,10.1,28,238,9,1.427,0.6,23.56,Mid-size,Regular Gasoline
BUICK,Regal,MID-SIZE,2.0,4,AS,Z,10.6,7.4,9.1,31,214,9,1.432,0.5,23.52,Mid-size,Premium Gasoline
BUICK,Regal AWD,MID-SIZE,2.0,4,AS,Z,11.0,8.0,9.6,29,227,8,1.375,0.5,23.65,Mid-size,Premium Gasoline
BUICK,Regal AWD,MID-SIZE,3.6,6,AS,X,12.4,8.7,10.7,26,251,9,1.425,0.6,23.46,Mid-size,Regular Gasoline
CADILLAC,CT6 AWD,FULL-SIZE,3.0,6,AS,Z,13.1,9.1,11.3,25,267,10,1.44,0.5,23.63,Mid-size,Premium Gasoline
CADILLAC,CT6 AWD,FULL-SIZE,3.6,6,AS,X,13.0,8.8,11.1,25,261,10,1.477,0.6,23.51,Mid-size,Regular Gasoline
CADILLAC,CT6 AWD,FULL-SIZE,4.2,8,AS,Z,17.3,9.5,13.8,20,324,10,1.821,0.525,23.48,Mid-size,Premium Gasoline
CADILLAC,CTS,MID-SIZE,2.0,4,AS,Z,11.0,7.8,9.5,30,222,8,1.41,0.5,23.37,Mid-size,Premium Gasoline
CADILLAC,CTS,MID-SIZE,3.6,6,AS,X,12.3,8.2,10.5,27,246,8,1.5,0.6,23.43,Mid-size,Regular Gasoline
CADILLAC,CTS AWD,MID-SIZE,2.0,4,AS,Z,11.4,8.1,9.9,29,232,8,1.407,0.5,23.43,Mid-size,Premium Gasoline
CADILLAC,CTS AWD,MID-SIZE,3.6,6,AS,X,13.3,9.2,11.5,25,269,8,1.446,0.6,23.39,Mid-size,Regular Gasoline
CADILLAC,CTS Vsport,MID-SIZE,3.6,6,AS,Z,15.0,9.9,12.7,22,298,8,1.515,0.6,23.46,Mid-size,Premium Gasoline
CADILLAC,CTS-V,MID-SIZE,6.2,8,AS,Z,17.1,11.0,14.3,20,337,8,1.555,0.775,23.57,Mid-size,Premium Gasoline
CADILLAC,Escalade 4WD,SUV - STANDARD,6.2,8,A,Z,16.6,10.9,14.0,20,328,10,1.523,0.775,23.43,SUV,Premium Gasoline
CADILLAC,XT4,SUV - SMALL,2.0,4,AS,Z,9.8,7.8,8.9,32,209,9,1.256,0.5,23.48,SUV,Premium Gasoline
CADILLAC,XT4 AWD,SUV - SMALL,2.0,4,AS,Z,10.9,8.2,9.7,29,227,9,1.329,0.5,23.4,SUV,Premium Gasoline
CADILLAC,XTS,FULL-SIZE,3.6,6,AS,X,12.9,8.7,11.0,26,259,6,1.483,0.6,23.55,Mid-size,Regular Gasoline
CADILLAC,XTS Vsport AWD,FULL-SIZE,3.6,6,AS,Z,15.0,10.1,12.8,22,302,6,1.485,0.6,23.59,Mid-size,Premium Gasoline
CHEVROLET,Blazer,SUV - SMALL,2.5,4,A,X,10.8,8.8,9.9,29,232,9,1.227,0.625,23.43,SUV,Regular Gasoline
CHEVROLET,Blazer,SUV - SMALL,3.6,6,A,X,12.0,9.0,10.6,27,250,9,1.333,0.6,23.58,SUV,Regular Gasoline
CHEVROLET,Blazer AWD,SUV - SMALL,3.6,6,A,X,12.7,9.5,11.3,25,265,9,1.337,0.6,23.45,SUV,Regular Gasoline
CHEVROLET,Camaro,SUBCOMPACT,2.0,4,AS,Z,10.8,7.7,9.4,30,220,8,1.403,0.5,23.4,Compact/Small,Premium Gasoline
CHEVROLET,Camaro,SUBCOMPACT,2.0,4,M,Z,11.9,7.9,10.1,28,235,6,1.506,0.5,23.27,Compact/Small,Premium Gasoline
CHEVROLET,Camaro,SUBCOMPACT,3.6,6,AS,X,12.3,8.2,10.4,27,246,8,1.5,0.6,23.65,Compact/Small,Regular Gasoline
CHEVROLET,Camaro,SUBCOMPACT,3.6,6,M,X,14.3,8.8,11.8,24,277,6,1.625,0.6,23.47,Compact/Small,Regular Gasoline
CHEVROLET,Camaro SS,SUBCOMPACT,6.2,8,AS,Z,14.5,8.8,12.0,24,279,10,1.648,0.775,23.25,Compact/Small,Premium Gasoline
CHEVROLET,Camaro SS,SUBCOMPACT,6.2,8,M,Z,14.9,9.9,12.6,22,297,6,1.505,0.775,23.57,Compact/Small,Premium Gasoline
CHEVROLET,Camaro ZL1,SUBCOMPACT,6.2,8,AS,Z,18.3,11.2,15.1,19,355,10,1.634,0.775,23.51,Compact/Small,Premium Gasoline
CHEVROLET,Camaro ZL1,SUBCOMPACT,6.2,8,M,Z,17.2,12.0,14.9,19,349,6,1.433,0.775,23.42,Compact/Small,Premium Gasoline
CHEVROLET,Colorado,PICKUP TRUCK - SMALL,2.5,4,A,X,12.1,9.2,10.8,26,253,6,1.315,0.625,23.43,Truck/Van,Regular Gasoline
CHEVROLET,Colorado,PICKUP TRUCK - SMALL,2.5,4,M,X,11.9,9.2,10.7,26,251,6,1.293,0.625,23.46,Truck/Van,Regular Gasoline
CHEVROLET,Colorado,PICKUP TRUCK - SMALL,2.8,4,A,D,11.8,7.9,10.1,28,270,6,1.494,0.7,26.73,Truck/Van,Diesel
CHEVROLET,Colorado,PICKUP TRUCK - SMALL,3.6,6,A,X,13.4,9.6,11.7,24,274,8,1.396,0.6,23.42,Truck/Van,Regular Gasoline
CHEVROLET,Colorado 4WD,PICKUP TRUCK - SMALL,2.5,4,A,X,12.7,9.8,11.4,25,267,6,1.296,0.625,23.42,Truck/Van,Regular Gasoline
CHEVROLET,Colorado 4WD,PICKUP TRUCK - SMALL,2.8,4,A,D,12.2,8.4,10.5,27,283,6,1.452,0.7,26.95,Truck/Van,Diesel
CHEVROLET,Colorado 4WD,PICKUP TRUCK - SMALL,3.6,6,A,X,14.0,9.9,12.2,23,286,8,1.414,0.6,23.44,Truck/Van,Regular Gasoline
CHEVROLET,Colorado ZR2 4WD,PICKUP TRUCK - SMALL,2.8,4,A,D,13.3,10.6,12.1,23,326,6,1.255,0.7,26.94,Truck/Van,Diesel
CHEVROLET,Colorado ZR2 4WD,PICKUP TRUCK - SMALL,3.6,6,A,X,15.0,13.0,14.1,20,331,8,1.154,0.6,23.48,Truck/Van,Regular Gasoline
CHEVROLET,Corvette,TWO-SEATER,6.2,8,AS,Z,15.6,9.2,12.7,22,299,8,1.696,0.775,23.54,Compact/Small,Premium Gasoline
CHEVROLET,Corvette,TWO-SEATER,6.2,8,M,Z,14.6,9.3,12.2,23,286,7,1.57,0.775,23.44,Compact/Small,Premium Gasoline
CHEVROLET,Corvette Z06,TWO-SEATER,6.2,8,AS,Z,17.2,10.1,14.0,20,331,8,1.703,0.775,23.64,Compact/Small,Premium Gasoline
CHEVROLET,Corvette Z06,TWO-SEATER,6.2,8,M,Z,15.9,10.6,13.5,21,318,7,1.5,0.775,23.56,Compact/Small,Premium Gasoline
CHEVROLET,Corvette ZR1,TWO-SEATER,6.2,8,AS,Z,19.5,12.0,16.1,18,381,8,1.625,0.775,23.66,Compact/Small,Premium Gasoline
CHEVROLET,Corvette ZR1,TWO-SEATER,6.2,8,M,Z,18.2,12.5,15.6,18,368,7,1.456,0.775,23.59,Compact/Small,Premium Gasoline
CHEVROLET,Cruze,COMPACT,1.4,4,AS,X,8.3,6.2,7.3,39,172,6,1.339,0.35,23.56,Compact/Small,Regular Gasoline
CHEVROLET,Cruze Premier,COMPACT,1.4,4,AS,X,8.3,6.2,7.3,39,172,6,1.339,0.35,23.56,Compact/Small,Regular Gasoline
CHEVROLET,Cruze Diesel,COMPACT,1.6,4,A,D,7.6,4.9,6.4,44,172,9,1.551,0.4,26.88,Compact/Small,Diesel
CHEVROLET,Cruze Hatchback,MID-SIZE,1.4,4,AS,X,8.3,6.2,7.3,39,172,6,1.339,0.35,23.56,Mid-size,Regular Gasoline
CHEVROLET,Cruze Hatchback Premier,MID-SIZE,1.4,4,AS,X,8.5,6.4,7.5,38,175,6,1.328,0.35,23.33,Mid-size,Regular Gasoline
CHEVROLET,Cruze Hatchback Diesel,MID-SIZE,1.6,4,A,D,7.8,5.2,6.6,43,178,9,1.5,0.4,26.97,Mid-size,Diesel
CHEVROLET,Equinox,SUV - SMALL,1.5,4,A,X,9.2,7.3,8.3,34,196,6,1.26,0.375,23.61,SUV,Regular Gasoline
CHEVROLET,Equinox,SUV - SMALL,1.6,4,A,D,8.5,6.0,7.4,38,199,6,1.417,0.4,26.89,SUV,Diesel
CHEVROLET,Equinox AWD,SUV - SMALL,1.5,4,A,X,9.3,7.8,8.6,33,207,6,1.192,0.375,24.07,SUV,Regular Gasoline
CHEVROLET,Equinox AWD,SUV - SMALL,1.6,4,A,D,8.5,6.1,7.4,38,199,6,1.393,0.4,26.89,SUV,Diesel
CHEVROLET,Equinox AWD,SUV - SMALL,2.0,4,A,Z,10.9,8.3,9.7,29,228,9,1.313,0.5,23.51,SUV,Premium Gasoline
CHEVROLET,Impala,FULL-SIZE,2.5,4,AS,X,10.8,8.0,9.6,29,225,6,1.35,0.625,23.44,Mid-size,Regular Gasoline
CHEVROLET,Impala,FULL-SIZE,3.6,6,AS,X,12.7,8.5,10.8,26,254,6,1.494,0.6,23.52,Mid-size,Regular Gasoline
CHEVROLET,Impala,FULL-SIZE,3.6,6,AS,E,17.2,11.6,14.6,19,245,6,1.483,0.6,16.78,Mid-size,Ethanol (E85)
CHEVROLET,Malibu,MID-SIZE,1.5,4,AV,X,8.2,6.6,7.5,38,174,,1.242,0.375,23.2,Mid-size,Regular Gasoline
CHEVROLET,Malibu,MID-SIZE,2.0,4,A,Z,10.5,7.4,9.1,31,214,9,1.419,0.5,23.52,Mid-size,Premium Gasoline
CHEVROLET,Malibu Hybrid,MID-SIZE,1.8,4,AV,X,4.8,5.5,5.1,55,121,,0.873,0.45,23.73,Mid-size,Regular Gasoline
CHEVROLET,Silverado,PICKUP TRUCK - STANDARD,2.7,4,A,X,11.9,10.3,11.1,25,261,8,1.155,0.675,23.51,Truck/Van,Regular Gasoline
CHEVROLET,Silverado,PICKUP TRUCK - STANDARD,4.3,6,A,X,15.1,11.5,13.5,21,316,6,1.313,0.717,23.41,Truck/Van,Regular Gasoline
CHEVROLET,Silverado,PICKUP TRUCK - STANDARD,5.3,8,A,X,15.9,11.4,13.9,20,326,6,1.395,0.662,23.45,Truck/Van,Regular Gasoline
CHEVROLET,Silverado FFV,PICKUP TRUCK - STANDARD,5.3,8,A,X,15.7,11.9,14.0,20,329,6,1.319,0.662,23.5,Truck/Van,Regular Gasoline
CHEVROLET,Silverado FFV,PICKUP TRUCK - STANDARD,5.3,8,A,E,21.1,15.0,18.4,15,306,6,1.407,0.662,16.63,Truck/Van,Ethanol (E85)
CHEVROLET,Silverado,PICKUP TRUCK - STANDARD,5.3,8,A,X,14.1,10.2,12.4,23,290,8,1.382,0.662,23.39,Truck/Van,Regular Gasoline
CHEVROLET,Silverado 4WD,PICKUP TRUCK - STANDARD,2.7,4,A,X,12.5,10.8,11.7,24,275,8,1.157,0.675,23.5,Truck/Van,Regular Gasoline
CHEVROLET,Silverado 4WD,PICKUP TRUCK - STANDARD,4.3,6,A,X,15.8,11.9,14.0,20,329,6,1.328,0.717,23.5,Truck/Van,Regular Gasoline
CHEVROLET,Silverado 4WD Trail Boss,PICKUP TRUCK - STANDARD,4.3,6,A,X,16.3,12.9,14.8,19,347,6,1.264,0.717,23.45,Truck/Van,Regular Gasoline
CHEVROLET,Silverado 4WD,PICKUP TRUCK - STANDARD,5.3,8,A,X,15.9,11.7,14.0,20,329,6,1.359,0.662,23.5,Truck/Van,Regular Gasoline
CHEVROLET,Silverado 4WD FFV,PICKUP TRUCK - STANDARD,5.3,8,A,X,16.1,12.5,14.4,20,339,6,1.288,0.662,23.54,Truck/Van,Regular Gasoline
CHEVROLET,Silverado 4WD FFV,PICKUP TRUCK - STANDARD,5.3,8,A,E,22.0,16.1,19.3,15,322,6,1.366,0.662,16.68,Truck/Van,Ethanol (E85)
CHEVROLET,Silverado 4WD Trail Boss,PICKUP TRUCK - STANDARD,5.3,8,A,X,16.5,13.0,14.9,19,350,6,1.269,0.662,23.49,Truck/Van,Regular Gasoline
CHEVROLET,Silverado 4WD,PICKUP TRUCK - STANDARD,5.3,8,A,X,14.9,10.8,13.1,22,306,8,1.38,0.662,23.36,Truck/Van,Regular Gasoline
CHEVROLET,Silverado 4WD Trail Boss,PICKUP TRUCK - STANDARD,5.3,8,A,X,15.3,11.8,13.7,21,320,8,1.297,0.662,23.36,Truck/Van,Regular Gasoline
CHEVROLET,Silverado 4WD,PICKUP TRUCK - STANDARD,6.2,8,A,Z,15.0,12.0,13.7,21,321,10,1.25,0.775,23.43,Truck/Van,Premium Gasoline
CHEVROLET,Silverado LD,PICKUP TRUCK - STANDARD,5.3,8,A,X,15.6,10.9,13.5,21,317,6,1.431,0.662,23.48,Truck/Van,Regular Gasoline
CHEVROLET,Silverado LD 4WD,PICKUP TRUCK - STANDARD,5.3,8,A,X,15.8,11.4,13.8,20,325,6,1.386,0.662,23.55,Truck/Van,Regular Gasoline
CHEVROLET,Spark,SUBCOMPACT,1.4,4,AV,X,7.9,6.2,7.1,40,167,,1.274,0.35,23.52,Compact/Small,Regular Gasoline
CHEVROLET,Spark,SUBCOMPACT,1.4,4,M,X,8.0,6.2,7.2,39,170,5,1.29,0.35,23.61,Compact/Small,Regular Gasoline
CHEVROLET,Suburban,SUV - STANDARD,5.3,8,A,X,15.7,10.5,13.4,21,314,6,1.495,0.662,23.43,SUV,Regular Gasoline
CHEVROLET,Suburban FFV,SUV - STANDARD,5.3,8,A,X,15.7,10.5,13.4,21,314,6,1.495,0.662,23.43,SUV,Regular Gasoline
CHEVROLET,Suburban FFV,SUV - STANDARD,5.3,8,A,E,21.2,13.9,17.9,16,298,6,1.525,0.662,16.65,SUV,Ethanol (E85)
CHEVROLET,Suburban 4WD,SUV - STANDARD,5.3,8,A,X,16.8,11.3,14.3,20,336,6,1.487,0.662,23.5,SUV,Regular Gasoline
CHEVROLET,Suburban 4WD FFV,SUV - STANDARD,5.3,8,A,X,16.8,11.3,14.3,20,336,6,1.487,0.662,23.5,SUV,Regular Gasoline
CHEVROLET,Suburban 4WD FFV,SUV - STANDARD,5.3,8,A,E,22.2,15.2,19.0,15,317,6,1.461,0.662,16.68,SUV,Ethanol (E85)
CHEVROLET,Suburban 4WD,SUV - STANDARD,6.2,8,A,Z,17.1,11.3,14.5,19,340,10,1.513,0.775,23.45,SUV,Premium Gasoline
CHEVROLET,Tahoe,SUV - STANDARD,5.3,8,A,X,15.7,10.5,13.4,21,314,6,1.495,0.662,23.43,SUV,Regular Gasoline
CHEVROLET,Tahoe FFV,SUV - STANDARD,5.3,8,A,X,15.7,10.5,13.4,21,314,6,1.495,0.662,23.43,SUV,Regular Gasoline
CHEVROLET,Tahoe FFV,SUV - STANDARD,5.3,8,A,E,21.2,13.9,17.9,16,298,6,1.525,0.662,16.65,SUV,Ethanol (E85)
CHEVROLET,Tahoe 4WD,SUV - STANDARD,5.3,8,A,X,15.8,11.1,13.7,21,321,6,1.423,0.662,23.43,SUV,Regular Gasoline
CHEVROLET,Tahoe 4WD FFV,SUV - STANDARD,5.3,8,A,X,15.8,11.1,13.7,21,321,6,1.423,0.662,23.43,SUV,Regular Gasoline
CHEVROLET,Tahoe 4WD FFV,SUV - STANDARD,5.3,8,A,E,21.7,14.3,18.4,15,305,6,1.517,0.662,16.58,SUV,Ethanol (E85)
CHEVROLET,Tahoe 4WD,SUV - STANDARD,6.2,8,A,Z,16.4,10.7,13.8,20,325,10,1.533,0.775,23.55,SUV,Premium Gasoline
CHEVROLET,Traverse,SUV - STANDARD,3.6,6,A,X,13.0,8.8,11.1,25,261,9,1.477,0.6,23.51,SUV,Regular Gasoline
CHEVROLET,Traverse AWD,SUV - STANDARD,3.6,6,A,X,13.7,9.5,11.8,24,277,9,1.442,0.6,23.47,SUV,Regular Gasoline
CHEVROLET,Trax,SUV - SMALL,1.4,4,AS,X,9.1,7.6,8.4,34,196,6,1.197,0.35,23.33,SUV,Regular Gasoline
CHEVROLET,Trax,SUV - SMALL,1.4,4,M,X,9.4,6.9,8.3,34,194,6,1.362,0.35,23.37,SUV,Regular Gasoline
CHEVROLET,Trax 4WD,SUV - SMALL,1.4,4,AS,X,9.9,8.1,9.1,31,214,6,1.222,0.35,23.52,SUV,Regular Gasoline
CHRYSLER,Pacifica,MINIVAN,3.6,6,A,X,12.9,8.4,10.9,26,259,9,1.536,0.6,23.76,Truck/Van,Regular Gasoline
CHRYSLER,Pacifica (Stop-Start),MINIVAN,3.6,6,A,X,12.4,8.4,10.6,27,249,9,1.476,0.6,23.49,Truck/Van,Regular Gasoline
DODGE,Challenger,MID-SIZE,3.6,6,A,X,12.4,7.8,10.3,27,242,8,1.59,0.6,23.5,Mid-size,Regular Gasoline
DODGE,Challenger,MID-SIZE,5.7,8,M,Z,15.6,10.1,13.1,22,307,6,1.545,0.712,23.44,Mid-size,Premium Gasoline
DODGE,Challenger,MID-SIZE,6.4,8,M,Z,16.7,10.4,13.9,20,325,6,1.606,0.8,23.38,Mid-size,Premium Gasoline
DODGE,Challenger (MDS),MID-SIZE,5.7,8,A,X,14.7,9.4,12.3,23,289,8,1.564,0.712,23.5,Mid-size,Regular Gasoline
DODGE,Challenger (MDS),MID-SIZE,6.4,8,A,Z,15.8,9.6,13.0,22,304,8,1.646,0.8,23.38,Mid-size,Premium Gasoline
DODGE,Challenger GT AWD,MID-SIZE,3.6,6,A,X,12.8,8.7,11.0,26,258,8,1.471,0.6,23.45,Mid-size,Regular Gasoline
DODGE,Challenger SRT Hellcat,MID-SIZE,6.2,8,A,Z,17.6,10.7,14.5,19,339,8,1.645,0.775,23.38,Mid-size,Premium Gasoline
DODGE,Challenger SRT Hellcat,MID-SIZE,6.2,8,M,Z,18.1,11.4,15.1,19,352,6,1.588,0.775,23.31,Mid-size,Premium Gasoline
DODGE,Challenger SRT Hellcat Redeye,MID-SIZE,6.2,8,A,Z,17.6,10.7,14.5,19,339,8,1.645,0.775,23.38,Mid-size,Premium Gasoline
DODGE,Charger,FULL-SIZE,3.6,6,A,X,13.7,9.0,11.6,24,271,5,1.522,0.6,23.36,Mid-size,Regular Gasoline
DODGE,Charger FFV,FULL-SIZE,3.6,6,A,X,13.7,9.0,11.6,24,271,5,1.522,0.6,23.36,Mid-size,Regular Gasoline
DODGE,Charger FFV,FULL-SIZE,3.6,6,A,E,18.9,12.7,16.1,18,268,5,1.488,0.6,16.65,Mid-size,Ethanol (E85)
DODGE,Charger,FULL-SIZE,3.6,6,A,X,12.4,7.8,10.3,27,242,8,1.59,0.6,23.5,Mid-size,Regular Gasoline
DODGE,Charger FFV,FULL-SIZE,3.6,6,A,X,12.4,7.8,10.3,27,242,8,1.59,0.6,23.5,Mid-size,Regular Gasoline
DODGE,Charger FFV,FULL-SIZE,3.6,6,A,E,17.1,10.6,14.2,20,234,8,1.613,0.6,16.48,Mid-size,Ethanol (E85)
DODGE,Charger (MDS),FULL-SIZE,5.7,8,A,X,15.6,9.7,12.9,22,302,5,1.608,0.712,23.41,Mid-size,Regular Gasoline
DODGE,Charger (MDS),FULL-SIZE,5.7,8,A,X,14.7,9.4,12.3,23,289,8,1.564,0.712,23.5,Mid-size,Regular Gasoline
DODGE,Charger (MDS),FULL-SIZE,6.4,8,A,Z,15.8,9.6,13.0,22,304,8,1.646,0.8,23.38,Mid-size,Premium Gasoline
DODGE,Charger AWD,FULL-SIZE,3.6,6,A,X,12.8,8.7,11.0,26,258,8,1.471,0.6,23.45,Mid-size,Regular Gasoline
DODGE,Charger AWD FFV,FULL-SIZE,3.6,6,A,X,12.8,8.7,11.0,26,258,8,1.471,0.6,23.45,Mid-size,Regular Gasoline
DODGE,Charger AWD FFV,FULL-SIZE,3.6,6,A,E,17.6,12.0,15.0,19,248,8,1.467,0.6,16.53,Mid-size,Ethanol (E85)
DODGE,Charger AWD (MDS),FULL-SIZE,5.7,8,A,X,16.0,10.1,13.3,21,312,5,1.584,0.712,23.46,Mid-size,Regular Gasoline
DODGE,Charger SRT Hellcat,FULL-SIZE,6.2,8,A,Z,17.6,10.7,14.5,19,339,8,1.645,0.775,23.38,Mid-size,Premium Gasoline
DODGE,Durango AWD,SUV - STANDARD,3.6,6,A,X,12.7,9.6,11.3,25,265,8,1.323,0.6,23.45,SUV,Regular Gasoline
DODGE,Durango AWD,SUV - STANDARD,5.7,8,A,X,16.7,10.9,14.1,20,331,8,1.532,0.712,23.48,SUV,Regular Gasoline
DODGE,Durango AWD SRT,SUV - STANDARD,6.4,8,A,Z,18.3,12.2,15.6,18,363,8,1.5,0.8,23.27,SUV,Premium Gasoline
DODGE,Grand Caravan FFV,MINIVAN,3.6,6,A,X,13.7,9.4,11.8,24,276,6,1.457,0.6,23.39,Truck/Van,Regular Gasoline
DODGE,Grand Caravan FFV,MINIVAN,3.6,6,A,E,19.4,13.3,16.7,17,274,6,1.459,0.6,16.41,Truck/Van,Ethanol (E85)
DODGE,Journey,SUV - SMALL,2.4,4,A,X,12.7,9.2,11.1,25,261,4,1.38,0.6,23.51,SUV,Regular Gasoline
DODGE,Journey FFV,SUV - SMALL,3.6,6,A,X,14.2,9.5,12.1,23,284,6,1.495,0.6,23.47,SUV,Regular Gasoline
DODGE,Journey FFV,SUV - SMALL,3.6,6,A,E,19.1,13.2,16.4,17,274,6,1.447,0.6,16.71,SUV,Ethanol (E85)
DODGE,Journey AWD,SUV - SMALL,3.6,6,A,X,14.5,10.0,12.4,23,292,6,1.45,0.6,23.55,SUV,Regular Gasoline
FIAT,124 Spider,TWO-SEATER,1.4,4,A,X,9.3,6.5,8.0,35,187,6,1.431,0.35,23.38,Compact/Small,Regular Gasoline
FIAT,124 Spider,TWO-SEATER,1.4,4,M,X,9.0,6.7,7.9,36,185,6,1.343,0.35,23.42,Compact/Small,Regular Gasoline
FIAT,500,MINICOMPACT,1.4,4,A,X,9.7,7.4,8.7,32,203,6,1.311,0.35,23.33,Compact/Small,Regular Gasoline
FIAT,500,MINICOMPACT,1.4,4,M,X,8.5,7.1,7.9,36,186,5,1.197,0.35,23.54,Compact/Small,Regular Gasoline
FIAT,500X AWD,SUV - SMALL,1.3,4,A,X,10.0,7.9,9.1,31,213,9,1.266,0.325,23.41,SUV,Regular Gasoline
FORD,EcoSport,SUV - SMALL,1.0,3,AS,X,8.6,8.1,8.4,34,196,6,1.062,0.333,23.33,SUV,Regular Gasoline
FORD,EcoSport AWD,SUV - SMALL,2.0,4,AS,X,10.2,8.0,9.3,30,218,6,1.275,0.5,23.44,SUV,Regular Gasoline
FORD,Edge,SUV - SMALL,2.0,4,AS,X,10.9,8.0,9.6,29,224,8,1.362,0.5,23.33,SUV,Regular Gasoline
FORD,Edge AWD,SUV - SMALL,2.0,4,AS,X,11.4,8.3,10.0,28,233,8,1.373,0.5,23.3,SUV,Regular Gasoline
FORD,Edge AWD,SUV - SMALL,2.7,6,AS,X,12.6,9.2,11.0,26,259,8,1.37,0.45,23.55,SUV,Regular Gasoline
FORD,Escape,SUV - SMALL,1.5,4,AS,X,10.2,7.8,9.1,31,214,6,1.308,0.375,23.52,SUV,Regular Gasoline
FORD,Escape FFV,SUV - SMALL,2.5,4,AS,X,11.0,8.0,9.6,29,226,6,1.375,0.625,23.54,SUV,Regular Gasoline
FORD,Escape FFV,SUV - SMALL,2.5,4,AS,E,15.0,10.8,13.1,22,218,6,1.389,0.625,16.64,SUV,Ethanol (E85)
FORD,Escape AWD,SUV - SMALL,1.5,4,AS,X,11.2,8.4,9.9,29,232,6,1.333,0.375,23.43,SUV,Regular Gasoline
FORD,Escape AWD,SUV - SMALL,2.0,4,AS,X,11.5,8.7,10.2,28,239,6,1.322,0.5,23.43,SUV,Regular Gasoline
FORD,Expedition 4X4,SUV - STANDARD,3.5,6,AS,X,14.1,10.6,12.5,23,293,10,1.33,0.583,23.44,SUV,Regular Gasoline
FORD,Expedition MAX 4X4,SUV - STANDARD,3.5,6,AS,X,14.7,11.2,13.1,22,307,10,1.312,0.583,23.44,SUV,Regular Gasoline
FORD,Explorer AWD,SUV - STANDARD,2.3,4,AS,X,13.1,9.2,11.4,25,267,6,1.424,0.575,23.42,SUV,Regular Gasoline
FORD,Explorer AWD,SUV - STANDARD,3.5,6,AS,X,15.2,10.9,13.2,21,311,6,1.394,0.583,23.56,SUV,Regular Gasoline
FORD,Explorer FFV AWD,SUV - STANDARD,3.5,6,AS,X,14.5,10.6,12.7,22,299,6,1.368,0.583,23.54,SUV,Regular Gasoline
FORD,Explorer FFV AWD,SUV - STANDARD,3.5,6,AS,E,19.8,14.3,17.3,16,288,6,1.385,0.583,16.65,SUV,Ethanol (E85)
FORD,F-150,PICKUP TRUCK - STANDARD,2.7,6,AS,X,12.0,9.0,10.6,27,249,10,1.333,0.45,23.49,Truck/Van,Regular Gasoline
FORD,F-150 (LT Tire Pkg),PICKUP TRUCK - STANDARD,2.7,6,AS,X,12.4,9.4,11.1,25,260,10,1.319,0.45,23.42,Truck/Van,Regular Gasoline
FORD,F-150 (Payload Pkg),PICKUP TRUCK - STANDARD,2.7,6,AS,X,12.4,9.4,11.1,25,260,10,1.319,0.45,23.42,Truck/Van,Regular Gasoline
FORD,F-150 FFV,PICKUP TRUCK - STANDARD,3.3,6,AS,X,12.2,9.3,10.9,26,256,6,1.312,0.55,23.49,Truck/Van,Regular Gasoline
FORD,F-150 FFV,PICKUP TRUCK - STANDARD,3.3,6,AS,E,16.7,12.6,14.9,19,247,6,1.325,0.55,16.58,Truck/Van,Ethanol (E85)
FORD,F-150 FFV (LT Tire Pkg),PICKUP TRUCK - STANDARD,3.3,6,AS,E,16.7,12.6,14.9,19,247,6,1.325,0.55,16.58,Truck/Van,Ethanol (E85)
FORD,F-150,PICKUP TRUCK - STANDARD,3.5,6,AS,X,13.5,10.1,12.0,24,281,10,1.337,0.583,23.42,Truck/Van,Regular Gasoline
FORD,F-150 (LT Tire Pkg),PICKUP TRUCK - STANDARD,3.5,6,AS,X,13.8,10.7,12.4,23,291,10,1.29,0.583,23.47,Truck/Van,Regular Gasoline
FORD,F-150 (Payload Pkg),PICKUP TRUCK - STANDARD,3.5,6,AS,X,13.9,11.2,12.7,22,298,10,1.241,0.583,23.46,Truck/Van,Regular Gasoline
FORD,F-150 FFV,PICKUP TRUCK - STANDARD,5.0,8,AS,X,13.9,10.2,12.2,23,287,10,1.363,0.625,23.52,Truck/Van,Regular Gasoline
FORD,F-150 FFV,PICKUP TRUCK - STANDARD,5.0,8,AS,E,20.3,14.0,17.4,16,290,10,1.45,0.625,16.67,Truck/Van,Ethanol (E85)
FORD,F-150 FFV (LT Tire Pkg),PICKUP TRUCK - STANDARD,5.0,8,AS,X,14.7,11.2,13.1,22,308,10,1.312,0.625,23.51,Truck/Van,Regular Gasoline
FORD,F-150 FFV (LT Tire Pkg),PICKUP TRUCK - STANDARD,5.0,8,AS,E,20.3,14.0,17.5,16,290,10,1.45,0.625,16.57,Truck/Van,Ethanol (E85)
FORD,F-150 FFV (Payload Pkg),PICKUP TRUCK - STANDARD,5.0,8,AS,X,15.6,11.8,13.9,20,326,10,1.322,0.625,23.45,Truck/Van,Regular Gasoline
FORD,F-150 FFV (Payload Pkg),PICKUP TRUCK - STANDARD,5.0,8,AS,E,20.4,14.0,17.5,16,291,10,1.457,0.625,16.63,Truck/Van,Ethanol (E85)
FORD,F-150 4X4,PICKUP TRUCK - STANDARD,2.7,6,AS,X,12.7,9.8,11.4,25,268,10,1.296,0.45,23.51,Truck/Van,Regular Gasoline
FORD,F-150 4X4 (Payload Pkg),PICKUP TRUCK - STANDARD,2.7,6,AS,X,13.1,10.2,11.8,24,277,10,1.284,0.45,23.47,Truck/Van,Regular Gasoline
FORD,F-150 4X4,PICKUP TRUCK - STANDARD,3.0,6,AS,D,11.8,9.3,10.7,26,287,10,1.269,0.5,26.82,Truck/Van,Diesel
FORD,F-150 4X4 (LT Tire Pkg),PICKUP TRUCK - STANDARD,3.0,6,AS,D,11.8,9.3,10.7,26,287,10,1.269,0.5,26.82,Truck/Van,Diesel
FORD,F-150 4X4 XL/XLT,PICKUP TRUCK - STANDARD,3.0,6,AS,D,11.2,8.3,9.9,29,266,10,1.349,0.5,26.87,Truck/Van,Diesel
FORD,F-150 FFV 4X4,PICKUP TRUCK - STANDARD,3.3,6,AS,X,12.8,10.2,11.6,24,273,6,1.255,0.55,23.53,Truck/Van,Regular Gasoline
FORD,F-150 FFV 4X4,PICKUP TRUCK - STANDARD,3.3,6,AS,E,17.5,13.8,15.8,18,263,6,1.268,0.55,16.65,Truck/Van,Ethanol (E85)
FORD,F-150 FFV 4X4 (LT Tire Pkg),PICKUP TRUCK - STANDARD,3.3,6,AS,E,17.5,13.7,15.8,18,263,6,1.277,0.55,16.65,Truck/Van,Ethanol (E85)
FORD,F-150 4X4,PICKUP TRUCK - STANDARD,3.5,6,AS,X,14.3,10.5,12.5,23,295,10,1.362,0.583,23.6,Truck/Van,Regular Gasoline
FORD,F-150 4X4 (LT Tire Pkg),PICKUP TRUCK - STANDARD,3.5,6,AS,X,14.7,10.7,12.9,22,303,10,1.374,0.583,23.49,Truck/Van,Regular Gasoline
FORD,F-150 4X4 (Payload Pkg),PICKUP TRUCK - STANDARD,3.5,6,AS,X,14.7,11.2,13.1,22,308,10,1.312,0.583,23.51,Truck/Van,Regular Gasoline
FORD,F-150 4X4 Limited,PICKUP TRUCK - STANDARD,3.5,6,AS,X,13.8,11.2,12.6,22,296,10,1.232,0.583,23.49,Truck/Van,Regular Gasoline
FORD,F-150 FFV 4X4,PICKUP TRUCK - STANDARD,5.0,8,AS,X,15.1,11.0,13.3,21,312,10,1.373,0.625,23.46,Truck/Van,Regular Gasoline
FORD,F-150 FFV 4X4 (LT Tire Pkg),PICKUP TRUCK - STANDARD,5.0,8,AS,X,15.7,11.8,13.9,20,326,10,1.331,0.625,23.45,Truck/Van,Regular Gasoline
FORD,F-150 FFV 4X4 (Payload Pkg),PICKUP TRUCK - STANDARD,5.0,8,AS,X,16.8,12.4,14.8,19,347,10,1.355,0.625,23.45,Truck/Van,Regular Gasoline
FORD,F-150 FFV 4X4 (Payload Pkg),PICKUP TRUCK - STANDARD,5.0,8,AS,E,21.3,17.2,19.5,14,323,10,1.238,0.625,16.56,Truck/Van,Ethanol (E85)
FORD,F-150 Raptor 4X4,PICKUP TRUCK - STANDARD,3.5,6,AS,X,15.3,13.1,14.3,20,336,10,1.168,0.583,23.5,Truck/Van,Regular Gasoline
FORD,Flex,SUV - STANDARD,3.5,6,AS,X,14.7,10.2,12.7,22,298,6,1.441,0.583,23.46,SUV,Regular Gasoline
FORD,Flex AWD,SUV - STANDARD,3.5,6,AS,X,14.7,10.7,12.9,22,303,6,1.374,0.583,23.49,SUV,Regular Gasoline
FORD,Flex AWD GTDI,SUV - STANDARD,3.5,6,AS,X,15.7,11.2,13.7,21,322,6,1.402,0.583,23.5,SUV,Regular Gasoline
FORD,Fiesta,SUBCOMPACT,1.6,4,AM,X,8.6,6.4,7.6,37,178,6,1.344,0.4,23.42,Compact/Small,Regular Gasoline
FORD,Fiesta,SUBCOMPACT,1.6,4,M,X,8.8,6.8,7.9,36,184,5,1.294,0.4,23.29,Compact/Small,Regular Gasoline
FORD,Fiesta ST,SUBCOMPACT,1.6,4,M,X,9.2,7.4,8.4,34,196,6,1.243,0.4,23.33,Compact/Small,Regular Gasoline
FORD,Fusion,MID-SIZE,1.5,4,AS,X,10.0,7.0,8.7,32,204,6,1.429,0.375,23.45,Mid-size,Regular Gasoline
FORD,Fusion Hybrid,MID-SIZE,2.0,4,AV,X,5.5,5.6,5.6,50,131,,0.982,0.5,23.39,Mid-size,Regular Gasoline
FORD,GT,TWO-SEATER,3.5,6,AM,Z,20.4,13.1,17.1,17,402,7,1.557,0.583,23.51,Compact/Small,Premium Gasoline
FORD,Mustang,SUBCOMPACT,2.3,4,AS,X,11.2,7.3,9.4,30,221,10,1.534,0.575,23.51,Compact/Small,Regular Gasoline
FORD,Mustang (Performance Pkg),SUBCOMPACT,2.3,4,AS,X,11.8,8.4,10.3,27,242,10,1.405,0.575,23.5,Compact/Small,Regular Gasoline
FORD,Mustang,SUBCOMPACT,2.3,4,M,X,11.2,7.9,9.7,29,227,6,1.418,0.575,23.4,Compact/Small,Regular Gasoline
FORD,Mustang (Performance Pkg),SUBCOMPACT,2.3,4,M,X,11.8,8.7,10.4,27,244,6,1.356,0.575,23.46,Compact/Small,Regular Gasoline
FORD,Mustang,SUBCOMPACT,5.0,8,AS,X,15.0,9.1,12.3,23,289,10,1.648,0.625,23.5,Compact/Small,Regular Gasoline
FORD,Mustang,SUBCOMPACT,5.0,8,M,X,16.1,9.9,13.3,21,311,6,1.626,0.625,23.38,Compact/Small,Regular Gasoline
FORD,Mustang Bullitt,SUBCOMPACT,5.0,8,M,X,16.1,9.9,13.3,21,311,6,1.626,0.625,23.38,Compact/Small,Regular Gasoline
FORD,Mustang Convertible,SUBCOMPACT,2.3,4,AS,X,11.9,8.4,10.4,27,243,10,1.417,0.575,23.37,Compact/Small,Regular Gasoline
FORD,Mustang Convertible,SUBCOMPACT,2.3,4,M,X,11.8,8.4,10.3,27,241,6,1.405,0.575,23.4,Compact/Small,Regular Gasoline
FORD,Mustang Convertible,SUBCOMPACT,5.0,8,AS,X,15.4,9.7,12.9,22,302,10,1.588,0.625,23.41,Compact/Small,Regular Gasoline
FORD,Ranger 4WD,PICKUP TRUCK - STANDARD,2.3,4,AS,X,11.8,9.8,10.9,26,256,10,1.204,0.575,23.49,Truck/Van,Regular Gasoline
FORD,Shelby GT350 Mustang,SUBCOMPACT,5.2,8,M,Z,17.2,11.3,14.6,19,341,6,1.522,0.65,23.36,Compact/Small,Premium Gasoline
FORD,T-150 Wagon,VAN - PASSENGER,3.5,6,AS,X,16.2,12.8,14.7,19,346,6,1.266,0.583,23.54,Truck/Van,Regular Gasoline
FORD,T-150 Wagon,VAN - PASSENGER,3.7,6,AS,X,16.9,13.1,15.2,19,355,6,1.29,0.617,23.36,Truck/Van,Regular Gasoline
FORD,Taurus FFV,FULL-SIZE,3.5,6,AS,X,13.5,9.0,11.5,25,270,6,1.5,0.583,23.48,Mid-size,Regular Gasoline
FORD,Taurus FFV,FULL-SIZE,3.5,6,AS,E,17.8,12.1,15.2,19,254,6,1.471,0.583,16.71,Mid-size,Ethanol (E85)
FORD,Taurus AWD,FULL-SIZE,3.5,6,AS,X,14.6,10.0,12.5,23,294,6,1.46,0.583,23.52,Mid-size,Regular Gasoline
FORD,Taurus FFV AWD,FULL-SIZE,3.5,6,AS,X,14.0,9.9,12.4,23,291,6,1.414,0.583,23.47,Mid-size,Regular Gasoline
FORD,Taurus FFV AWD,FULL-SIZE,3.5,6,AS,E,18.5,13.0,16.0,18,267,6,1.423,0.583,16.69,Mid-size,Ethanol (E85)
FORD,Transit Connect Van,SPECIAL PURPOSE VEHICLE,2.0,4,AS,X,9.8,8.8,9.3,30,219,8,1.114,0.5,23.55,Other,Regular Gasoline
FORD,Transit Connect Van FFV,SPECIAL PURPOSE VEHICLE,2.0,4,AS,X,9.8,8.8,9.3,30,219,8,1.114,0.5,23.55,Other,Regular Gasoline
FORD,Transit Connect Van FFV,SPECIAL PURPOSE VEHICLE,2.0,4,AS,E,13.3,11.8,12.6,22,209,8,1.127,0.5,16.59,Other,Ethanol (E85)
FORD,Transit Connect Van,SPECIAL PURPOSE VEHICLE,2.5,4,AS,X,12.0,8.8,10.6,27,247,6,1.364,0.625,23.3,Other,Regular Gasoline
FORD,Transit Connect Wagon LWB,SPECIAL PURPOSE VEHICLE,2.0,4,AS,X,9.9,8.2,9.2,31,214,8,1.207,0.5,23.26,Other,Regular Gasoline
FORD,Transit Connect Wagon LWB FFV,SPECIAL PURPOSE VEHICLE,2.0,4,AS,X,9.9,8.2,9.2,31,214,8,1.207,0.5,23.26,Other,Regular Gasoline
FORD,Transit Connect Wagon LWB FFV,SPECIAL PURPOSE VEHICLE,2.0,4,AS,E,13.7,11.1,12.5,23,208,8,1.234,0.5,16.64,Other,Ethanol (E85)
FORD,Transit Connect Wagon LWB,SPECIAL PURPOSE VEHICLE,2.5,4,AS,X,12.1,9.0,10.7,26,251,6,1.344,0.625,23.46,Other,Regular Gasoline
GENESIS,G70,COMPACT,2.0,4,M,Z,12.8,8.5,10.9,26,255,6,1.506,0.5,23.39,Compact/Small,Premium Gasoline
GENESIS,G70 AWD,COMPACT,2.0,4,AS,Z,11.5,8.7,10.3,27,241,8,1.322,0.5,23.4,Compact/Small,Premium Gasoline
GENESIS,G70 AWD,COMPACT,3.3,6,AS,Z,13.3,9.5,11.6,24,274,8,1.4,0.55,23.62,Compact/Small,Premium Gasoline
GMC,Acadia,SUV - STANDARD,2.5,4,A,X,11.1,9.2,10.2,28,237,6,1.207,0.625,23.24,SUV,Regular Gasoline
GMC,Acadia,SUV - STANDARD,3.6,6,A,X,13.1,9.4,11.4,25,268,6,1.394,0.6,23.51,SUV,Regular Gasoline
GMC,Acadia AWD,SUV - STANDARD,2.5,4,A,X,11.3,9.4,10.5,27,248,6,1.202,0.625,23.62,SUV,Regular Gasoline
GMC,Acadia AWD,SUV - STANDARD,3.6,6,A,X,13.5,9.5,11.7,24,275,6,1.421,0.6,23.5,SUV,Regular Gasoline
GMC,Canyon,PICKUP TRUCK - SMALL,2.5,4,A,X,12.1,9.2,10.8,26,253,6,1.315,0.625,23.43,Truck/Van,Regular Gasoline
GMC,Canyon,PICKUP TRUCK - SMALL,2.5,4,M,X,11.9,9.2,10.7,26,251,6,1.293,0.625,23.46,Truck/Van,Regular Gasoline
GMC,Canyon,PICKUP TRUCK - SMALL,2.8,4,A,D,11.8,7.9,10.1,28,270,6,1.494,0.7,26.73,Truck/Van,Diesel
GMC,Canyon,PICKUP TRUCK - SMALL,3.6,6,A,X,13.4,9.6,11.7,24,274,8,1.396,0.6,23.42,Truck/Van,Regular Gasoline
GMC,Canyon 4WD,PICKUP TRUCK - SMALL,2.5,4,A,X,12.7,9.8,11.4,25,267,6,1.296,0.625,23.42,Truck/Van,Regular Gasoline
GMC,Canyon 4WD,PICKUP TRUCK - SMALL,2.8,4,A,D,12.2,8.4,10.5,27,283,6,1.452,0.7,26.95,Truck/Van,Diesel
GMC,Canyon 4WD,PICKUP TRUCK - SMALL,3.6,6,A,X,14.0,9.9,12.2,23,286,8,1.414,0.6,23.44,Truck/Van,Regular Gasoline
GMC,Sierra,PICKUP TRUCK - STANDARD,2.7,4,A,X,11.9,10.3,11.1,25,261,8,1.155,0.675,23.51,Truck/Van,Regular Gasoline
GMC,Sierra,PICKUP TRUCK - STANDARD,4.3,6,A,X,15.1,11.5,13.5,21,317,6,1.313,0.717,23.48,Truck/Van,Regular Gasoline
GMC,Sierra,PICKUP TRUCK - STANDARD,5.3,8,A,X,15.9,11.4,13.9,20,326,6,1.395,0.662,23.45,Truck/Van,Regular Gasoline
GMC,Sierra FFV,PICKUP TRUCK - STANDARD,5.3,8,A,X,15.7,11.9,14.0,20,329,6,1.319,0.662,23.5,Truck/Van,Regular Gasoline
GMC,Sierra FFV,PICKUP TRUCK - STANDARD,5.3,8,A,E,21.1,15.0,18.4,15,306,6,1.407,0.662,16.63,Truck/Van,Ethanol (E85)
GMC,Sierra,PICKUP TRUCK - STANDARD,5.3,8,A,X,14.3,10.4,12.5,23,294,8,1.375,0.662,23.52,Truck/Van,Regular Gasoline
GMC,Sierra 4WD,PICKUP TRUCK - STANDARD,2.7,4,A,X,12.6,10.9,11.8,24,277,8,1.156,0.675,23.47,Truck/Van,Regular Gasoline
GMC,Sierra 4WD,PICKUP TRUCK - STANDARD,4.3,6,A,X,15.8,11.9,14.0,20,329,6,1.328,0.717,23.5,Truck/Van,Regular Gasoline
GMC,Sierra 4WD,PICKUP TRUCK - STANDARD,5.3,8,A,X,15.9,11.7,14.0,20,330,6,1.359,0.662,23.57,Truck/Van,Regular Gasoline
GMC,Sierra 4WD FFV,PICKUP TRUCK - STANDARD,5.3,8,A,X,16.0,12.5,14.4,20,339,6,1.28,0.662,23.54,Truck/Van,Regular Gasoline
GMC,Sierra 4WD FFV,PICKUP TRUCK - STANDARD,5.3,8,A,E,22.0,16.1,19.4,15,323,6,1.366,0.662,16.65,Truck/Van,Ethanol (E85)
GMC,Sierra 4WD,PICKUP TRUCK - STANDARD,5.3,8,A,X,15.3,11.2,13.5,21,316,8,1.366,0.662,23.41,Truck/Van,Regular Gasoline
GMC,Sierra 4WD AT4,PICKUP TRUCK - STANDARD,5.3,8,A,X,15.3,11.8,13.7,21,320,8,1.297,0.662,23.36,Truck/Van,Regular Gasoline
GMC,Sierra 4WD,PICKUP TRUCK - STANDARD,6.2,8,A,Z,15.5,11.9,13.9,20,326,10,1.303,0.775,23.45,Truck/Van,Premium Gasoline
GMC,Sierra 4WD AT4,PICKUP TRUCK - STANDARD,6.2,8,A,Z,15.7,12.4,14.2,20,332,10,1.266,0.775,23.38,Truck/Van,Premium Gasoline
GMC,Sierra LTD,PICKUP TRUCK - STANDARD,5.3,8,A,X,15.6,10.9,13.5,21,317,6,1.431,0.662,23.48,Truck/Van,Regular Gasoline
GMC,Sierra LTD 4WD,PICKUP TRUCK - STANDARD,5.3,8,A,X,15.8,11.4,13.8,20,325,6,1.386,0.662,23.55,Truck/Van,Regular Gasoline
GMC,Terrain,SUV - SMALL,1.5,4,A,X,9.2,7.9,8.6,33,201,9,1.165,0.375,23.37,SUV,Regular Gasoline
GMC,Terrain,SUV - SMALL,1.6,4,A,D,8.5,6.0,7.4,38,199,6,1.417,0.4,26.89,SUV,Diesel
GMC,Terrain AWD,SUV - SMALL,1.5,4,A,X,9.6,8.3,9.0,31,210,9,1.157,0.375,23.33,SUV,Regular Gasoline
GMC,Terrain AWD,SUV - SMALL,1.6,4,A,D,8.5,6.1,7.4,38,199,6,1.393,0.4,26.89,SUV,Diesel
GMC,Terrain AWD,SUV - SMALL,2.0,4,A,Z,11.2,9.0,10.2,28,239,9,1.244,0.5,23.43,SUV,Premium Gasoline
GMC,Yukon,SUV - STANDARD,5.3,8,A,X,15.7,10.5,13.4,21,314,6,1.495,0.662,23.43,SUV,Regular Gasoline
GMC,Yukon FFV,SUV - STANDARD,5.3,8,A,X,15.7,10.5,13.4,21,314,6,1.495,0.662,23.43,SUV,Regular Gasoline
GMC,Yukon FFV,SUV - STANDARD,5.3,8,A,E,21.2,13.9,17.9,16,298,6,1.525,0.662,16.65,SUV,Ethanol (E85)
GMC,Yukon 4WD,SUV - STANDARD,5.3,8,A,X,15.8,11.1,13.7,21,321,6,1.423,0.662,23.43,SUV,Regular Gasoline
GMC,Yukon 4WD FFV,SUV - STANDARD,5.3,8,A,X,15.8,11.1,13.7,21,321,6,1.423,0.662,23.43,SUV,Regular Gasoline
GMC,Yukon 4WD FFV,SUV - STANDARD,5.3,8,A,E,21.7,14.3,18.4,15,305,6,1.517,0.662,16.58,SUV,Ethanol (E85)
GMC,Yukon 4WD,SUV - STANDARD,6.2,8,A,Z,16.4,10.7,13.8,20,325,10,1.533,0.775,23.55,SUV,Premium Gasoline
GMC,Yukon XL,SUV - STANDARD,5.3,8,A,X,15.7,10.5,13.4,21,314,6,1.495,0.662,23.43,SUV,Regular Gasoline
GMC,Yukon XL FFV,SUV - STANDARD,5.3,8,A,X,15.7,10.5,13.4,21,314,6,1.495,0.662,23.43,SUV,Regular Gasoline
GMC,Yukon XL FFV,SUV - STANDARD,5.3,8,A,E,21.2,13.9,17.9,16,298,6,1.525,0.662,16.65,SUV,Ethanol (E85)
GMC,Yukon XL 4WD,SUV - STANDARD,5.3,8,A,X,16.8,11.3,14.3,20,336,6,1.487,0.662,23.5,SUV,Regular Gasoline
GMC,Yukon XL 4WD FFV,SUV - STANDARD,5.3,8,A,X,16.8,11.3,14.3,20,336,6,1.487,0.662,23.5,SUV,Regular Gasoline
GMC,Yukon XL 4WD FFV,SUV - STANDARD,5.3,8,A,E,22.2,15.2,19.0,15,317,6,1.461,0.662,16.68,SUV,Ethanol (E85)
GMC,Yukon XL 4WD,SUV - STANDARD,6.2,8,A,Z,17.1,11.3,14.5,19,340,10,1.513,0.775,23.45,SUV,Premium Gasoline
HONDA,Accord,FULL-SIZE,1.5,4,AV,X,7.9,6.3,7.2,39,168,,1.254,0.375,23.33,Mid-size,Regular Gasoline
HONDA,Accord,FULL-SIZE,1.5,4,AV,X,8.2,6.8,7.6,37,177,7,1.206,0.375,23.29,Mid-size,Regular Gasoline
HONDA,Accord,FULL-SIZE,1.5,4,M,X,8.9,6.7,7.9,36,185,6,1.328,0.375,23.42,Mid-size,Regular Gasoline
HONDA,Accord,FULL-SIZE,2.0,4,M,X,10.7,7.3,9.2,31,214,6,1.466,0.5,23.26,Mid-size,Regular Gasoline
HONDA,Accord Sport/Touring,MID-SIZE,2.0,4,AS,X,10.4,7.4,9.1,31,211,10,1.405,0.5,23.19,Mid-size,Regular Gasoline
HONDA,Accord Hybrid,FULL-SIZE,2.0,4,AV,X,5.0,5.0,5.0,56,117,,1.0,0.5,23.4,Mid-size,Regular Gasoline
HONDA,Civic Coupe,COMPACT,1.5,4,AV,X,7.8,6.4,7.2,39,167,7,1.219,0.375,23.19,Compact/Small,Regular Gasoline
HONDA,Civic Coupe,COMPACT,2.0,4,AV,X,7.8,6.1,7.1,40,164,,1.279,0.5,23.1,Compact/Small,Regular Gasoline
HONDA,Civic Coupe,COMPACT,2.0,4,AV,X,8.3,6.6,7.5,38,176,7,1.258,0.5,23.47,Compact/Small,Regular Gasoline
HONDA,Civic Coupe,COMPACT,2.0,4,M,X,9.3,6.7,8.1,35,189,6,1.388,0.5,23.33,Compact/Small,Regular Gasoline
HONDA,Civic Coupe Si,COMPACT,1.5,4,M,Z,8.4,6.2,7.4,38,173,6,1.355,0.375,23.38,Compact/Small,Premium Gasoline
HONDA,Civic Hatchback,FULL-SIZE,1.5,4,AV,X,7.7,6.0,6.9,41,162,,1.283,0.375,23.48,Mid-size,Regular Gasoline
HONDA,Civic Hatchback,FULL-SIZE,1.5,4,AV,X,7.9,6.6,7.3,39,170,7,1.197,0.375,23.29,Mid-size,Regular Gasoline
HONDA,Civic Hatchback,FULL-SIZE,1.5,4,M,X,8.0,6.2,7.2,39,167,6,1.29,0.375,23.19,Mid-size,Regular Gasoline
HONDA,Civic Hatchback Sport,FULL-SIZE,1.5,4,AV,Z,7.9,6.6,7.3,39,170,7,1.197,0.375,23.29,Mid-size,Premium Gasoline
HONDA,Civic Hatchback Sport,FULL-SIZE,1.5,4,M,Z,8.0,6.2,7.2,39,167,6,1.29,0.375,23.19,Mid-size,Premium Gasoline
HONDA,Civic Sedan,MID-SIZE,1.5,4,AV,X,7.8,6.2,7.1,40,165,7,1.258,0.375,23.24,Mid-size,Regular Gasoline
HONDA,Civic Sedan,MID-SIZE,2.0,4,AV,X,7.9,6.1,7.1,40,167,,1.295,0.5,23.52,Mid-size,Regular Gasoline
HONDA,Civic Sedan,MID-SIZE,2.0,4,M,X,9.3,6.5,8.0,35,186,6,1.431,0.5,23.25,Mid-size,Regular Gasoline
HONDA,Civic Sedan Si,MID-SIZE,1.5,4,M,Z,8.4,6.2,7.4,38,173,6,1.355,0.375,23.38,Mid-size,Premium Gasoline
HONDA,Civic Type R,FULL-SIZE,2.0,4,M,Z,10.6,8.3,9.6,29,224,6,1.277,0.5,23.33,Mid-size,Premium Gasoline
HONDA,Fit,STATION WAGON - SMALL,1.5,4,AV,X,7.0,5.9,6.5,43,151,,1.186,0.375,23.23,Mid-size,Regular Gasoline
HONDA,Fit,STATION WAGON - SMALL,1.5,4,AV,X,7.6,6.5,7.0,40,166,7,1.169,0.375,23.71,Mid-size,Regular Gasoline
HONDA,Fit,STATION WAGON - SMALL,1.5,4,M,X,8.1,6.6,7.4,38,174,6,1.227,0.375,23.51,Mid-size,Regular Gasoline
HONDA,HR-V,STATION WAGON - SMALL,1.8,4,AV,X,8.4,7.0,7.8,36,181,,1.2,0.45,23.21,Mid-size,Regular Gasoline
HONDA,HR-V AWD,STATION WAGON - SMALL,1.8,4,AV,X,8.8,7.5,8.2,34,193,,1.173,0.45,23.54,Mid-size,Regular Gasoline
HONDA,HR-V AWD,STATION WAGON - SMALL,1.8,4,AV,X,9.1,7.7,8.5,33,199,7,1.182,0.45,23.41,Mid-size,Regular Gasoline
HONDA,Insight EX,MID-SIZE,1.5,4,AV,X,4.6,5.3,4.9,58,114,,0.868,0.375,23.27,Mid-size,Regular Gasoline
HONDA,Insight Touring,MID-SIZE,1.5,4,AV,X,4.6,5.3,4.9,58,114,,0.868,0.375,23.27,Mid-size,Regular Gasoline
HONDA,Odyssey,MINIVAN,3.5,6,AS,X,12.6,8.4,10.7,26,252,9,1.5,0.583,23.55,Truck/Van,Regular Gasoline
HONDA,Odyssey Touring,MINIVAN,3.5,6,AS,X,12.2,8.5,10.6,27,247,10,1.435,0.583,23.3,Truck/Van,Regular Gasoline
HONDA,Passport AWD,SUV - SMALL,3.5,6,A,X,12.5,9.8,11.3,25,265,9,1.276,0.583,23.45,SUV,Regular Gasoline
HONDA,Pilot,SUV - SMALL,3.5,6,A,X,12.4,8.7,10.7,26,250,6,1.425,0.583,23.36,SUV,Regular Gasoline
HONDA,Pilot AWD,SUV - SMALL,3.5,6,A,X,13.0,9.3,11.3,25,266,6,1.398,0.583,23.54,SUV,Regular Gasoline
HONDA,Pilot AWD,SUV - SMALL,3.5,6,AS,X,12.4,9.3,11.0,26,257,9,1.333,0.583,23.36,SUV,Regular Gasoline
HONDA,Ridgeline AWD,PICKUP TRUCK - STANDARD,3.5,6,A,X,12.8,9.5,11.3,25,263,6,1.347,0.583,23.27,Truck/Van,Regular Gasoline
HYUNDAI,Accent,COMPACT,1.6,4,AS,X,8.2,6.2,7.3,39,172,6,1.323,0.4,23.56,Compact/Small,Regular Gasoline
HYUNDAI,Accent,COMPACT,1.6,4,M,X,8.2,6.3,7.3,39,173,6,1.302,0.4,23.7,Compact/Small,Regular Gasoline
HYUNDAI,Elantra,MID-SIZE,1.6,4,AM,X,8.9,7.0,8.1,35,189,7,1.271,0.4,23.33,Mid-size,Regular Gasoline
HYUNDAI,Elantra,MID-SIZE,1.6,4,M,X,10.7,7.8,9.4,30,221,6,1.372,0.4,23.51,Mid-size,Regular Gasoline
HYUNDAI,Elantra,MID-SIZE,2.0,4,AS,X,8.3,6.4,7.4,38,174,6,1.297,0.5,23.51,Mid-size,Regular Gasoline
HYUNDAI,Elantra,MID-SIZE,2.0,4,M,X,9.2,6.5,8.0,35,188,6,1.415,0.5,23.5,Mid-size,Regular Gasoline
HYUNDAI,Elantra GT,FULL-SIZE,1.6,4,AM,X,9.7,7.4,8.6,33,205,7,1.311,0.4,23.84,Mid-size,Regular Gasoline
HYUNDAI,Elantra GT,FULL-SIZE,1.6,4,M,X,10.3,7.9,9.2,31,218,6,1.304,0.4,23.7,Mid-size,Regular Gasoline
HYUNDAI,Elantra GT,FULL-SIZE,2.0,4,AS,X,9.4,7.1,8.4,34,200,6,1.324,0.5,23.81,Mid-size,Regular Gasoline
HYUNDAI,Elantra GT,FULL-SIZE,2.0,4,M,X,9.8,7.4,8.7,32,207,6,1.324,0.5,23.79,Mid-size,Regular Gasoline
HYUNDAI,IONIQ,FULL-SIZE,1.6,4,AM,X,4.3,4.4,4.3,66,104,6,0.977,0.4,24.19,Mid-size,Regular Gasoline
HYUNDAI,IONIQ Blue,FULL-SIZE,1.6,4,AM,X,4.2,4.0,4.1,69,96,6,1.05,0.4,23.41,Mid-size,Regular Gasoline
HYUNDAI,Kona,SUV - SMALL,2.0,4,AS,X,8.6,7.0,7.9,36,186,6,1.229,0.5,23.54,SUV,Regular Gasoline
HYUNDAI,Kona AWD,SUV - SMALL,1.6,4,AM,X,9.0,8.0,8.6,33,201,7,1.125,0.4,23.37,SUV,Regular Gasoline
HYUNDAI,Kona AWD,SUV - SMALL,2.0,4,AS,X,9.2,7.8,8.6,33,202,6,1.179,0.5,23.49,SUV,Regular Gasoline
HYUNDAI,Santa Fe,SUV - SMALL,2.4,4,AS,X,10.8,8.0,9.6,29,225,8,1.35,0.6,23.44,SUV,Regular Gasoline
HYUNDAI,Santa Fe AWD,SUV - SMALL,2.0,4,AS,X,12.3,9.8,11.2,25,262,8,1.255,0.5,23.39,SUV,Regular Gasoline
HYUNDAI,Santa Fe AWD,SUV - SMALL,2.4,4,AS,X,11.2,8.7,10.1,28,237,8,1.287,0.6,23.47,SUV,Regular Gasoline
HYUNDAI,Santa Fe XL,SUV - SMALL,3.3,6,AS,X,13.2,9.4,11.5,25,268,6,1.404,0.55,23.3,SUV,Regular Gasoline
HYUNDAI,Santa Fe XL AWD,SUV - SMALL,3.3,6,AS,X,13.4,9.7,11.7,24,276,6,1.381,0.55,23.59,SUV,Regular Gasoline
HYUNDAI,Santa Fe XL Ultimate AWD,SUV - SMALL,3.3,6,AS,X,14.1,10.8,12.6,22,297,6,1.306,0.55,23.57,SUV,Regular Gasoline
HYUNDAI,Sonata,FULL-SIZE,2.0,4,AS,X,10.4,7.4,9.1,31,212,8,1.405,0.5,23.3,Mid-size,Regular Gasoline
HYUNDAI,Sonata,FULL-SIZE,2.4,4,AS,X,9.3,7.1,8.3,34,198,6,1.31,0.6,23.86,Mid-size,Regular Gasoline
HYUNDAI,Sonata SE,FULL-SIZE,2.4,4,AS,X,9.2,6.8,8.1,35,190,6,1.353,0.6,23.46,Mid-size,Regular Gasoline
HYUNDAI,Sonata Hybrid,MID-SIZE,2.0,4,AM,X,6.0,5.3,5.7,50,135,6,1.132,0.5,23.68,Mid-size,Regular Gasoline
HYUNDAI,Sonata Hybrid SE,MID-SIZE,2.0,4,AM,X,5.9,5.1,5.6,50,132,6,1.157,0.5,23.57,Mid-size,Regular Gasoline
HYUNDAI,Tucson,SUV - SMALL,2.0,4,AS,X,10.0,7.9,9.1,31,216,6,1.266,0.5,23.74,SUV,Regular Gasoline
HYUNDAI,Tucson AWD,SUV - SMALL,2.0,4,AS,X,10.8,9.2,10.1,28,239,6,1.174,0.5,23.66,SUV,Regular Gasoline
HYUNDAI,Tucson AWD,SUV - SMALL,2.4,4,AS,X,11.0,9.1,10.1,28,240,6,1.209,0.6,23.76,SUV,Regular Gasoline
HYUNDAI,Veloster,COMPACT,2.0,4,AS,X,9.1,7.1,8.2,34,193,6,1.282,0.5,23.54,Compact/Small,Regular Gasoline
HYUNDAI,Veloster,COMPACT,2.0,4,M,X,9.4,7.1,8.4,34,198,6,1.324,0.5,23.57,Compact/Small,Regular Gasoline
HYUNDAI,Veloster N,COMPACT,2.0,4,M,X,10.6,8.3,9.5,30,226,6,1.277,0.5,23.79,Compact/Small,Regular Gasoline
HYUNDAI,Veloster Turbo,COMPACT,1.6,4,AM,X,8.5,6.9,7.8,36,184,7,1.232,0.4,23.59,Compact/Small,Regular Gasoline
HYUNDAI,Veloster Turbo,COMPACT,1.6,4,M,X,9.4,7.0,8.3,34,197,6,1.343,0.4,23.73,Compact/Small,Regular Gasoline
INFINITI,Q50 AWD,MID-SIZE,2.0,4,AS,Z,10.7,8.6,9.7,29,229,7,1.244,0.5,23.61,Mid-size,Premium Gasoline
INFINITI,Q50 AWD Red Sport,MID-SIZE,3.0,6,AS,Z,12.5,9.3,11.1,25,261,7,1.344,0.5,23.51,Mid-size,Premium Gasoline
INFINITI,Q60 AWD,SUBCOMPACT,3.0,6,AS,Z,12.3,8.7,10.7,26,251,7,1.414,0.5,23.46,Compact/Small,Premium Gasoline
INFINITI,Q60 AWD Red Sport,SUBCOMPACT,3.0,6,AS,Z,12.5,9.2,11.0,26,259,7,1.359,0.5,23.55,Compact/Small,Premium Gasoline
INFINITI,Q70 AWD,MID-SIZE,3.7,6,AS,Z,13.2,9.8,11.7,24,275,7,1.347,0.617,23.5,Mid-size,Premium Gasoline
INFINITI,Q70 AWD,MID-SIZE,5.6,8,AS,Z,14.9,10.2,12.8,22,301,7,1.461,0.7,23.52,Mid-size,Premium Gasoline
INFINITI,QX50 AWD,SUV - SMALL,2.0,4,AV,Z,10.0,7.8,9.0,31,211,8,1.282,0.5,23.44,SUV,Premium Gasoline
JAGUAR,E-PACE P250,SUV - SMALL,2.0,4,AS,Z,11.0,8.4,9.8,29,231,9,1.31,0.5,23.57,SUV,Premium Gasoline
JAGUAR,F-TYPE Convertible,TWO-SEATER,2.0,4,AS,Z,10.2,7.8,9.2,31,215,8,1.308,0.5,23.37,Compact/Small,Premium Gasoline
JAGUAR,F-TYPE Convertible,TWO-SEATER,3.0,6,AS,Z,11.9,8.5,10.4,27,242,8,1.4,0.5,23.27,Compact/Small,Premium Gasoline
JAGUAR,F-TYPE Convertible,TWO-SEATER,3.0,6,M,Z,14.9,9.8,12.6,22,296,6,1.52,0.5,23.49,Compact/Small,Premium Gasoline
JAGUAR,F-TYPE Convertible R-Dynamic,TWO-SEATER,3.0,6,AS,Z,12.4,8.8,10.8,26,253,8,1.409,0.5,23.43,Compact/Small,Premium Gasoline
JAGUAR,F-TYPE Convertible R-Dynamic,TWO-SEATER,3.0,6,M,Z,15.3,10.0,12.9,22,302,6,1.53,0.5,23.41,Compact/Small,Premium Gasoline
JAGUAR,F-TYPE Convertible R-Dynamic AWD,TWO-SEATER,3.0,6,AS,Z,13.0,9.2,11.3,25,265,8,1.413,0.5,23.45,Compact/Small,Premium Gasoline
JAGUAR,F-TYPE Coupe,TWO-SEATER,2.0,4,AS,Z,10.2,7.8,9.2,31,215,8,1.308,0.5,23.37,Compact/Small,Premium Gasoline
JAGUAR,F-TYPE Coupe,TWO-SEATER,3.0,6,AS,Z,11.9,8.5,10.4,27,242,8,1.4,0.5,23.27,Compact/Small,Premium Gasoline
JAGUAR,F-TYPE Coupe,TWO-SEATER,3.0,6,M,Z,14.9,9.8,12.6,22,296,6,1.52,0.5,23.49,Compact/Small,Premium Gasoline
JAGUAR,F-TYPE Coupe R-Dynamic,TWO-SEATER,3.0,6,AS,Z,12.4,8.8,10.8,26,253,8,1.409,0.5,23.43,Compact/Small,Premium Gasoline
JAGUAR,F-TYPE Coupe R-Dynamic,TWO-SEATER,3.0,6,M,Z,15.3,10.0,12.9,22,302,6,1.53,0.5,23.41,Compact/Small,Premium Gasoline
JAGUAR,F-TYPE Coupe R-Dynamic AWD,TWO-SEATER,3.0,6,AS,Z,13.0,9.2,11.3,25,265,8,1.413,0.5,23.45,Compact/Small,Premium Gasoline
JAGUAR,F-TYPE R AWD Convertible,TWO-SEATER,5.0,8,AS,Z,15.6,10.4,13.3,21,311,8,1.5,0.625,23.38,Compact/Small,Premium Gasoline
JAGUAR,F-TYPE R AWD Coupe,TWO-SEATER,5.0,8,AS,Z,15.6,10.4,13.3,21,311,8,1.5,0.625,23.38,Compact/Small,Premium Gasoline
JAGUAR,XJ R-Sport AWD,FULL-SIZE,3.0,6,AS,Z,14.0,9.0,11.8,24,276,8,1.556,0.5,23.39,Mid-size,Premium Gasoline
JAGUAR,XJL Portfolio AWD,FULL-SIZE,3.0,6,AS,Z,14.0,9.4,11.9,24,280,8,1.489,0.5,23.53,Mid-size,Premium Gasoline
JEEP,Cherokee,SUV - SMALL,2.0,4,A,X,10.4,7.6,9.1,31,214,9,1.368,0.5,23.52,SUV,Regular Gasoline
JEEP,Cherokee,SUV - SMALL,2.4,4,A,X,10.8,7.6,9.3,30,219,9,1.421,0.6,23.55,SUV,Regular Gasoline
JEEP,Cherokee,SUV - SMALL,3.2,6,A,X,11.9,8.2,10.2,28,240,9,1.451,0.533,23.53,SUV,Regular Gasoline
JEEP,Cherokee 4X4 Active Drive I,SUV - SMALL,2.0,4,A,X,11.2,8.0,9.8,29,229,9,1.4,0.5,23.37,SUV,Regular Gasoline
JEEP,Cherokee 4X4 Active Drive I,SUV - SMALL,2.4,4,A,X,11.2,8.0,9.8,29,230,9,1.4,0.6,23.47,SUV,Regular Gasoline
JEEP,Cherokee 4X4 Active Drive I,SUV - SMALL,3.2,6,A,X,12.2,8.6,10.6,27,249,9,1.419,0.533,23.49,SUV,Regular Gasoline
JEEP,Cherokee 4X4 Active Drive II,SUV - SMALL,2.0,4,A,X,11.5,8.6,10.2,28,240,9,1.337,0.5,23.53,SUV,Regular Gasoline
JEEP,Cherokee 4X4 Active Drive II,SUV - SMALL,3.2,6,A,X,12.8,9.0,11.1,25,259,9,1.422,0.533,23.33,SUV,Regular Gasoline
JEEP,Cherokee 4X4 Active Drive Lock,SUV - SMALL,2.0,4,A,X,11.8,9.2,10.6,27,249,9,1.283,0.5,23.49,SUV,Regular Gasoline
JEEP,Cherokee 4X4 Active Drive Lock,SUV - SMALL,3.2,6,A,X,12.9,9.9,11.6,24,269,9,1.303,0.533,23.19,SUV,Regular Gasoline
JEEP,Compass,SUV - SMALL,2.4,4,A,X,10.6,7.6,9.3,30,218,6,1.395,0.6,23.44,SUV,Regular Gasoline
JEEP,Compass,SUV - SMALL,2.4,4,M,X,10.4,7.3,9.0,31,211,6,1.425,0.6,23.44,SUV,Regular Gasoline
JEEP,Compass 4X4,SUV - SMALL,2.4,4,A,X,10.8,7.8,9.5,30,222,9,1.385,0.6,23.37,SUV,Regular Gasoline
JEEP,Compass 4X4,SUV - SMALL,2.4,4,M,X,10.8,7.6,9.4,30,221,6,1.421,0.6,23.51,SUV,Regular Gasoline
JEEP,Grand Cherokee 4X4,SUV - STANDARD,3.6,6,A,X,12.7,9.6,11.3,25,265,8,1.323,0.6,23.45,SUV,Regular Gasoline
JEEP,Grand Cherokee 4X4,SUV - STANDARD,5.7,8,A,X,16.7,10.9,14.1,20,331,8,1.532,0.712,23.48,SUV,Regular Gasoline
JEEP,Grand Cherokee 4X4 EcoDiesel,SUV - STANDARD,3.0,6,A,D,11.2,8.5,10.0,28,268,8,1.318,0.5,26.8,SUV,Diesel
JEEP,Grand Cherokee 4X4 SRT,SUV - STANDARD,6.4,8,A,Z,18.3,12.6,15.7,18,368,8,1.452,0.8,23.44,SUV,Premium Gasoline
JEEP,Grand Cherokee 4X4 Trackhawk,SUV - STANDARD,6.2,8,A,Z,20.9,13.8,17.7,16,413,8,1.514,0.775,23.33,SUV,Premium Gasoline
JEEP,Renegade,SUV - SMALL,1.3,4,A,X,9.8,7.4,8.7,32,204,9,1.324,0.325,23.45,SUV,Regular Gasoline
JEEP,Renegade,SUV - SMALL,2.4,4,A,X,10.8,7.8,9.5,30,222,9,1.385,0.6,23.37,SUV,Regular Gasoline
JEEP,Renegade 4X4,SUV - SMALL,1.3,4,A,X,10.1,8.1,9.2,31,216,9,1.247,0.325,23.48,SUV,Regular Gasoline
JEEP,Renegade 4X4,SUV - SMALL,2.4,4,A,X,11.2,8.2,9.8,29,230,9,1.366,0.6,23.47,SUV,Regular Gasoline
JEEP,Renegade 4X4 Trailhawk,SUV - SMALL,1.3,4,A,X,10.8,8.7,9.9,29,230,9,1.241,0.325,23.23,SUV,Regular Gasoline
JEEP,Wrangler JL 4X4,SUV - SMALL,2.0,4,A,X,10.5,9.4,10.0,28,233,8,1.117,0.5,23.3,SUV,Regular Gasoline
JEEP,Wrangler JL 4X4,SUV - SMALL,3.6,6,A,X,12.8,10.4,11.8,24,274,8,1.231,0.6,23.22,SUV,Regular Gasoline
JEEP,Wrangler JL 4X4,SUV - SMALL,3.6,6,M,X,13.7,9.6,11.8,24,277,6,1.427,0.6,23.47,SUV,Regular Gasoline
JEEP,Wrangler JL Unlimited 4X4,SUV - SMALL,2.0,4,A,X,10.9,10.0,10.5,27,245,8,1.09,0.5,23.33,SUV,Regular Gasoline
JEEP,Wrangler JL Unlimited 4X4,SUV - SMALL,3.6,6,A,X,12.9,10.2,11.7,24,275,8,1.265,0.6,23.5,SUV,Regular Gasoline
JEEP,Wrangler JL Unlimited 4X4,SUV - SMALL,3.6,6,M,X,13.8,10.1,12.2,23,285,6,1.366,0.6,23.36,SUV,Regular Gasoline
KIA,Cadenza,FULL-SIZE,3.3,6,AS,X,11.6,8.5,10.2,28,238,8,1.365,0.55,23.33,Mid-size,Regular Gasoline
KIA,Forte,MID-SIZE,2.0,4,AV,X,7.7,5.9,6.9,41,164,,1.305,0.5,23.77,Mid-size,Regular Gasoline
KIA,Forte,MID-SIZE,2.0,4,M,X,8.6,6.4,7.6,37,180,6,1.344,0.5,23.68,Mid-size,Regular Gasoline
KIA,Niro,STATION WAGON - SMALL,1.6,4,AM,X,4.6,5.1,4.8,59,114,6,0.902,0.4,23.75,Mid-size,Regular Gasoline
KIA,Niro FE,STATION WAGON - SMALL,1.6,4,AM,X,4.5,4.8,4.7,60,110,6,0.938,0.4,23.4,Mid-size,Regular Gasoline
KIA,Niro Touring,STATION WAGON - SMALL,1.6,4,AM,X,5.1,5.8,5.4,52,129,6,0.879,0.4,23.89,Mid-size,Regular Gasoline
KIA,Optima,FULL-SIZE,2.0,4,AS,X,11.2,7.9,9.7,29,230,6,1.418,0.5,23.71,Mid-size,Regular Gasoline
KIA,Optima,FULL-SIZE,2.4,4,AS,X,9.5,7.1,8.4,34,199,6,1.338,0.6,23.69,Mid-size,Regular Gasoline
KIA,Optima Hybrid,MID-SIZE,2.0,4,AM,X,6.1,5.2,5.7,50,133,6,1.173,0.5,23.33,Mid-size,Regular Gasoline
KIA,Rio,COMPACT,1.6,4,AS,X,8.5,6.4,7.5,38,177,6,1.328,0.4,23.6,Compact/Small,Regular Gasoline
KIA,Rio,COMPACT,1.6,4,M,X,8.3,6.4,7.5,38,175,6,1.297,0.4,23.33,Compact/Small,Regular Gasoline
KIA,Sedona,MINIVAN,3.3,6,AS,X,12.7,10.0,11.5,25,272,8,1.27,0.55,23.65,Truck/Van,Regular Gasoline
KIA,Sorento,SUV - SMALL,2.4,4,AS,X,10.7,8.2,9.6,29,225,6,1.305,0.6,23.44,SUV,Regular Gasoline
KIA,Sorento AWD,SUV - SMALL,2.4,4,AS,X,11.2,9.0,10.2,28,242,6,1.244,0.6,23.73,SUV,Regular Gasoline
KIA,Sorento AWD,SUV - SMALL,3.3,6,AS,X,12.5,9.7,11.2,25,265,8,1.289,0.55,23.66,SUV,Regular Gasoline
KIA,Soul,STATION WAGON - SMALL,1.6,4,AM,X,9.1,7.7,8.5,33,199,7,1.182,0.4,23.41,Mid-size,Regular Gasoline
KIA,Soul,STATION WAGON - SMALL,1.6,4,AS,X,9.0,7.6,8.4,34,198,6,1.184,0.4,23.57,Mid-size,Regular Gasoline
KIA,Soul,STATION WAGON - SMALL,2.0,4,AS,X,9.5,7.8,8.7,32,206,6,1.218,0.5,23.68,Mid-size,Regular Gasoline
KIA,Sportage,SUV - SMALL,2.4,4,AS,X,10.3,7.8,9.2,31,218,6,1.321,0.6,23.7,SUV,Regular Gasoline
KIA,Sportage AWD,SUV - SMALL,2.0,4,AS,X,11.9,10.2,11.1,25,263,6,1.167,0.5,23.69,SUV,Regular Gasoline
KIA,Sportage AWD,SUV - SMALL,2.4,4,AS,X,11.3,9.5,10.5,27,247,6,1.189,0.6,23.52,SUV,Regular Gasoline
KIA,Stinger AWD,MID-SIZE,2.0,4,AS,Z,11.1,8.1,9.7,29,229,8,1.37,0.5,23.61,Mid-size,Premium Gasoline
KIA,Stinger AWD,MID-SIZE,3.3,6,AS,Z,13.6,9.6,11.8,24,279,8,1.417,0.55,23.64,Mid-size,Premium Gasoline
LAMBORGHINI,Aventador Coupe,TWO-SEATER,6.5,12,AM,Z,26.3,15.6,21.5,13,487,7,1.686,0.542,22.65,Compact/Small,Premium Gasoline
LAMBORGHINI,Aventador Roadster,TWO-SEATER,6.5,12,AM,Z,26.6,15.8,21.7,13,493,7,1.684,0.542,22.72,Compact/Small,Premium Gasoline
LAMBORGHINI,Huracan Coupe,TWO-SEATER,5.2,10,AM,Z,18.1,13.2,15.9,18,366,7,1.371,0.52,23.02,Compact/Small,Premium Gasoline
LAMBORGHINI,Huracan Coupe AWD,TWO-SEATER,5.2,10,AM,Z,17.9,13.0,15.7,18,370,7,1.377,0.52,23.57,Compact/Small,Premium Gasoline
LAMBORGHINI,Huracan Spyder,TWO-SEATER,5.2,10,AM,Z,18.1,13.2,15.9,18,366,7,1.371,0.52,23.02,Compact/Small,Premium Gasoline
LAMBORGHINI,Huracan Spyder AWD,TWO-SEATER,5.2,10,AM,Z,17.9,13.0,15.7,18,370,7,1.377,0.52,23.57,Compact/Small,Premium Gasoline
LAMBORGHINI,Huracan Performante Coupe,TWO-SEATER,5.2,10,AM,Z,17.9,13.0,15.7,18,370,7,1.377,0.52,23.57,Compact/Small,Premium Gasoline
LAMBORGHINI,Huracan Performante Spyder,TWO-SEATER,5.2,10,AM,Z,17.9,13.0,15.7,18,370,7,1.377,0.52,23.57,Compact/Small,Premium Gasoline
LAMBORGHINI,Urus,SUV - STANDARD,4.0,8,AS,Z,19.2,14.1,16.9,17,384,8,1.362,0.5,22.72,SUV,Premium Gasoline
LAND ROVER,Discovery,SUV - STANDARD,3.0,6,AS,Z,14.8,11.4,13.3,21,311,8,1.298,0.5,23.38,SUV,Premium Gasoline
LAND ROVER,Discovery TD6 Diesel,SUV - STANDARD,3.0,6,AS,D,11.3,9.2,10.4,27,279,8,1.228,0.5,26.83,SUV,Diesel
LAND ROVER,Discovery Sport,SUV - SMALL,2.0,4,AS,Z,11.4,9.3,10.5,27,246,9,1.226,0.5,23.43,SUV,Premium Gasoline
LAND ROVER,Range Rover 3.0,SUV - STANDARD,3.0,6,AS,Z,14.1,10.3,12.4,23,291,8,1.369,0.5,23.47,SUV,Premium Gasoline
LAND ROVER,Range Rover TD6 Diesel,SUV - STANDARD,3.0,6,AS,D,10.7,8.3,9.6,29,256,8,1.289,0.5,26.67,SUV,Diesel
LAND ROVER,Range Rover 5.0 Supercharged,SUV - STANDARD,5.0,8,AS,Z,14.4,11.3,13.0,22,305,8,1.274,0.625,23.46,SUV,Premium Gasoline
LAND ROVER,Range Rover SVAutobiography LWB,SUV - STANDARD,5.0,8,AS,Z,17.9,12.7,15.5,18,365,8,1.409,0.625,23.55,SUV,Premium Gasoline
LAND ROVER,Range Rover Sport 3.0,SUV - STANDARD,3.0,6,AS,Z,14.1,10.3,12.4,23,291,8,1.369,0.5,23.47,SUV,Premium Gasoline
LAND ROVER,Range Rover Sport TD6 Diesel,SUV - STANDARD,3.0,6,AS,D,10.7,8.3,9.6,29,256,8,1.289,0.5,26.67,SUV,Diesel
LAND ROVER,Range Rover Sport Supercharged,SUV - STANDARD,5.0,8,AS,Z,14.1,10.7,12.6,22,294,8,1.318,0.625,23.33,SUV,Premium Gasoline
LAND ROVER,Range Rover Evoque,SUV - SMALL,2.0,4,AS,Z,10.9,8.0,9.6,29,225,9,1.362,0.5,23.44,SUV,Premium Gasoline
LAND ROVER,Range Rover Evoque Convertible,SUV - SMALL,2.0,4,AS,Z,11.2,8.2,9.8,29,231,9,1.366,0.5,23.57,SUV,Premium Gasoline
LAND ROVER,Range Rover Velar D180,SUV - SMALL,2.0,4,AS,D,9.2,7.8,8.5,33,229,8,1.179,0.5,26.94,SUV,Diesel
LAND ROVER,Range Rover Velar P300,SUV - SMALL,2.0,4,AS,Z,11.7,9.2,10.6,27,248,8,1.272,0.5,23.4,SUV,Premium Gasoline
LAND ROVER,Range Rover Velar P380,SUV - SMALL,3.0,6,AS,Z,13.0,10.0,11.6,24,273,8,1.3,0.5,23.53,SUV,Premium Gasoline
LEXUS,ES 300h,MID-SIZE,2.5,4,AV,X,5.5,5.2,5.3,53,124,6,1.058,0.625,23.4,Mid-size,Regular Gasoline
LEXUS,ES 350,MID-SIZE,3.5,6,AS,X,10.6,7.2,9.1,31,211,8,1.472,0.583,23.19,Mid-size,Regular Gasoline
LEXUS,ES 350 F SPORT,MID-SIZE,3.5,6,AS,X,10.9,7.5,9.4,30,219,8,1.453,0.583,23.3,Mid-size,Regular Gasoline
LEXUS,GS 350 AWD,MID-SIZE,3.5,6,AS,Z,12.3,9.1,10.9,26,254,6,1.352,0.583,23.3,Mid-size,Premium Gasoline
LEXUS,IS 300,COMPACT,2.0,4,AS,Z,11.0,7.6,9.5,30,220,8,1.447,0.5,23.16,Compact/Small,Premium Gasoline
LEXUS,LC 500,SUBCOMPACT,5.0,8,AS,Z,15.1,9.5,12.6,22,294,10,1.589,0.625,23.33,Compact/Small,Premium Gasoline
LEXUS,LC 500h,SUBCOMPACT,3.5,6,AV,Z,9.0,7.1,8.1,35,189,10,1.268,0.583,23.33,Compact/Small,Premium Gasoline
LEXUS,LS 500 AWD,MID-SIZE,3.4,6,AS,Z,13.1,8.7,11.1,25,261,10,1.506,0.567,23.51,Mid-size,Premium Gasoline
LEXUS,LS 500h AWD,MID-SIZE,3.5,6,AV,Z,10.3,7.7,9.1,31,214,10,1.338,0.583,23.52,Mid-size,Premium Gasoline
LEXUS,NX 300 AWD,SUV - SMALL,2.0,4,AS,Z,10.7,8.5,9.7,29,226,6,1.259,0.5,23.3,SUV,Premium Gasoline
LEXUS,RX 450h L AWD,SUV - STANDARD,3.5,6,AV,Z,8.1,8.4,8.1,35,190,6,0.964,0.583,23.46,SUV,Premium Gasoline
LEXUS,UX 200,MID-SIZE,2.0,4,AS,X,8.0,6.3,7.2,39,168,10,1.27,0.5,23.33,Mid-size,Regular Gasoline
LEXUS,UX 250h,COMPACT,2.0,4,AV,X,5.5,5.7,5.6,50,130,6,0.965,0.5,23.21,Compact/Small,Regular Gasoline
LEXUS,UX 250h AWD,COMPACT,2.0,4,AV,X,5.7,6.2,6.0,47,140,6,0.919,0.5,23.33,Compact/Small,Regular Gasoline
LINCOLN,Continental AWD,FULL-SIZE,2.7,6,AS,X,14.0,9.4,12.0,24,281,6,1.489,0.45,23.42,Mid-size,Regular Gasoline
LINCOLN,Continental AWD,FULL-SIZE,3.0,6,AS,X,14.5,9.8,12.3,23,289,6,1.48,0.5,23.5,Mid-size,Regular Gasoline
LINCOLN,Continental AWD,FULL-SIZE,3.7,6,AS,X,14.3,9.7,12.2,23,287,6,1.474,0.617,23.52,Mid-size,Regular Gasoline
LINCOLN,MKC AWD,SUV - SMALL,2.0,4,AS,X,12.3,9.3,11.0,26,257,6,1.323,0.5,23.36,SUV,Regular Gasoline
LINCOLN,MKC AWD (Start/Stop),SUV - SMALL,2.0,4,AS,X,12.2,9.3,10.9,26,256,6,1.312,0.5,23.49,SUV,Regular Gasoline
LINCOLN,MKC AWD,SUV - SMALL,2.3,4,AS,X,13.1,9.5,11.5,25,270,6,1.379,0.575,23.48,SUV,Regular Gasoline
LINCOLN,MKT Livery AWD,SPECIAL PURPOSE VEHICLE,3.7,6,A,X,14.7,10.3,12.7,22,297,6,1.427,0.617,23.39,Other,Regular Gasoline
LINCOLN,MKZ AWD,MID-SIZE,2.0,4,AS,X,12.1,8.4,10.4,27,245,6,1.44,0.5,23.56,Mid-size,Regular Gasoline
LINCOLN,MKZ Hybrid,MID-SIZE,2.0,4,AV,X,5.7,6.2,5.9,48,139,,0.919,0.5,23.56,Mid-size,Regular Gasoline
LINCOLN,Nautilus,SUV - SMALL,2.0,4,AS,X,12.0,9.6,10.7,26,250,8,1.25,0.5,23.36,SUV,Regular Gasoline
LINCOLN,Nautilus,SUV - SMALL,2.7,6,AS,X,12.6,9.2,11.0,26,259,8,1.37,0.45,23.55,SUV,Regular Gasoline
LINCOLN,Navigator 4X4,SUV - STANDARD,3.5,6,AS,X,15.0,11.4,13.4,21,314,10,1.316,0.583,23.43,SUV,Regular Gasoline
MASERATI,Ghibli,MID-SIZE,3.0,6,AS,Z,14.1,9.8,12.2,23,286,8,1.439,0.5,23.44,Mid-size,Premium Gasoline
MASERATI,Ghibli S,MID-SIZE,3.0,6,AS,Z,14.7,9.9,12.6,22,295,8,1.485,0.5,23.41,Mid-size,Premium Gasoline
MASERATI,Ghibli SQ4,MID-SIZE,3.0,6,AS,Z,14.7,9.9,12.6,22,295,8,1.485,0.5,23.41,Mid-size,Premium Gasoline
MASERATI,GranTurismo Convertible,SUBCOMPACT,4.7,8,AS,Z,17.8,11.6,15.0,19,354,6,1.534,0.588,23.6,Compact/Small,Premium Gasoline
MASERATI,Levante,SUV - STANDARD,3.0,6,AS,Z,15.9,11.1,13.7,21,324,8,1.432,0.5,23.65,SUV,Premium Gasoline
MASERATI,Levante S,SUV - STANDARD,3.0,6,AS,Z,16.1,11.4,14.0,20,330,8,1.412,0.5,23.57,SUV,Premium Gasoline
MASERATI,Levante GTS,SUV - STANDARD,3.8,8,AS,Z,17.9,12.9,15.3,18,360,8,1.388,0.475,23.53,SUV,Premium Gasoline
MASERATI,Levante Trofeo,SUV - STANDARD,3.8,8,AS,Z,17.9,12.9,15.3,18,360,8,1.388,0.475,23.53,SUV,Premium Gasoline
MASERATI,Quattroporte S,FULL-SIZE,3.0,6,AS,Z,15.1,10.3,12.8,22,299,8,1.466,0.5,23.36,Mid-size,Premium Gasoline
MASERATI,Quattroporte SQ4,FULL-SIZE,3.0,6,AS,Z,15.0,10.3,12.8,22,301,8,1.456,0.5,23.52,Mid-size,Premium Gasoline
MASERATI,Quattroporte GTS,FULL-SIZE,3.8,8,AS,Z,16.0,10.8,13.7,21,321,8,1.481,0.475,23.43,Mid-size,Premium Gasoline
MAZDA,CX-3,COMPACT,2.0,4,AS,X,8.3,6.9,7.7,37,179,6,1.203,0.5,23.25,Compact/Small,Regular Gasoline
MAZDA,CX-3,COMPACT,2.0,4,M,X,8.8,7.0,8.0,35,186,6,1.257,0.5,23.25,Compact/Small,Regular Gasoline
MAZDA,CX-3 4WD,COMPACT,2.0,4,AS,X,8.6,7.4,8.1,35,189,6,1.162,0.5,23.33,Compact/Small,Regular Gasoline
MAZDA,CX-5,SUV - SMALL,2.0,4,M,X,9.7,7.7,8.8,32,206,6,1.26,0.5,23.41,SUV,Regular Gasoline
MAZDA,CX-5 Turbo 4WD,SUV - SMALL,2.5,4,AS,X,10.8,8.7,9.8,29,230,6,1.241,0.625,23.47,SUV,Regular Gasoline
MAZDA,CX-5 Diesel 4WD,SUV - SMALL,2.2,4,AS,D,8.9,7.9,8.4,34,227,6,1.127,0.55,27.02,SUV,Diesel
MAZDA,CX-9 4WD,SUV - SMALL,2.5,4,AS,X,11.6,9.1,10.5,27,244,6,1.275,0.625,23.24,SUV,Regular Gasoline
MAZDA,Mazda3 4-Door,COMPACT,2.0,4,AS,X,8.4,6.6,7.6,37,178,6,1.273,0.5,23.42,Compact/Small,Regular Gasoline
MAZDA,Mazda3 4-Door (SIL),COMPACT,2.0,4,M,X,8.7,6.4,7.7,37,180,6,1.359,0.5,23.38,Compact/Small,Regular Gasoline
MAZDA,Mazda3 4-Door,COMPACT,2.5,4,AS,X,8.8,6.4,7.7,37,181,6,1.375,0.625,23.51,Compact/Small,Regular Gasoline
MAZDA,Mazda3 4-Door (Cylinder Deactivation),COMPACT,2.5,4,AS,X,8.8,6.6,7.8,36,183,6,1.333,0.625,23.46,Compact/Small,Regular Gasoline
MAZDA,Mazda3 4-Door 4WD,COMPACT,2.5,4,AS,X,9.2,7.0,8.2,34,192,6,1.314,0.625,23.41,Compact/Small,Regular Gasoline
MAZDA,Mazda3 5-Door,MID-SIZE,2.0,4,AS,X,8.6,6.7,7.7,37,181,6,1.284,0.5,23.51,Mid-size,Regular Gasoline
MAZDA,Mazda3 5-Door (SIL),MID-SIZE,2.0,4,M,X,8.7,6.6,7.8,36,181,6,1.318,0.5,23.21,Mid-size,Regular Gasoline
MAZDA,Mazda3 5-Door,MID-SIZE,2.5,4,AS,X,9.0,6.8,8.0,35,187,6,1.324,0.625,23.38,Mid-size,Regular Gasoline
MAZDA,Mazda3 5-Door,MID-SIZE,2.5,4,M,X,9.2,6.6,8.1,35,189,6,1.394,0.625,23.33,Mid-size,Regular Gasoline
MAZDA,Mazda3 5-Door 4WD,MID-SIZE,2.5,4,AS,X,9.8,7.4,8.7,32,204,6,1.324,0.625,23.45,Mid-size,Regular Gasoline
MAZDA,Mazda6,MID-SIZE,2.5,4,AS,X,9.1,6.7,8.0,35,187,6,1.358,0.625,23.38,Mid-size,Regular Gasoline
MAZDA,Mazda6 Turbo,MID-SIZE,2.5,4,AS,X,10.0,7.5,8.9,32,208,6,1.333,0.625,23.37,Mid-size,Regular Gasoline
MAZDA,MX-5,TWO-SEATER,2.0,4,AS,Z,9.0,6.6,7.9,36,186,6,1.364,0.5,23.54,Compact/Small,Premium Gasoline
MAZDA,MX-5 (SIL),TWO-SEATER,2.0,4,M,Z,9.0,7.0,8.1,35,189,6,1.286,0.5,23.33,Compact/Small,Premium Gasoline
MERCEDES-BENZ,A 220,SUBCOMPACT,2.0,4,AM,Z,9.7,6.8,8.4,34,195,7,1.426,0.5,23.21,Compact/Small,Premium Gasoline
MERCEDES-BENZ,A 220 4MATIC,SUBCOMPACT,2.0,4,AM,Z,9.6,7.1,8.5,33,199,7,1.352,0.5,23.41,Compact/Small,Premium Gasoline
MERCEDES-BENZ,A 250,STATION WAGON - SMALL,2.0,4,AM,Z,9.4,6.8,8.3,34,192,7,1.382,0.5,23.13,Mid-size,Premium Gasoline
MERCEDES-BENZ,A 250 4MATIC,STATION WAGON - SMALL,2.0,4,AM,Z,9.9,7.0,8.6,33,201,7,1.414,0.5,23.37,Mid-size,Premium Gasoline
MERCEDES-BENZ,AMG C 43 4MATIC,COMPACT,3.0,6,A,Z,12.4,8.7,10.7,26,253,9,1.425,0.5,23.64,Compact/Small,Premium Gasoline
MERCEDES-BENZ,AMG C 43 4MATIC Cabriolet,SUBCOMPACT,3.0,6,A,Z,12.7,9.2,11.2,25,263,9,1.38,0.5,23.48,Compact/Small,Premium Gasoline
MERCEDES-BENZ,AMG C 43 4MATIC Coupe,SUBCOMPACT,3.0,6,A,Z,12.9,8.8,11.1,25,255,9,1.466,0.5,22.97,Compact/Small,Premium Gasoline
MERCEDES-BENZ,AMG C 43 4MATIC Wagon,STATION WAGON - SMALL,3.0,6,A,Z,12.4,8.9,10.8,26,255,9,1.393,0.5,23.61,Mid-size,Premium Gasoline
MERCEDES-BENZ,AMG C 63,COMPACT,4.0,8,A,Z,13.2,8.7,11.2,25,263,9,1.517,0.5,23.48,Compact/Small,Premium Gasoline
MERCEDES-BENZ,AMG C 63 S,COMPACT,4.0,8,A,Z,13.2,8.7,11.2,25,263,9,1.517,0.5,23.48,Compact/Small,Premium Gasoline
MERCEDES-BENZ,AMG C 63 S Cabriolet,SUBCOMPACT,4.0,8,A,Z,13.9,9.7,12.0,24,282,9,1.433,0.5,23.5,Compact/Small,Premium Gasoline
MERCEDES-BENZ,AMG C 63 S Coupe,SUBCOMPACT,4.0,8,A,Z,13.9,9.2,11.8,24,277,9,1.511,0.5,23.47,Compact/Small,Premium Gasoline
MERCEDES-BENZ,AMG CLA 45 4MATIC,MINICOMPACT,2.0,4,AM,Z,10.3,7.9,9.2,31,217,7,1.304,0.5,23.59,Compact/Small,Premium Gasoline
MERCEDES-BENZ,AMG CLS 53 4MATIC+,COMPACT,3.0,6,A,Z,12.4,8.7,10.7,26,235,9,1.425,0.5,21.96,Compact/Small,Premium Gasoline
MERCEDES-BENZ,AMG E 53 4MATIC+,MID-SIZE,3.0,6,A,Z,11.2,8.3,9.9,29,232,9,1.349,0.5,23.43,Mid-size,Premium Gasoline
MERCEDES-BENZ,AMG E 53 4MATIC+ Cabriolet,SUBCOMPACT,3.0,6,A,Z,12.5,9.0,10.9,26,245,9,1.389,0.5,22.48,Compact/Small,Premium Gasoline
MERCEDES-BENZ,AMG E 53 4MATIC+ Coupe,SUBCOMPACT,3.0,6,A,Z,12.3,8.5,10.6,27,237,9,1.447,0.5,22.36,Compact/Small,Premium Gasoline
MERCEDES-BENZ,AMG E 53 4MATIC+ Wagon,STATION WAGON - MID-SIZE,3.0,6,A,Z,11.5,8.6,10.2,28,239,9,1.337,0.5,23.43,Mid-size,Premium Gasoline
MERCEDES-BENZ,AMG E 63 S 4MATIC+,MID-SIZE,4.0,8,A,Z,16.0,10.5,13.5,21,318,9,1.524,0.5,23.56,Mid-size,Premium Gasoline
MERCEDES-BENZ,AMG E 63 S 4MATIC+ Wagon,STATION WAGON - MID-SIZE,4.0,8,A,Z,14.6,10.4,12.7,22,299,9,1.404,0.5,23.54,Mid-size,Premium Gasoline
MERCEDES-BENZ,AMG G 63,SUV - STANDARD,4.0,8,A,Z,18.1,15.6,17.0,17,396,9,1.16,0.5,23.29,SUV,Premium Gasoline
MERCEDES-BENZ,AMG GLC 43 4MATIC,SUV - SMALL,3.0,6,A,Z,12.5,9.6,11.2,25,262,9,1.302,0.5,23.39,SUV,Premium Gasoline
MERCEDES-BENZ,AMG GLC 43 4MATIC Coupe,SUV - SMALL,3.0,6,A,Z,12.6,9.7,11.3,25,265,9,1.299,0.5,23.45,SUV,Premium Gasoline
MERCEDES-BENZ,AMG GLC 63 S 4MATIC+,SUV - SMALL,4.0,8,A,Z,15.0,10.9,13.2,21,309,9,1.376,0.5,23.41,SUV,Premium Gasoline
MERCEDES-BENZ,AMG GLC 63 S 4MATIC+ Coupe,SUV - SMALL,4.0,8,A,Z,15.0,10.9,13.2,21,309,9,1.376,0.5,23.41,SUV,Premium Gasoline
MERCEDES-BENZ,AMG GLE 43 4MATIC,SUV - STANDARD,3.0,6,A,Z,14.0,10.6,12.4,23,292,9,1.321,0.5,23.55,SUV,Premium Gasoline
MERCEDES-BENZ,AMG GLE 43 4MATIC Coupe,SUV - STANDARD,3.0,6,A,Z,14.1,10.9,12.6,22,297,9,1.294,0.5,23.57,SUV,Premium Gasoline
MERCEDES-BENZ,AMG GLE 63 S 4MATIC,SUV - STANDARD,4.7,8,A,Z,17.7,13.4,15.8,18,370,7,1.321,0.588,23.42,SUV,Premium Gasoline
MERCEDES-BENZ,AMG GLE 63 S 4MATIC Coupe,SUV - STANDARD,4.7,8,A,Z,17.2,12.8,15.2,19,357,7,1.344,0.588,23.49,SUV,Premium Gasoline
MERCEDES-BENZ,AMG GLS 63 4MATIC,SUV - STANDARD,4.7,8,A,Z,17.8,13.2,15.7,18,370,7,1.348,0.588,23.57,SUV,Premium Gasoline
MERCEDES-BENZ,AMG GT 53 4MATIC+ Coupe,COMPACT,3.0,6,A,Z,12.4,9.8,11.2,25,264,9,1.265,0.5,23.57,Compact/Small,Premium Gasoline
MERCEDES-BENZ,AMG GT 63 4MATIC+ Coupe,COMPACT,4.0,8,A,Z,15.5,11.5,13.7,21,323,9,1.348,0.5,23.58,Compact/Small,Premium Gasoline
MERCEDES-BENZ,AMG GT 63 S 4MATIC+ Coupe,COMPACT,4.0,8,A,Z,15.6,11.5,13.7,21,324,9,1.357,0.5,23.65,Compact/Small,Premium Gasoline
MERCEDES-BENZ,AMG GT C Coupe,TWO-SEATER,4.0,8,AM,Z,15.3,11.4,13.5,21,315,7,1.342,0.5,23.33,Compact/Small,Premium Gasoline
MERCEDES-BENZ,AMG GT C Roadster,TWO-SEATER,4.0,8,AM,Z,15.2,11.4,13.5,21,315,7,1.333,0.5,23.33,Compact/Small,Premium Gasoline
MERCEDES-BENZ,AMG GT R Coupe,TWO-SEATER,4.0,8,AM,Z,15.9,11.8,14.0,20,327,7,1.347,0.5,23.36,Compact/Small,Premium Gasoline
MERCEDES-BENZ,AMG S 63 4MATIC+,FULL-SIZE,4.0,8,A,Z,14.1,8.9,11.8,24,275,9,1.584,0.5,23.31,Mid-size,Premium Gasoline
MERCEDES-BENZ,AMG S 63 4MATIC+ Cabriolet,SUBCOMPACT,4.0,8,A,Z,15.8,9.8,13.1,22,306,9,1.612,0.5,23.36,Compact/Small,Premium Gasoline
MERCEDES-BENZ,AMG S 63 4MATIC+ Coupe,COMPACT,4.0,8,A,Z,14.0,8.7,11.6,24,271,9,1.609,0.5,23.36,Compact/Small,Premium Gasoline
MERCEDES-BENZ,AMG S 65 Cabriolet,SUBCOMPACT,6.0,12,A,Z,17.1,11.0,14.3,20,337,9,1.555,0.5,23.57,Compact/Small,Premium Gasoline
MERCEDES-BENZ,AMG S 65 Coupe,COMPACT,6.0,12,A,Z,17.6,11.0,14.6,19,343,9,1.6,0.5,23.49,Compact/Small,Premium Gasoline
MERCEDES-BENZ,AMG SL 63,TWO-SEATER,5.5,8,A,Z,15.3,10.2,13.0,22,303,7,1.5,0.688,23.31,Compact/Small,Premium Gasoline
MERCEDES-BENZ,AMG SLC 43,TWO-SEATER,3.0,6,A,Z,11.8,8.2,10.2,28,238,9,1.439,0.5,23.33,Compact/Small,Premium Gasoline
MERCEDES-BENZ,B 250,STATION WAGON - SMALL,2.0,4,AM,Z,9.8,6.8,8.4,34,196,7,1.441,0.5,23.33,Mid-size,Premium Gasoline
MERCEDES-BENZ,B 250 4MATIC,STATION WAGON - SMALL,2.0,4,AM,Z,10.3,7.8,9.1,31,215,7,1.321,0.5,23.63,Mid-size,Premium Gasoline
MERCEDES-BENZ,C 300 4MATIC,COMPACT,2.0,4,A,Z,11.0,7.3,9.4,30,219,9,1.507,0.5,23.3,Compact/Small,Premium Gasoline
MERCEDES-BENZ,C 300 4MATIC Cabriolet,SUBCOMPACT,2.0,4,A,Z,11.3,8.1,9.9,29,231,9,1.395,0.5,23.33,Compact/Small,Premium Gasoline
MERCEDES-BENZ,C 300 4MATIC Coupe,SUBCOMPACT,2.0,4,A,Z,10.9,7.7,9.5,30,221,9,1.416,0.5,23.26,Compact/Small,Premium Gasoline
MERCEDES-BENZ,C 300 4MATIC Wagon,STATION WAGON - SMALL,2.0,4,A,Z,10.9,7.7,9.5,30,221,9,1.416,0.5,23.26,Mid-size,Premium Gasoline
MERCEDES-BENZ,CLA 250,MINICOMPACT,2.0,4,AM,Z,9.6,6.6,8.2,34,193,7,1.455,0.5,23.54,Compact/Small,Premium Gasoline
MERCEDES-BENZ,CLA 250 4MATIC,MINICOMPACT,2.0,4,AM,Z,9.9,7.3,8.7,32,204,7,1.356,0.5,23.45,Compact/Small,Premium Gasoline
MERCEDES-BENZ,CLS 450 4MATIC,COMPACT,3.0,6,A,Z,11.3,7.9,9.8,29,213,9,1.43,0.5,21.73,Compact/Small,Premium Gasoline
MERCEDES-BENZ,E 300 4MATIC,MID-SIZE,2.0,4,A,Z,11.0,8.1,9.7,29,228,9,1.358,0.5,23.51,Mid-size,Premium Gasoline
MERCEDES-BENZ,E 450 4MATIC,MID-SIZE,3.0,6,A,Z,11.8,8.5,10.3,27,244,9,1.388,0.5,23.69,Mid-size,Premium Gasoline
MERCEDES-BENZ,E 450 4MATIC Cabriolet,SUBCOMPACT,3.0,6,A,Z,12.7,10.1,11.6,24,271,9,1.257,0.5,23.36,Compact/Small,Premium Gasoline
MERCEDES-BENZ,E 450 4MATIC Coupe,SUBCOMPACT,3.0,6,A,Z,12.5,9.1,11.0,26,257,9,1.374,0.5,23.36,Compact/Small,Premium Gasoline
MERCEDES-BENZ,E 450 4MATIC Wagon,STATION WAGON - MID-SIZE,3.0,6,A,Z,12.3,8.9,10.8,26,254,9,1.382,0.5,23.52,Mid-size,Premium Gasoline
MERCEDES-BENZ,G 550,SUV - STANDARD,4.0,8,A,Z,18.0,14.1,16.3,17,378,9,1.277,0.5,23.19,SUV,Premium Gasoline
MERCEDES-BENZ,GLC 300 4MATIC,SUV - SMALL,2.0,4,A,Z,11.0,8.7,10.0,28,234,9,1.264,0.5,23.4,SUV,Premium Gasoline
MERCEDES-BENZ,GLC 300 4MATIC Coupe,SUV - SMALL,2.0,4,A,Z,10.8,9.0,10.0,28,234,9,1.2,0.5,23.4,SUV,Premium Gasoline
MERCEDES-BENZ,GLS 450 4MATIC,SUV - STANDARD,3.0,6,A,Z,14.9,11.2,13.2,21,312,9,1.33,0.5,23.64,SUV,Premium Gasoline
MERCEDES-BENZ,GLS 550 4MATIC,SUV - STANDARD,4.7,8,A,Z,17.2,12.6,15.1,19,355,9,1.365,0.588,23.51,SUV,Premium Gasoline
MERCEDES-BENZ,Maybach S 560 4MATIC,FULL-SIZE,4.0,8,A,Z,14.4,9.5,12.2,23,286,9,1.516,0.5,23.44,Mid-size,Premium Gasoline
MERCEDES-BENZ,Maybach S 650,FULL-SIZE,6.0,12,A,Z,18.4,11.1,15.1,19,355,7,1.658,0.5,23.51,Mid-size,Premium Gasoline
MERCEDES-BENZ,Metris Cargo,SPECIAL PURPOSE VEHICLE,2.0,4,A,Z,11.5,9.8,10.7,26,251,7,1.173,0.5,23.46,Other,Premium Gasoline
MERCEDES-BENZ,Metris Cargo LWB,SPECIAL PURPOSE VEHICLE,2.0,4,A,Z,11.3,9.6,10.5,27,248,7,1.177,0.5,23.62,Other,Premium Gasoline
MERCEDES-BENZ,Metris Passenger,SPECIAL PURPOSE VEHICLE,2.0,4,A,Z,12.3,10.3,11.4,25,268,7,1.194,0.5,23.51,Other,Premium Gasoline
MERCEDES-BENZ,S 450 4MATIC SWB,MID-SIZE,3.0,6,A,Z,12.8,8.5,10.8,26,253,9,1.506,0.5,23.43,Mid-size,Premium Gasoline
MERCEDES-BENZ,S 560 Cabriolet,SUBCOMPACT,4.0,8,A,Z,13.8,9.2,11.7,24,275,9,1.5,0.5,23.5,Compact/Small,Premium Gasoline
MERCEDES-BENZ,S 560 4MATIC SWB,MID-SIZE,4.0,8,A,Z,13.5,8.6,11.3,25,265,9,1.57,0.5,23.45,Mid-size,Premium Gasoline
MERCEDES-BENZ,SL 450,TWO-SEATER,3.0,6,A,Z,11.8,8.5,10.3,27,241,9,1.388,0.5,23.4,Compact/Small,Premium Gasoline
MERCEDES-BENZ,SL 550,TWO-SEATER,4.7,8,A,Z,13.5,9.3,11.6,24,270,9,1.452,0.588,23.28,Compact/Small,Premium Gasoline
MERCEDES-BENZ,SLC 300,TWO-SEATER,2.0,4,A,Z,10.0,7.3,8.8,32,205,9,1.37,0.5,23.3,Compact/Small,Premium Gasoline
MINI,Cooper 3 Door,SUBCOMPACT,1.5,3,AS,Z,8.8,6.8,7.9,36,184,6,1.294,0.5,23.29,Compact/Small,Premium Gasoline
MINI,Cooper 3 Door,SUBCOMPACT,1.5,3,M,Z,8.5,6.2,7.5,38,175,6,1.371,0.5,23.33,Compact/Small,Premium Gasoline
MINI,Cooper 5 Door,SUBCOMPACT,1.5,3,AS,Z,8.8,6.8,7.9,36,184,6,1.294,0.5,23.29,Compact/Small,Premium Gasoline
MINI,Cooper 5 Door,SUBCOMPACT,1.5,3,M,Z,8.4,6.3,7.5,38,175,6,1.333,0.5,23.33,Compact/Small,Premium Gasoline
MINI,Cooper Clubman ALL4,MID-SIZE,1.5,3,AS,Z,10.2,7.6,9.0,31,212,8,1.342,0.5,23.56,Mid-size,Premium Gasoline
MINI,Cooper Clubman ALL4,MID-SIZE,1.5,3,M,Z,10.5,7.4,9.1,31,214,6,1.419,0.5,23.52,Mid-size,Premium Gasoline
MINI,Cooper Convertible,MINICOMPACT,1.5,3,AS,Z,8.8,6.8,7.9,36,184,6,1.294,0.5,23.29,Compact/Small,Premium Gasoline
MINI,Cooper Convertible,MINICOMPACT,1.5,3,M,Z,8.4,6.3,7.5,38,175,6,1.333,0.5,23.33,Compact/Small,Premium Gasoline
MINI,Cooper Countryman ALL4,STATION WAGON - SMALL,1.5,3,AS,Z,10.3,7.9,9.2,31,215,8,1.304,0.5,23.37,Mid-size,Premium Gasoline
MINI,Cooper Countryman ALL4,STATION WAGON - SMALL,1.5,3,M,Z,10.5,7.4,9.1,31,214,6,1.419,0.5,23.52,Mid-size,Premium Gasoline
MINI,Cooper S 3 Door,SUBCOMPACT,2.0,4,AS,Z,9.3,7.3,8.4,34,197,6,1.274,0.5,23.45,Compact/Small,Premium Gasoline
MINI,Cooper S 3 Door,SUBCOMPACT,2.0,4,M,Z,10.2,7.4,9.0,31,210,6,1.378,0.5,23.33,Compact/Small,Premium Gasoline
MINI,Cooper S 5 Door,SUBCOMPACT,2.0,4,AS,Z,9.3,7.3,8.4,34,197,6,1.274,0.5,23.45,Compact/Small,Premium Gasoline
MINI,Cooper S 5 Door,SUBCOMPACT,2.0,4,M,Z,10.2,7.4,9.0,31,210,6,1.378,0.5,23.33,Compact/Small,Premium Gasoline
MINI,Cooper S Clubman ALL4,MID-SIZE,2.0,4,AS,Z,10.4,7.6,9.2,31,214,8,1.368,0.5,23.26,Mid-size,Premium Gasoline
MINI,Cooper S Clubman ALL4,MID-SIZE,2.0,4,M,Z,11.4,7.7,9.7,29,227,6,1.481,0.5,23.4,Mid-size,Premium Gasoline
MINI,Cooper S Convertible,MINICOMPACT,2.0,4,AS,Z,9.4,7.2,8.4,34,197,6,1.306,0.5,23.45,Compact/Small,Premium Gasoline
MINI,Cooper S Convertible,MINICOMPACT,2.0,4,M,Z,10.2,7.4,9.0,31,210,6,1.378,0.5,23.33,Compact/Small,Premium Gasoline
MINI,Cooper S Countryman ALL4,MID-SIZE,2.0,4,AS,Z,10.5,7.6,9.2,31,215,8,1.382,0.5,23.37,Mid-size,Premium Gasoline
MINI,Cooper S Countryman ALL4,MID-SIZE,2.0,4,M,Z,11.3,7.8,9.7,29,228,6,1.449,0.5,23.51,Mid-size,Premium Gasoline
MINI,John Cooper Works 3 Door,SUBCOMPACT,2.0,4,AS,Z,9.3,7.3,8.4,34,197,6,1.274,0.5,23.45,Compact/Small,Premium Gasoline
MINI,John Cooper Works 3 Door,SUBCOMPACT,2.0,4,M,Z,10.2,7.4,9.0,31,210,6,1.378,0.5,23.33,Compact/Small,Premium Gasoline
MINI,John Cooper Works Clubman ALL4,MID-SIZE,2.0,4,AS,Z,10.4,7.6,9.2,31,214,8,1.368,0.5,23.26,Mid-size,Premium Gasoline
MINI,John Cooper Works Clubman ALL4,MID-SIZE,2.0,4,M,Z,11.4,7.7,9.7,29,227,6,1.481,0.5,23.4,Mid-size,Premium Gasoline
MINI,John Cooper Works Convertible,MINICOMPACT,2.0,4,AS,Z,9.4,7.2,8.4,34,197,6,1.306,0.5,23.45,Compact/Small,Premium Gasoline
MINI,John Cooper Works Convertible,MINICOMPACT,2.0,4,M,Z,10.8,7.7,9.4,30,220,6,1.403,0.5,23.4,Compact/Small,Premium Gasoline
MINI,John Cooper Works Countryman ALL4,MID-SIZE,2.0,4,AS,Z,10.6,7.8,9.3,30,220,8,1.359,0.5,23.66,Mid-size,Premium Gasoline
MINI,John Cooper Works Countryman ALL4,MID-SIZE,2.0,4,M,Z,11.3,7.8,9.7,29,228,6,1.449,0.5,23.51,Mid-size,Premium Gasoline
MITSUBISHI,Eclipse Cross 4WD,SUV - SMALL,1.5,4,AV,X,9.6,8.9,9.3,30,216,8,1.079,0.375,23.23,SUV,Regular Gasoline
MITSUBISHI,Mirage,COMPACT,1.2,3,AV,X,6.6,5.6,6.2,46,143,,1.179,0.4,23.06,Compact/Small,Regular Gasoline
MITSUBISHI,Mirage,COMPACT,1.2,3,M,X,7.1,5.8,6.5,43,151,5,1.224,0.4,23.23,Compact/Small,Regular Gasoline
MITSUBISHI,Mirage G4,COMPACT,1.2,3,AV,X,6.9,5.7,6.4,44,148,,1.211,0.4,23.12,Compact/Small,Regular Gasoline
MITSUBISHI,Mirage G4,COMPACT,1.2,3,M,X,7.2,5.9,6.6,43,153,5,1.22,0.4,23.18,Compact/Small,Regular Gasoline
MITSUBISHI,Outlander 4WD,SUV - SMALL,2.4,4,AV,X,9.9,8.1,9.1,31,212,6,1.222,0.6,23.3,SUV,Regular Gasoline
MITSUBISHI,Outlander 4WD,SUV - SMALL,3.0,6,AS,Z,12.0,8.8,10.6,27,246,6,1.364,0.5,23.21,SUV,Premium Gasoline
MITSUBISHI,RVR,SUV - SMALL,2.0,4,AV,X,9.7,7.8,8.8,32,206,6,1.244,0.5,23.41,SUV,Regular Gasoline
MITSUBISHI,RVR 4WD,SUV - SMALL,2.4,4,AV,X,10.3,8.3,9.4,30,218,6,1.241,0.6,23.19,SUV,Regular Gasoline
NISSAN,370Z,TWO-SEATER,3.7,6,M,Z,13.3,9.3,11.5,25,270,6,1.43,0.617,23.48,Compact/Small,Premium Gasoline
NISSAN,370Z Roadster,TWO-SEATER,3.7,6,AS,Z,13.0,9.7,11.5,25,271,7,1.34,0.617,23.57,Compact/Small,Premium Gasoline
NISSAN,370Z Roadster,TWO-SEATER,3.7,6,M,Z,13.6,9.7,11.8,24,279,6,1.402,0.617,23.64,Compact/Small,Premium Gasoline
NISSAN,Altima,MID-SIZE,2.5,4,AV,X,8.6,6.1,7.4,38,174,,1.41,0.625,23.51,Mid-size,Regular Gasoline
NISSAN,Altima SR/Platinum,MID-SIZE,2.0,4,AV,X,9.1,6.9,8.1,35,190,,1.319,0.5,23.46,Mid-size,Regular Gasoline
NISSAN,Altima SR/Platinum,MID-SIZE,2.5,4,AV,X,8.5,6.3,7.5,38,177,,1.349,0.625,23.6,Mid-size,Regular Gasoline
NISSAN,Altima AWD,MID-SIZE,2.5,4,AV,X,9.1,6.5,7.9,36,186,,1.4,0.625,23.54,Mid-size,Regular Gasoline
NISSAN,Altima AWD SR/Platinum,MID-SIZE,2.5,4,AV,X,9.3,6.7,8.1,35,190,,1.388,0.625,23.46,Mid-size,Regular Gasoline
NISSAN,Armada 4WD,SUV - STANDARD,5.6,8,AS,X,17.7,12.9,15.5,18,364,7,1.372,0.7,23.48,SUV,Regular Gasoline
NISSAN,Frontier,PICKUP TRUCK - SMALL,2.5,4,A,X,13.7,10.7,12.3,23,290,5,1.28,0.625,23.58,Truck/Van,Regular Gasoline
NISSAN,Frontier,PICKUP TRUCK - SMALL,4.0,6,A,X,14.7,10.3,12.7,22,299,5,1.427,0.667,23.54,Truck/Van,Regular Gasoline
NISSAN,Frontier 4WD,PICKUP TRUCK - SMALL,4.0,6,A,X,15.8,11.5,13.9,20,326,5,1.374,0.667,23.45,Truck/Van,Regular Gasoline
NISSAN,Frontier 4WD,PICKUP TRUCK - SMALL,4.0,6,M,X,15.1,11.5,13.5,21,317,6,1.313,0.667,23.48,Truck/Van,Regular Gasoline
NISSAN,GT-R,SUBCOMPACT,3.8,6,AM,Z,14.2,10.7,12.6,22,295,6,1.327,0.633,23.41,Compact/Small,Premium Gasoline
NISSAN,Kicks,MID-SIZE,1.6,4,AV,X,7.7,6.6,7.2,39,169,,1.167,0.4,23.47,Mid-size,Regular Gasoline
NISSAN,Maxima,MID-SIZE,3.5,6,AV,Z,11.6,7.9,9.9,29,233,7,1.468,0.583,23.54,Mid-size,Premium Gasoline
NISSAN,Micra,COMPACT,1.6,4,A,X,9.0,6.8,8.0,35,188,4,1.324,0.4,23.5,Compact/Small,Regular Gasoline
NISSAN,Micra,COMPACT,1.6,4,M,X,8.7,6.8,7.9,36,186,5,1.279,0.4,23.54,Compact/Small,Regular Gasoline
NISSAN,Murano,STATION WAGON - MID-SIZE,3.5,6,AV,X,11.7,8.3,10.2,28,240,7,1.41,0.583,23.53,Mid-size,Regular Gasoline
NISSAN,Murano AWD,STATION WAGON - MID-SIZE,3.5,6,AV,X,11.7,8.5,10.3,27,242,7,1.376,0.583,23.5,Mid-size,Regular Gasoline
NISSAN,NV200 Cargo Van,SPECIAL PURPOSE VEHICLE,2.0,4,AV,X,9.8,8.8,9.3,30,218,,1.114,0.5,23.44,Other,Regular Gasoline
NISSAN,Pathfinder,SUV - SMALL,3.5,6,AV,X,11.6,8.5,10.2,28,240,,1.365,0.583,23.53,SUV,Regular Gasoline
NISSAN,Pathfinder 4WD,SUV - SMALL,3.5,6,AV,X,12.1,8.9,10.7,26,250,,1.36,0.583,23.36,SUV,Regular Gasoline
NISSAN,Pathfinder 4WD Platinum,SUV - SMALL,3.5,6,AV,X,12.4,9.2,11.0,26,259,,1.348,0.583,23.55,SUV,Regular Gasoline
NISSAN,Qashqai,STATION WAGON - SMALL,2.0,4,AV,X,8.6,7.2,8.0,35,188,7,1.194,0.5,23.5,Mid-size,Regular Gasoline
NISSAN,Qashqai,STATION WAGON - SMALL,2.0,4,M,X,10.1,8.1,9.2,31,217,6,1.247,0.5,23.59,Mid-size,Regular Gasoline
NISSAN,Qashqai AWD,STATION WAGON - SMALL,2.0,4,AV,X,9.1,7.6,8.4,34,198,7,1.197,0.5,23.57,Mid-size,Regular Gasoline
NISSAN,Rogue,SUV - SMALL,2.5,4,AV,X,9.1,7.1,8.2,34,192,,1.282,0.625,23.41,SUV,Regular Gasoline
NISSAN,Rogue AWD,SUV - SMALL,2.5,4,AV,X,9.6,7.5,8.7,32,204,,1.28,0.625,23.45,SUV,Regular Gasoline
NISSAN,Sentra,MID-SIZE,1.8,4,AV,X,8.1,6.3,7.3,39,172,,1.286,0.45,23.56,Mid-size,Regular Gasoline
NISSAN,Sentra,MID-SIZE,1.8,4,M,X,8.8,6.6,7.8,36,183,6,1.333,0.45,23.46,Mid-size,Regular Gasoline
NISSAN,Sentra (Turbo),MID-SIZE,1.6,4,AV,Z,8.9,7.3,8.2,34,193,7,1.219,0.4,23.54,Mid-size,Premium Gasoline
NISSAN,Sentra (Turbo),MID-SIZE,1.6,4,M,Z,9.1,7.3,8.3,34,195,6,1.247,0.4,23.49,Mid-size,Premium Gasoline
NISSAN,Sentra Nismo,MID-SIZE,1.6,4,AV,Z,9.4,7.8,8.7,32,205,7,1.205,0.4,23.56,Mid-size,Premium Gasoline
NISSAN,Sentra Nismo,MID-SIZE,1.6,4,M,Z,9.5,7.6,8.7,32,204,6,1.25,0.4,23.45,Mid-size,Premium Gasoline
NISSAN,Titan,PICKUP TRUCK - STANDARD,5.6,8,AS,X,15.0,11.2,13.3,21,312,7,1.339,0.7,23.46,Truck/Van,Regular Gasoline
NISSAN,Titan 4WD,PICKUP TRUCK - STANDARD,5.6,8,AS,X,15.2,11.1,13.4,21,315,7,1.369,0.7,23.51,Truck/Van,Regular Gasoline
NISSAN,Titan 4WD Pro-4X,PICKUP TRUCK - STANDARD,5.6,8,AS,X,15.9,11.9,14.1,20,331,7,1.336,0.7,23.48,Truck/Van,Regular Gasoline
NISSAN,Versa,MID-SIZE,1.6,4,AV,X,7.6,6.2,7.0,40,164,,1.226,0.4,23.43,Mid-size,Regular Gasoline
NISSAN,Versa,MID-SIZE,1.6,4,M,X,8.6,6.6,7.7,37,180,5,1.303,0.4,23.38,Mid-size,Regular Gasoline
PORSCHE,911 Carrera,MINICOMPACT,3.0,6,AM,Z,10.6,8.0,9.4,30,221,7,1.325,0.5,23.51,Compact/Small,Premium Gasoline
PORSCHE,911 Carrera,MINICOMPACT,3.0,6,M,Z,11.8,8.1,10.1,28,237,7,1.457,0.5,23.47,Compact/Small,Premium Gasoline
PORSCHE,911 Carrera Cabriolet,MINICOMPACT,3.0,6,AM,Z,10.8,8.3,9.7,29,227,7,1.301,0.5,23.4,Compact/Small,Premium Gasoline
PORSCHE,911 Carrera Cabriolet,MINICOMPACT,3.0,6,M,Z,12.0,8.2,10.3,27,241,7,1.463,0.5,23.4,Compact/Small,Premium Gasoline
PORSCHE,911 Carrera GTS,MINICOMPACT,3.0,6,AM,Z,11.5,9.1,10.4,27,243,7,1.264,0.5,23.37,Compact/Small,Premium Gasoline
PORSCHE,911 Carrera GTS,MINICOMPACT,3.0,6,M,Z,13.0,8.9,11.2,25,260,7,1.461,0.5,23.21,Compact/Small,Premium Gasoline
PORSCHE,911 Carrera GTS Cabriolet,MINICOMPACT,3.0,6,AM,Z,11.8,9.2,10.7,26,249,7,1.283,0.5,23.27,Compact/Small,Premium Gasoline
PORSCHE,911 Carrera GTS Cabriolet,MINICOMPACT,3.0,6,M,Z,12.7,9.0,11.0,26,258,7,1.411,0.5,23.45,Compact/Small,Premium Gasoline
PORSCHE,911 Carrera S,MINICOMPACT,3.0,6,AM,Z,10.8,8.3,9.7,29,226,7,1.301,0.5,23.3,Compact/Small,Premium Gasoline
PORSCHE,911 Carrera S,MINICOMPACT,3.0,6,M,Z,12.1,8.3,10.3,27,242,7,1.458,0.5,23.5,Compact/Small,Premium Gasoline
PORSCHE,911 Carrera S Cabriolet,MINICOMPACT,3.0,6,AM,Z,10.8,8.4,9.7,29,228,7,1.286,0.5,23.51,Compact/Small,Premium Gasoline
PORSCHE,911 Carrera S Cabriolet,MINICOMPACT,3.0,6,M,Z,12.1,8.3,10.4,27,243,7,1.458,0.5,23.37,Compact/Small,Premium Gasoline
PORSCHE,911 Carrera T,MINICOMPACT,3.0,6,AM,Z,11.9,9.1,10.6,27,248,7,1.308,0.5,23.4,Compact/Small,Premium Gasoline
PORSCHE,911 Carrera T,MINICOMPACT,3.0,6,M,Z,14.6,9.4,12.3,23,286,7,1.553,0.5,23.25,Compact/Small,Premium Gasoline
PORSCHE,911 Carrera 4,MINICOMPACT,3.0,6,AM,Z,10.7,8.3,9.6,29,225,7,1.289,0.5,23.44,Compact/Small,Premium Gasoline
PORSCHE,911 Carrera 4,MINICOMPACT,3.0,6,M,Z,12.1,8.3,10.4,27,242,7,1.458,0.5,23.27,Compact/Small,Premium Gasoline
PORSCHE,911 Carrera 4 Cabriolet,MINICOMPACT,3.0,6,AM,Z,11.0,8.4,9.8,29,230,7,1.31,0.5,23.47,Compact/Small,Premium Gasoline
PORSCHE,911 Carrera 4 Cabriolet,MINICOMPACT,3.0,6,M,Z,12.2,8.5,10.5,27,246,7,1.435,0.5,23.43,Compact/Small,Premium Gasoline
PORSCHE,911 Carrera 4 GTS,MINICOMPACT,3.0,6,AM,Z,11.8,9.2,10.6,27,248,7,1.283,0.5,23.4,Compact/Small,Premium Gasoline
PORSCHE,911 Carrera 4 GTS,MINICOMPACT,3.0,6,M,Z,12.8,8.9,11.0,26,257,7,1.438,0.5,23.36,Compact/Small,Premium Gasoline
PORSCHE,911 Carrera 4 GTS Cabriolet,MINICOMPACT,3.0,6,AM,Z,11.9,9.3,10.7,26,250,7,1.28,0.5,23.36,Compact/Small,Premium Gasoline
PORSCHE,911 Carrera 4 GTS Cabriolet,MINICOMPACT,3.0,6,M,Z,12.9,9.1,11.2,25,260,7,1.418,0.5,23.21,Compact/Small,Premium Gasoline
PORSCHE,911 Carrera 4S,MINICOMPACT,3.0,6,AM,Z,11.1,8.5,9.9,29,232,7,1.306,0.5,23.43,Compact/Small,Premium Gasoline
PORSCHE,911 Carrera 4S,MINICOMPACT,3.0,6,M,Z,12.1,8.4,10.4,27,243,7,1.44,0.5,23.37,Compact/Small,Premium Gasoline
PORSCHE,911 Carrera 4S Cabriolet,MINICOMPACT,3.0,6,AM,Z,11.0,8.5,9.9,29,231,7,1.294,0.5,23.33,Compact/Small,Premium Gasoline
PORSCHE,911 Carrera 4S Cabriolet,MINICOMPACT,3.0,6,M,Z,12.2,8.5,10.5,27,246,7,1.435,0.5,23.43,Compact/Small,Premium Gasoline
PORSCHE,911 GT2 RS,TWO-SEATER,3.8,6,AM,Z,15.3,11.2,13.5,21,315,7,1.366,0.633,23.33,Compact/Small,Premium Gasoline
PORSCHE,911 GT3,TWO-SEATER,4.0,6,AM,Z,15.8,11.7,13.9,20,324,7,1.35,0.667,23.31,Compact/Small,Premium Gasoline
PORSCHE,911 GT3 RS,TWO-SEATER,4.0,6,AM,Z,16.1,12.2,14.4,20,335,7,1.32,0.667,23.26,Compact/Small,Premium Gasoline
PORSCHE,911 GT3 Touring,TWO-SEATER,4.0,6,M,Z,16.4,11.2,14.1,20,334,6,1.464,0.667,23.69,Compact/Small,Premium Gasoline
PORSCHE,911 Speedster,TWO-SEATER,4.0,6,M,Z,17.4,12.4,15.1,19,350,6,1.403,0.667,23.18,Compact/Small,Premium Gasoline
PORSCHE,911 Targa 4,MINICOMPACT,3.0,6,AM,Z,10.9,8.4,9.8,29,228,7,1.298,0.5,23.27,Compact/Small,Premium Gasoline
PORSCHE,911 Targa 4,MINICOMPACT,3.0,6,M,Z,12.2,8.5,10.5,27,246,7,1.435,0.5,23.43,Compact/Small,Premium Gasoline
PORSCHE,911 Targa 4 GTS,MINICOMPACT,3.0,6,AM,Z,12.1,9.2,10.8,26,251,7,1.315,0.5,23.24,Compact/Small,Premium Gasoline
PORSCHE,911 Targa 4 GTS,MINICOMPACT,3.0,6,M,Z,13.2,9.2,11.4,25,266,7,1.435,0.5,23.33,Compact/Small,Premium Gasoline
PORSCHE,911 Targa 4S,MINICOMPACT,3.0,6,AM,Z,11.1,8.6,10.0,28,233,7,1.291,0.5,23.3,Compact/Small,Premium Gasoline
PORSCHE,911 Targa 4S,MINICOMPACT,3.0,6,M,Z,12.2,8.5,10.5,27,246,7,1.435,0.5,23.43,Compact/Small,Premium Gasoline
PORSCHE,911 Turbo,MINICOMPACT,3.8,6,AM,Z,12.6,9.9,11.4,25,266,7,1.273,0.633,23.33,Compact/Small,Premium Gasoline
PORSCHE,911 Turbo Cabriolet,MINICOMPACT,3.8,6,AM,Z,12.7,9.9,11.4,25,267,7,1.283,0.633,23.42,Compact/Small,Premium Gasoline
PORSCHE,911 Turbo S,MINICOMPACT,3.8,6,AM,Z,12.6,9.9,11.4,25,266,7,1.273,0.633,23.33,Compact/Small,Premium Gasoline
PORSCHE,911 Turbo S Cabriolet,MINICOMPACT,3.8,6,AM,Z,12.7,9.9,11.4,25,267,7,1.283,0.633,23.42,Compact/Small,Premium Gasoline
PORSCHE,911 Turbo S Exclusive Cabriolet,MINICOMPACT,3.8,6,AM,Z,14.3,10.9,12.7,22,297,7,1.312,0.633,23.39,Compact/Small,Premium Gasoline
PORSCHE,Boxster,TWO-SEATER,2.0,4,AM,Z,10.5,8.0,9.4,30,219,7,1.312,0.5,23.3,Compact/Small,Premium Gasoline
PORSCHE,Boxster,TWO-SEATER,2.0,4,M,Z,11.0,8.3,9.8,29,229,6,1.325,0.5,23.37,Compact/Small,Premium Gasoline
PORSCHE,Boxster GTS,TWO-SEATER,2.5,4,AM,Z,11.8,9.2,10.6,27,249,7,1.283,0.625,23.49,Compact/Small,Premium Gasoline
PORSCHE,Boxster GTS,TWO-SEATER,2.5,4,M,Z,12.3,9.4,11.0,26,257,6,1.309,0.625,23.36,Compact/Small,Premium Gasoline
PORSCHE,Boxster S,TWO-SEATER,2.5,4,AM,Z,11.1,8.4,9.9,29,231,7,1.321,0.625,23.33,Compact/Small,Premium Gasoline
PORSCHE,Boxster S,TWO-SEATER,2.5,4,M,Z,12.1,9.0,10.7,26,249,6,1.344,0.625,23.27,Compact/Small,Premium Gasoline
PORSCHE,Cayenne,SUV - STANDARD,3.0,6,AS,Z,12.5,10.0,11.4,25,265,8,1.25,0.5,23.25,SUV,Premium Gasoline
PORSCHE,Cayenne S,SUV - STANDARD,2.9,6,AS,Z,12.9,10.4,11.8,24,275,8,1.24,0.483,23.31,SUV,Premium Gasoline
PORSCHE,Cayenne Turbo,SUV - STANDARD,4.0,8,AS,Z,15.6,12.4,14.1,20,329,8,1.258,0.5,23.33,SUV,Premium Gasoline
PORSCHE,Cayman,TWO-SEATER,2.0,4,AM,Z,10.5,8.0,9.4,30,219,7,1.312,0.5,23.3,Compact/Small,Premium Gasoline
PORSCHE,Cayman,TWO-SEATER,2.0,4,M,Z,11.0,8.3,9.8,29,229,6,1.325,0.5,23.37,Compact/Small,Premium Gasoline
PORSCHE,Cayman GTS,TWO-SEATER,2.5,4,AM,Z,11.8,9.2,10.6,27,249,7,1.283,0.625,23.49,Compact/Small,Premium Gasoline
PORSCHE,Cayman GTS,TWO-SEATER,2.5,4,M,Z,12.3,9.4,11.0,26,257,6,1.309,0.625,23.36,Compact/Small,Premium Gasoline
PORSCHE,Cayman S,TWO-SEATER,2.5,4,AM,Z,11.1,8.4,9.9,29,231,7,1.321,0.625,23.33,Compact/Small,Premium Gasoline
PORSCHE,Cayman S,TWO-SEATER,2.5,4,M,Z,12.1,9.0,10.7,26,249,6,1.344,0.625,23.27,Compact/Small,Premium Gasoline
PORSCHE,Macan,SUV - SMALL,2.0,4,AM,Z,12.2,10.2,11.3,25,264,7,1.196,0.5,23.36,SUV,Premium Gasoline
PORSCHE,Macan S,SUV - SMALL,3.0,6,AM,Z,12.9,10.2,11.7,24,272,7,1.265,0.5,23.25,SUV,Premium Gasoline
PORSCHE,Panamera,FULL-SIZE,3.0,6,AM,Z,12.4,8.7,10.7,26,250,8,1.425,0.5,23.36,Mid-size,Premium Gasoline
PORSCHE,Panamera 4,FULL-SIZE,3.0,6,AM,Z,12.4,9.0,10.9,26,253,8,1.378,0.5,23.21,Mid-size,Premium Gasoline
PORSCHE,Panamera 4 Executive,FULL-SIZE,3.0,6,AM,Z,12.4,9.0,10.9,26,253,8,1.378,0.5,23.21,Mid-size,Premium Gasoline
PORSCHE,Panamera 4 ST,FULL-SIZE,3.0,6,AM,Z,12.2,8.9,10.7,26,250,8,1.371,0.5,23.36,Mid-size,Premium Gasoline
PORSCHE,Panamera 4S,FULL-SIZE,2.9,6,AM,Z,13.1,8.9,11.2,25,261,8,1.472,0.483,23.3,Mid-size,Premium Gasoline
PORSCHE,Panamera 4S Executive,FULL-SIZE,2.9,6,AM,Z,13.1,8.9,11.2,25,261,8,1.472,0.483,23.3,Mid-size,Premium Gasoline
PORSCHE,Panamera 4S ST,FULL-SIZE,2.9,6,AM,Z,13.1,9.8,11.6,24,273,8,1.337,0.483,23.53,Mid-size,Premium Gasoline
PORSCHE,Panamera GTS,FULL-SIZE,4.0,8,AM,Z,14.5,10.2,12.6,22,295,8,1.422,0.5,23.41,Mid-size,Premium Gasoline
PORSCHE,Panamera GTS ST,FULL-SIZE,4.0,8,AM,Z,15.7,10.5,13.4,21,313,8,1.495,0.5,23.36,Mid-size,Premium Gasoline
PORSCHE,Panamera Turbo,FULL-SIZE,4.0,8,AM,Z,12.8,9.2,11.2,25,261,8,1.391,0.5,23.3,Mid-size,Premium Gasoline
PORSCHE,Panamera Turbo Executive,FULL-SIZE,4.0,8,AM,Z,12.8,9.2,11.2,25,261,8,1.391,0.5,23.3,Mid-size,Premium Gasoline
PORSCHE,Panamera Turbo ST,FULL-SIZE,4.0,8,AM,Z,13.4,10.1,11.9,24,279,8,1.327,0.5,23.45,Mid-size,Premium Gasoline
RAM,1500 eTorque,PICKUP TRUCK - STANDARD,3.6,6,A,X,11.9,9.4,10.8,26,253,8,1.266,0.6,23.43,Truck/Van,Regular Gasoline
RAM,1500 HFE eTorque,PICKUP TRUCK - STANDARD,3.6,6,A,X,11.6,9.0,10.4,27,246,8,1.289,0.6,23.65,Truck/Van,Regular Gasoline
RAM,1500,PICKUP TRUCK - STANDARD,5.7,8,A,X,16.2,10.5,13.6,21,320,8,1.543,0.712,23.53,Truck/Van,Regular Gasoline
RAM,1500 eTorque,PICKUP TRUCK - STANDARD,5.7,8,A,X,14.1,10.3,12.4,23,290,8,1.369,0.712,23.39,Truck/Van,Regular Gasoline
RAM,1500 4X4 eTorque,PICKUP TRUCK - STANDARD,3.6,6,A,X,12.2,9.7,11.1,25,260,8,1.258,0.6,23.42,Truck/Van,Regular Gasoline
RAM,1500 4X4,PICKUP TRUCK - STANDARD,5.7,8,A,X,16.1,11.0,13.8,20,325,8,1.464,0.712,23.55,Truck/Van,Regular Gasoline
RAM,1500 4X4 eTorque,PICKUP TRUCK - STANDARD,5.7,8,A,X,14.3,11.1,12.9,22,302,8,1.288,0.712,23.41,Truck/Van,Regular Gasoline
RAM,1500 Classic EcoDiesel,PICKUP TRUCK - STANDARD,3.0,6,A,D,11.8,8.6,10.4,27,278,8,1.372,0.5,26.73,Truck/Van,Diesel
RAM,1500 Classic FFV,PICKUP TRUCK - STANDARD,3.6,6,A,X,13.9,9.6,11.9,24,280,8,1.448,0.6,23.53,Truck/Van,Regular Gasoline
RAM,1500 Classic FFV,PICKUP TRUCK - STANDARD,3.6,6,A,E,19.7,13.8,17.0,17,283,8,1.428,0.6,16.65,Truck/Van,Ethanol (E85)
RAM,1500 Classic,PICKUP TRUCK - STANDARD,5.7,8,A,X,17.0,12.0,14.8,19,346,6,1.417,0.712,23.38,Truck/Van,Regular Gasoline
RAM,1500 Classic,PICKUP TRUCK - STANDARD,5.7,8,A,X,15.7,11.0,13.6,21,319,8,1.427,0.712,23.46,Truck/Van,Regular Gasoline
RAM,1500 Classic 4X4 EcoDiesel,PICKUP TRUCK - STANDARD,3.0,6,A,D,12.3,8.8,10.8,26,289,8,1.398,0.5,26.76,Truck/Van,Diesel
RAM,1500 Classic 4X4 FFV,PICKUP TRUCK - STANDARD,3.6,6,A,X,14.5,10.2,12.6,22,294,8,1.422,0.6,23.33,Truck/Van,Regular Gasoline
RAM,1500 Classic 4X4 FFV,PICKUP TRUCK - STANDARD,3.6,6,A,E,20.7,14.7,18.0,16,300,8,1.408,0.6,16.67,Truck/Van,Ethanol (E85)
RAM,1500 Classic 4X4,PICKUP TRUCK - STANDARD,5.7,8,A,X,18.7,13.3,16.3,17,382,6,1.406,0.712,23.44,Truck/Van,Regular Gasoline
RAM,1500 Classic 4X4,PICKUP TRUCK - STANDARD,5.7,8,A,X,16.1,11.5,14.0,20,328,8,1.4,0.712,23.43,Truck/Van,Regular Gasoline
RAM,ProMaster City,SPECIAL PURPOSE VEHICLE,2.4,4,A,X,11.2,8.3,9.9,29,232,9,1.349,0.6,23.43,Other,Regular Gasoline
ROLLS-ROYCE,Cullinan,STATION WAGON - MID-SIZE,6.7,12,AS,Z,20.0,11.8,16.3,17,382,8,1.695,0.558,23.44,Mid-size,Premium Gasoline
ROLLS-ROYCE,Dawn,COMPACT,6.6,12,AS,Z,20.3,13.0,17.0,17,397,8,1.562,0.55,23.35,Compact/Small,Premium Gasoline
ROLLS-ROYCE,Ghost,FULL-SIZE,6.6,12,AS,Z,20.3,13.0,17.0,17,397,8,1.562,0.55,23.35,Mid-size,Premium Gasoline
ROLLS-ROYCE,Ghost EWB,FULL-SIZE,6.6,12,AS,Z,20.3,13.0,17.0,17,397,8,1.562,0.55,23.35,Mid-size,Premium Gasoline
ROLLS-ROYCE,Phantom,FULL-SIZE,6.7,12,AS,Z,20.0,11.8,16.3,17,382,8,1.695,0.558,23.44,Mid-size,Premium Gasoline
ROLLS-ROYCE,Phantom EWB,FULL-SIZE,6.7,12,AS,Z,20.0,11.8,16.3,17,382,8,1.695,0.558,23.44,Mid-size,Premium Gasoline
ROLLS-ROYCE,Wraith,MID-SIZE,6.6,12,AS,Z,19.6,12.9,16.6,17,388,8,1.519,0.55,23.37,Mid-size,Premium Gasoline
SUBARU,Ascent AWD,SUV - STANDARD,2.4,4,AV,X,11.6,9.0,10.4,27,244,8,1.289,0.6,23.46,SUV,Regular Gasoline
SUBARU,BRZ,MINICOMPACT,2.0,4,M,Z,11.2,8.3,9.9,29,231,6,1.349,0.5,23.33,Compact/Small,Premium Gasoline
SUBARU,Crosstrek AWD,SUV - SMALL,2.0,4,AV,X,8.8,7.2,8.1,35,188,7,1.222,0.5,23.21,SUV,Regular Gasoline
SUBARU,Crosstrek AWD,SUV - SMALL,2.0,4,M,X,10.5,8.1,9.4,30,220,6,1.296,0.5,23.4,SUV,Regular Gasoline
SUBARU,Forester AWD,SUV - SMALL,2.5,4,AV,X,9.0,7.2,8.2,34,192,7,1.25,0.625,23.41,SUV,Regular Gasoline
SUBARU,Impreza 4-Door AWD,MID-SIZE,2.0,4,AV,X,8.3,6.4,7.5,38,174,7,1.297,0.5,23.2,Mid-size,Regular Gasoline
SUBARU,Impreza 4-Door AWD,MID-SIZE,2.0,4,M,X,10.1,7.5,8.9,32,209,5,1.347,0.5,23.48,Mid-size,Regular Gasoline
SUBARU,Impreza 5-Door AWD,STATION WAGON - SMALL,2.0,4,AV,X,8.4,6.6,7.6,37,177,7,1.273,0.5,23.29,Mid-size,Regular Gasoline
SUBARU,Impreza 5-Door AWD,STATION WAGON - SMALL,2.0,4,M,X,10.1,7.7,9.0,31,211,5,1.312,0.5,23.44,Mid-size,Regular Gasoline
SUBARU,Legacy AWD,MID-SIZE,2.5,4,AV,X,9.3,7.0,8.2,34,193,7,1.329,0.625,23.54,Mid-size,Regular Gasoline
SUBARU,Legacy AWD,MID-SIZE,3.6,6,AV,X,11.9,8.3,10.3,27,241,6,1.434,0.6,23.4,Mid-size,Regular Gasoline
SUBARU,Outback AWD,SUV - SMALL,2.5,4,AV,X,9.4,7.3,8.5,33,198,7,1.288,0.625,23.29,SUV,Regular Gasoline
SUBARU,Outback AWD,SUV - SMALL,3.6,6,AV,X,12.0,8.7,10.5,27,247,6,1.379,0.6,23.52,SUV,Regular Gasoline
SUBARU,WRX STI AWD,COMPACT,2.5,4,M,Z,14.3,10.7,12.7,22,296,6,1.336,0.625,23.31,Compact/Small,Premium Gasoline
TOYOTA,4Runner 4WD,SUV - STANDARD,4.0,6,AS,X,14.3,11.9,13.2,21,308,5,1.202,0.667,23.33,SUV,Regular Gasoline
TOYOTA,4Runner 4WD (Part-Time 4WD),SUV - STANDARD,4.0,6,AS,X,14.3,11.9,13.2,21,308,5,1.202,0.667,23.33,SUV,Regular Gasoline
TOYOTA,Avalon,MID-SIZE,3.5,6,AS,X,10.9,7.6,9.4,30,220,8,1.434,0.583,23.4,Mid-size,Regular Gasoline
TOYOTA,Camry,MID-SIZE,2.5,4,AS,X,8.1,5.7,6.9,41,164,8,1.421,0.625,23.77,Mid-size,Regular Gasoline
TOYOTA,Camry LE/SE,MID-SIZE,2.5,4,AS,X,8.4,6.1,7.4,38,173,8,1.377,0.625,23.38,Mid-size,Regular Gasoline
TOYOTA,Camry XLE/XSE,MID-SIZE,2.5,4,AS,X,8.5,6.2,7.5,38,175,8,1.371,0.625,23.33,Mid-size,Regular Gasoline
TOYOTA,Camry,MID-SIZE,3.5,6,AS,X,10.5,7.1,9.0,31,210,8,1.479,0.583,23.33,Mid-size,Regular Gasoline
TOYOTA,Camry XSE,MID-SIZE,3.5,6,AS,X,10.7,7.4,9.2,31,215,8,1.446,0.583,23.37,Mid-size,Regular Gasoline
TOYOTA,Camry Hybrid LE,MID-SIZE,2.5,4,AV,X,4.9,4.8,4.9,58,113,6,1.021,0.625,23.06,Mid-size,Regular Gasoline
TOYOTA,Camry Hybrid XLE/SE,MID-SIZE,2.5,4,AV,X,5.3,5.0,5.1,55,121,6,1.06,0.625,23.73,Mid-size,Regular Gasoline
TOYOTA,C-HR,COMPACT,2.0,4,AS,X,8.7,7.5,8.2,34,189,7,1.16,0.5,23.05,Compact/Small,Regular Gasoline
TOYOTA,Corolla,MID-SIZE,1.8,4,AV,X,8.3,6.5,7.5,38,174,,1.277,0.45,23.2,Mid-size,Regular Gasoline
TOYOTA,Corolla,MID-SIZE,1.8,4,AV,X,8.3,6.7,7.6,37,178,7,1.239,0.45,23.42,Mid-size,Regular Gasoline
TOYOTA,Corolla,MID-SIZE,1.8,4,M,X,8.5,6.6,7.6,37,178,6,1.288,0.45,23.42,Mid-size,Regular Gasoline
TOYOTA,Corolla LE Eco,MID-SIZE,1.8,4,AV,X,7.8,5.9,6.9,41,163,,1.322,0.45,23.62,Mid-size,Regular Gasoline
TOYOTA,Corolla Hatchback,COMPACT,2.0,4,AV,X,7.5,5.8,6.7,42,157,10,1.293,0.5,23.43,Compact/Small,Regular Gasoline
TOYOTA,Corolla Hatchback,COMPACT,2.0,4,M,X,8.4,6.3,7.5,38,174,6,1.333,0.5,23.2,Compact/Small,Regular Gasoline
TOYOTA,Highlander,SUV - SMALL,3.5,6,AS,X,11.8,8.7,10.3,27,243,8,1.356,0.583,23.59,SUV,Regular Gasoline
TOYOTA,Highlander AWD,SUV - STANDARD,3.5,6,AS,X,12.1,9.0,10.6,27,250,8,1.344,0.583,23.58,SUV,Regular Gasoline
TOYOTA,Highlander AWD (Start/Stop System),SUV - STANDARD,3.5,6,AS,X,12.0,8.9,10.6,27,248,8,1.348,0.583,23.4,SUV,Regular Gasoline
TOYOTA,Highlander AWD LE,SUV - STANDARD,3.5,6,AS,X,11.7,8.8,10.4,27,242,8,1.33,0.583,23.27,SUV,Regular Gasoline
TOYOTA,Highlander Hybrid AWD,SUV - STANDARD,3.5,6,AV,X,8.1,8.5,8.3,34,193,6,0.953,0.583,23.25,SUV,Regular Gasoline
TOYOTA,Prius,MID-SIZE,1.8,4,AV,X,4.4,4.6,4.4,64,105,,0.957,0.45,23.86,Mid-size,Regular Gasoline
TOYOTA,Prius AWD,MID-SIZE,1.8,4,AV,X,4.5,4.9,4.7,60,109,,0.918,0.45,23.19,Mid-size,Regular Gasoline
TOYOTA,Prius c,COMPACT,1.5,4,AV,X,4.9,5.5,5.1,55,120,,0.891,0.375,23.53,Compact/Small,Regular Gasoline
TOYOTA,RAV4,SUV - SMALL,2.5,4,AS,X,8.8,6.7,7.8,36,183,8,1.313,0.625,23.46,SUV,Regular Gasoline
TOYOTA,RAV4 AWD,SUV - SMALL,2.5,4,AS,X,9.2,7.1,8.3,34,190,8,1.296,0.625,22.89,SUV,Regular Gasoline
TOYOTA,RAV4 Hybrid AWD,SUV - SMALL,2.5,4,AV,X,5.8,6.3,6.0,47,140,6,0.921,0.625,23.33,SUV,Regular Gasoline
TOYOTA,Sequoia 4WD,SUV - STANDARD,5.7,8,AS,X,18.4,13.8,16.4,17,384,6,1.333,0.712,23.41,SUV,Regular Gasoline
TOYOTA,Sienna,MINIVAN,3.5,6,AS,X,12.4,8.9,10.8,26,254,8,1.393,0.583,23.52,Truck/Van,Regular Gasoline
TOYOTA,Sienna AWD,MINIVAN,3.5,6,AS,X,13.4,9.6,11.7,24,274,8,1.396,0.583,23.42,Truck/Van,Regular Gasoline
TOYOTA,Tacoma,PICKUP TRUCK - SMALL,2.7,4,AS,X,12.1,10.1,11.2,25,263,6,1.198,0.675,23.48,Truck/Van,Regular Gasoline
TOYOTA,Tacoma 4WD,PICKUP TRUCK - SMALL,2.7,4,AS,X,12.7,10.6,11.7,24,274,6,1.198,0.675,23.42,Truck/Van,Regular Gasoline
TOYOTA,Tacoma 4WD,PICKUP TRUCK - SMALL,3.5,6,AS,X,13.0,10.5,11.9,24,278,6,1.238,0.583,23.36,Truck/Van,Regular Gasoline
TOYOTA,Tacoma 4WD,PICKUP TRUCK - SMALL,3.5,6,M,X,13.8,11.4,12.7,22,299,6,1.211,0.583,23.54,Truck/Van,Regular Gasoline
TOYOTA,Tacoma 4WD D-Cab Off-Road,PICKUP TRUCK - SMALL,3.5,6,M,X,13.8,11.7,12.9,22,300,6,1.179,0.583,23.26,Truck/Van,Regular Gasoline
TOYOTA,Tundra,PICKUP TRUCK - STANDARD,5.7,8,AS,X,17.7,13.6,15.9,18,371,6,1.301,0.712,23.33,Truck/Van,Regular Gasoline
TOYOTA,Tundra 4WD,PICKUP TRUCK - STANDARD,4.6,8,AS,X,16.8,13.1,14.9,19,354,6,1.282,0.575,23.76,Truck/Van,Regular Gasoline
TOYOTA,Tundra 4WD,PICKUP TRUCK - STANDARD,5.7,8,AS,X,18.0,14.1,16.3,17,382,6,1.277,0.712,23.44,Truck/Van,Regular Gasoline
TOYOTA,Yaris,COMPACT,1.5,4,AS,X,7.3,5.8,6.6,43,155,6,1.259,0.375,23.48,Compact/Small,Regular Gasoline
TOYOTA,Yaris (SIL),COMPACT,1.5,4,M,X,7.8,6.0,6.8,42,164,6,1.3,0.375,24.12,Compact/Small,Regular Gasoline
TOYOTA,Yaris Hatchback,COMPACT,1.5,4,A,X,7.9,6.8,7.4,38,173,4,1.162,0.375,23.38,Compact/Small,Regular Gasoline
TOYOTA,Yaris Hatchback,COMPACT,1.5,4,M,X,7.8,6.5,7.2,39,169,5,1.2,0.375,23.47,Compact/Small,Regular Gasoline
VOLKSWAGEN,Arteon 4MOTION,FULL-SIZE,2.0,4,AS,Z,12.0,8.6,10.4,27,244,8,1.395,0.5,23.46,Mid-size,Premium Gasoline
VOLKSWAGEN,Atlas,SUV - SMALL,2.0,4,AS,X,11.6,9.1,10.5,27,245,8,1.275,0.5,23.33,SUV,Regular Gasoline
VOLKSWAGEN,Atlas 4MOTION,SUV - STANDARD,3.6,6,AS,X,13.8,10.2,12.2,23,286,8,1.353,0.6,23.44,SUV,Regular Gasoline
VOLKSWAGEN,Beetle,COMPACT,2.0,4,AS,X,9.0,7.1,8.2,34,191,6,1.268,0.5,23.29,Compact/Small,Regular Gasoline
VOLKSWAGEN,Beetle Convertible,SUBCOMPACT,2.0,4,AS,X,9.0,7.1,8.2,34,191,6,1.268,0.5,23.29,Compact/Small,Regular Gasoline
VOLKSWAGEN,Beetle Dune,COMPACT,2.0,4,AS,X,9.1,6.9,8.1,35,189,6,1.319,0.5,23.33,Compact/Small,Regular Gasoline
VOLKSWAGEN,Beetle Dune Convertible,SUBCOMPACT,2.0,4,AS,X,9.1,6.9,8.1,35,189,6,1.319,0.5,23.33,Compact/Small,Regular Gasoline
VOLKSWAGEN,Golf,COMPACT,1.4,4,AS,X,8.1,6.4,7.4,38,172,8,1.266,0.35,23.24,Compact/Small,Regular Gasoline
VOLKSWAGEN,Golf,COMPACT,1.4,4,M,X,8.2,6.3,7.4,38,172,6,1.302,0.35,23.24,Compact/Small,Regular Gasoline
VOLKSWAGEN,Golf GTI,COMPACT,2.0,4,AM,X,9.6,7.5,8.6,33,202,7,1.28,0.5,23.49,Compact/Small,Regular Gasoline
VOLKSWAGEN,Golf GTI,COMPACT,2.0,4,M,X,9.8,7.3,8.7,32,203,6,1.342,0.5,23.33,Compact/Small,Regular Gasoline
VOLKSWAGEN,Golf R,COMPACT,2.0,4,AM,Z,10.2,7.9,9.2,31,213,7,1.291,0.5,23.15,Compact/Small,Premium Gasoline
VOLKSWAGEN,Golf R,COMPACT,2.0,4,M,Z,11.4,8.2,9.9,29,232,6,1.39,0.5,23.43,Compact/Small,Premium Gasoline
VOLKSWAGEN,Golf Alltrack,STATION WAGON - SMALL,1.8,4,AM,X,10.7,8.0,9.4,30,220,6,1.338,0.45,23.4,Mid-size,Regular Gasoline
VOLKSWAGEN,Golf Alltrack,STATION WAGON - SMALL,1.8,4,M,X,11.1,7.8,9.6,29,225,6,1.423,0.45,23.44,Mid-size,Regular Gasoline
VOLKSWAGEN,Golf SportWagen,STATION WAGON - SMALL,1.4,4,AS,X,8.6,6.5,7.6,37,178,8,1.323,0.35,23.42,Mid-size,Regular Gasoline
VOLKSWAGEN,Golf SportWagen,STATION WAGON - SMALL,1.4,4,M,X,8.2,6.3,7.4,38,172,6,1.302,0.35,23.24,Mid-size,Regular Gasoline
VOLKSWAGEN,Golf SportWagen 4MOTION,STATION WAGON - SMALL,1.8,4,AM,X,10.8,8.1,9.6,29,224,6,1.333,0.45,23.33,Mid-size,Regular Gasoline
VOLKSWAGEN,Golf SportWagen 4MOTION,STATION WAGON - SMALL,1.8,4,M,X,10.8,7.6,9.3,30,218,6,1.421,0.45,23.44,Mid-size,Regular Gasoline
VOLKSWAGEN,Jetta,COMPACT,1.4,4,AS,X,7.8,5.9,7.0,40,162,8,1.322,0.35,23.14,Compact/Small,Regular Gasoline
VOLKSWAGEN,Jetta,COMPACT,1.4,4,M,X,7.9,5.9,7.0,40,163,6,1.339,0.35,23.29,Compact/Small,Regular Gasoline
VOLKSWAGEN,Jetta GLI,COMPACT,2.0,4,AM,X,9.3,7.2,8.4,34,196,7,1.292,0.5,23.33,Compact/Small,Regular Gasoline
VOLKSWAGEN,Jetta GLI,COMPACT,2.0,4,M,X,9.6,7.3,8.5,33,200,6,1.315,0.5,23.53,Compact/Small,Regular Gasoline
VOLKSWAGEN,Passat,MID-SIZE,2.0,4,AS,X,9.3,6.5,8.1,35,188,6,1.431,0.5,23.21,Mid-size,Regular Gasoline
VOLKSWAGEN,Tiguan,SUV - SMALL,2.0,4,AS,X,10.7,8.0,9.5,30,221,8,1.338,0.5,23.26,SUV,Regular Gasoline
VOLKSWAGEN,Tiguan 4MOTION,SUV - SMALL,2.0,4,AS,X,11.1,8.1,9.8,29,228,8,1.37,0.5,23.27,SUV,Regular Gasoline
VOLVO,S60 T5,COMPACT,2.0,4,AS,Z,9.9,6.6,8.4,34,197,8,1.5,0.5,23.45,Compact/Small,Premium Gasoline
VOLVO,S60 T6 AWD,COMPACT,2.0,4,AS,Z,11.1,7.3,9.4,30,218,8,1.521,0.5,23.19,Compact/Small,Premium Gasoline
VOLVO,S90 T5 AWD,MID-SIZE,2.0,4,AS,Z,10.6,7.4,9.2,31,215,8,1.432,0.5,23.37,Mid-size,Premium Gasoline
VOLVO,S90 T6 AWD,MID-SIZE,2.0,4,AS,Z,11.1,7.3,9.4,30,219,8,1.521,0.5,23.3,Mid-size,Premium Gasoline
VOLVO,V60 T5,STATION WAGON - SMALL,2.0,4,AS,Z,9.9,6.6,8.4,34,197,8,1.5,0.5,23.45,Mid-size,Premium Gasoline
VOLVO,V60 T6 AWD,STATION WAGON - SMALL,2.0,4,AS,Z,11.1,7.3,9.4,30,219,8,1.521,0.5,23.3,Mid-size,Premium Gasoline
VOLVO,V60 CC T5 AWD,STATION WAGON - SMALL,2.0,4,AS,Z,10.8,7.6,9.3,30,218,8,1.421,0.5,23.44,Mid-size,Premium Gasoline
VOLVO,V90 T6 AWD,STATION WAGON - MID-SIZE,2.0,4,AS,Z,11.1,7.3,9.4,30,219,8,1.521,0.5,23.3,Mid-size,Premium Gasoline
VOLVO,V90 CC T6 AWD,STATION WAGON - MID-SIZE,2.0,4,AS,Z,11.6,8.1,10.0,28,233,8,1.432,0.5,23.3,Mid-size,Premium Gasoline
VOLVO,XC40 T5 AWD,SUV - SMALL,2.0,4,AS,Z,10.3,7.5,9.0,31,211,8,1.373,0.5,23.44,SUV,Premium Gasoline
VOLVO,XC60 T5 AWD,SUV - SMALL,2.0,4,AS,Z,11.3,8.5,10.0,28,233,8,1.329,0.5,23.3,SUV,Premium Gasoline
VOLVO,XC60 T6 AWD,SUV - SMALL,2.0,4,AS,Z,11.8,8.6,10.4,27,242,8,1.372,0.5,23.27,SUV,Premium Gasoline
VOLVO,XC90 T5 AWD,SUV - STANDARD,2.0,4,AS,Z,11.3,8.5,10.0,28,233,8,1.329,0.5,23.3,SUV,Premium Gasoline
VOLVO,XC90 T6 AWD,SUV - STANDARD,2.0,4,AS,Z,12.1,8.9,10.7,26,250,8,1.36,0.5,23.36,SUV,Premium Gasoline
ACURA,MDX SH-AWD,SUV - SMALL,3.5,6,AS,Z,12.3,9.2,10.9,26,254,9,1.337,0.583,23.3,SUV,Premium Gasoline
ACURA,RDX AWD A-SPEC,SUV - SMALL,2.0,4,AS,Z,11.3,9.1,10.3,27,241,10,1.242,0.5,23.4,SUV,Premium Gasoline
ACURA,TLX SH-AWD A-SPEC/Limited Edition,COMPACT,3.5,6,AS,Z,12.0,8.2,10.3,27,240,9,1.463,0.583,23.3,Compact/Small,Premium Gasoline
ALFA ROMEO,Giulia Quadrifoglio,MID-SIZE,2.9,6,A,Z,13.5,9.3,11.6,24,271,8,1.452,0.483,23.36,Mid-size,Premium Gasoline
ALFA ROMEO,Stelvio AWD Quadrifoglio,SUV - SMALL,2.9,6,A,Z,13.9,10.3,12.3,23,288,8,1.35,0.483,23.41,SUV,Premium Gasoline
ASTON MARTIN,Vantage V8,TWO-SEATER,4.0,8,A,Z,13.1,9.6,11.5,25,270,8,1.365,0.5,23.48,Compact/Small,Premium Gasoline
ASTON MARTIN,Vantage V8,TWO-SEATER,4.0,8,M,Z,16.7,11.2,14.2,20,333,7,1.491,0.5,23.45,Compact/Small,Premium Gasoline
AUDI,A3,SUBCOMPACT,2.0,4,AM,X,8.8,6.5,7.8,36,182,7,1.354,0.5,23.33,Compact/Small,Regular Gasoline
AUDI,A3 quattro,SUBCOMPACT,2.0,4,AM,X,10.8,8.0,9.5,30,224,7,1.35,0.5,23.58,Compact/Small,Regular Gasoline
AUDI,A3 Cabriolet quattro,SUBCOMPACT,2.0,4,AM,X,10.8,8.0,9.5,30,224,7,1.35,0.5,23.58,Compact/Small,Regular Gasoline
AUDI,A4 quattro,COMPACT,2.0,4,AM,Z,10.0,7.3,8.8,32,205,7,1.37,0.5,23.3,Compact/Small,Premium Gasoline
AUDI,A4 allroad quattro,STATION WAGON - SMALL,2.0,4,AM,Z,10.0,7.4,8.8,32,206,7,1.351,0.5,23.41,Mid-size,Premium Gasoline
AUDI,A5 quattro,SUBCOMPACT,2.0,4,AM,Z,10.0,7.3,8.8,32,205,7,1.37,0.5,23.3,Compact/Small,Premium Gasoline
AUDI,A5 Cabriolet quattro,SUBCOMPACT,2.0,4,AM,Z,10.0,7.4,8.8,32,206,7,1.351,0.5,23.41,Compact/Small,Premium Gasoline
AUDI,A5 Sportback quattro,MID-SIZE,2.0,4,AM,Z,10.0,7.3,8.8,32,205,7,1.37,0.5,23.3,Mid-size,Premium Gasoline
AUDI,A6 quattro,MID-SIZE,2.0,4,AM,Z,9.8,7.4,8.7,32,205,7,1.324,0.5,23.56,Mid-size,Premium Gasoline
AUDI,A6 quattro,MID-SIZE,3.0,6,AM,Z,10.9,8.2,9.7,29,226,7,1.329,0.5,23.3,Mid-size,Premium Gasoline
AUDI,A6 allroad,MID-SIZE,3.0,6,AM,Z,11.8,9.1,10.6,27,247,7,1.297,0.5,23.3,Mid-size,Premium Gasoline
AUDI,A7 quattro,MID-SIZE,3.0,6,AM,Z,10.9,8.2,9.7,29,226,7,1.329,0.5,23.3,Mid-size,Premium Gasoline
AUDI,A8L,FULL-SIZE,3.0,6,AS,Z,13.5,8.9,11.5,25,267,8,1.517,0.5,23.22,Mid-size,Premium Gasoline
AUDI,A8L,FULL-SIZE,4.0,8,AS,Z,15.4,10.4,13.2,21,308,8,1.481,0.5,23.33,Mid-size,Premium Gasoline
AUDI,Q5,SUV - SMALL,2.0,4,AM,Z,10.7,8.4,9.7,29,226,7,1.274,0.5,23.3,SUV,Premium Gasoline
AUDI,Q7,SUV - STANDARD,3.0,6,AS,Z,13.8,11.4,12.7,22,296,8,1.211,0.5,23.31,SUV,Premium Gasoline
AUDI,Q8,SUV - STANDARD,3.0,6,AS,Z,13.8,11.4,12.7,22,296,8,1.211,0.5,23.31,SUV,Premium Gasoline
AUDI,R8 Coupe,TWO-SEATER,5.2,10,AM,Z,17.5,11.7,14.9,19,347,7,1.496,0.52,23.29,Compact/Small,Premium Gasoline
AUDI,R8 Spyder,TWO-SEATER,5.2,10,AM,Z,17.5,11.7,14.9,19,347,7,1.496,0.52,23.29,Compact/Small,Premium Gasoline
AUDI,RS 3,SUBCOMPACT,2.5,5,AM,Z,12.1,8.4,10.4,27,243,7,1.44,0.5,23.37,Compact/Small,Premium Gasoline
AUDI,S4,COMPACT,3.0,6,AS,Z,11.8,8.9,10.5,27,245,8,1.326,0.5,23.33,Compact/Small,Premium Gasoline
AUDI,S5,SUBCOMPACT,3.0,6,AS,Z,11.8,8.9,10.5,27,245,8,1.326,0.5,23.33,Compact/Small,Premium Gasoline
AUDI,S5 Cabriolet,SUBCOMPACT,3.0,6,AS,Z,12.1,9.1,10.8,26,252,8,1.33,0.5,23.33,Compact/Small,Premium Gasoline
AUDI,S5 Sportback,MID-SIZE,3.0,6,AS,Z,11.8,8.9,10.5,27,245,8,1.326,0.5,23.33,Mid-size,Premium Gasoline
AUDI,S6,MID-SIZE,2.9,6,AS,Z,12.9,8.5,10.9,26,255,8,1.518,0.483,23.39,Mid-size,Premium Gasoline
AUDI,S7,MID-SIZE,2.9,6,AS,Z,12.9,8.5,10.9,26,255,8,1.518,0.483,23.39,Mid-size,Premium Gasoline
AUDI,S8,FULL-SIZE,4.0,8,AS,Z,17.6,10.7,14.5,19,339,8,1.645,0.5,23.38,Mid-size,Premium Gasoline
AUDI,SQ5,SUV - SMALL,3.0,6,AS,Z,13.1,10.3,11.8,24,276,8,1.272,0.5,23.39,SUV,Premium Gasoline
AUDI,TT Coupe quattro,SUBCOMPACT,2.0,4,AM,X,10.3,7.7,9.1,31,213,7,1.338,0.5,23.41,Compact/Small,Regular Gasoline
AUDI,TT Roadster quattro,TWO-SEATER,2.0,4,AM,X,10.3,7.7,9.1,31,213,7,1.338,0.5,23.41,Compact/Small,Regular Gasoline
AUDI,TT RS,SUBCOMPACT,2.5,5,AM,Z,12.1,8.2,10.3,27,241,7,1.476,0.5,23.4,Compact/Small,Premium Gasoline
BENTLEY,Bentayga,SUV - STANDARD,6.0,12,AS,Z,20.0,13.8,17.2,16,401,8,1.449,0.5,23.31,SUV,Premium Gasoline
BENTLEY,Continental GT,COMPACT,4.0,8,AM,Z,15.1,9.1,12.4,23,291,8,1.659,0.5,23.47,Compact/Small,Premium Gasoline
BENTLEY,Continental GT,COMPACT,6.0,12,AM,Z,19.0,11.6,15.7,18,364,8,1.638,0.5,23.18,Compact/Small,Premium Gasoline
BENTLEY,Continental GT Convertible,SUBCOMPACT,4.0,8,AM,Z,15.1,9.1,12.4,23,291,8,1.659,0.5,23.47,Compact/Small,Premium Gasoline
BENTLEY,Continental GT Convertible,SUBCOMPACT,6.0,12,AM,Z,19.2,12.2,16.0,18,373,8,1.574,0.5,23.31,Compact/Small,Premium Gasoline
BENTLEY,Flying Spur,MID-SIZE,6.0,12,AM,Z,19.2,12.2,16.0,18,373,8,1.574,0.5,23.31,Mid-size,Premium Gasoline
BMW,230i Cabriolet,SUBCOMPACT,2.0,4,AS,Z,10.1,7.0,8.7,32,204,8,1.443,0.5,23.45,Compact/Small,Premium Gasoline
BMW,230i xDrive Cabriolet,SUBCOMPACT,2.0,4,AS,Z,10.9,7.5,9.4,30,219,8,1.453,0.5,23.3,Compact/Small,Premium Gasoline
BMW,230i Coupe,SUBCOMPACT,2.0,4,AS,Z,9.5,7.4,8.5,33,200,8,1.284,0.5,23.53,Compact/Small,Premium Gasoline
BMW,230i xDrive Coupe,SUBCOMPACT,2.0,4,AS,Z,10.9,7.5,9.4,30,219,8,1.453,0.5,23.3,Compact/Small,Premium Gasoline
BMW,330i xDrive Sedan,COMPACT,2.0,4,AS,Z,9.5,6.9,8.3,34,195,8,1.377,0.5,23.49,Compact/Small,Premium Gasoline
BMW,430i Coupe,COMPACT,2.0,4,AS,Z,10.1,7.0,8.7,32,204,8,1.443,0.5,23.45,Compact/Small,Premium Gasoline
BMW,430i xDrive Coupe,COMPACT,2.0,4,AS,Z,10.9,7.5,9.4,30,219,8,1.453,0.5,23.3,Compact/Small,Premium Gasoline
BMW,430i xDrive Gran Coupe,COMPACT,2.0,4,AS,Z,10.9,7.5,9.4,30,219,8,1.453,0.5,23.3,Compact/Small,Premium Gasoline
BMW,440i xDrive Cabriolet,SUBCOMPACT,3.0,6,AS,Z,12.4,8.5,10.7,26,249,8,1.459,0.5,23.27,Compact/Small,Premium Gasoline
BMW,440i Coupe,COMPACT,3.0,6,AS,Z,11.4,8.1,9.9,29,231,8,1.407,0.5,23.33,Compact/Small,Premium Gasoline
BMW,440i xDrive Coupe,COMPACT,3.0,6,AS,Z,11.4,8.3,10.0,28,233,8,1.373,0.5,23.3,Compact/Small,Premium Gasoline
BMW,440i xDrive Coupe,COMPACT,3.0,6,M,Z,13.0,8.5,11.0,26,257,6,1.529,0.5,23.36,Compact/Small,Premium Gasoline
BMW,440i xDrive Gran Coupe,COMPACT,3.0,6,AS,Z,11.4,8.3,10.0,28,233,8,1.373,0.5,23.3,Compact/Small,Premium Gasoline
BMW,530i xDrive Sedan,MID-SIZE,2.0,4,AS,Z,9.9,7.5,8.8,32,206,8,1.32,0.5,23.41,Mid-size,Premium Gasoline
BMW,540i xDrive Sedan,MID-SIZE,3.0,6,AS,Z,10.7,8.1,9.5,30,222,8,1.321,0.5,23.37,Mid-size,Premium Gasoline
BMW,750i xDrive Sedan,FULL-SIZE,4.4,8,AS,Z,14.5,9.9,12.4,23,290,8,1.465,0.55,23.39,Mid-size,Premium Gasoline
BMW,750Li xDrive Sedan,FULL-SIZE,4.4,8,AS,Z,14.5,9.9,12.4,23,290,8,1.465,0.55,23.39,Mid-size,Premium Gasoline
BMW,Alpina B7 xDrive,FULL-SIZE,4.4,8,AS,Z,14.5,9.9,12.4,23,290,8,1.465,0.55,23.39,Mid-size,Premium Gasoline
BMW,M2 Competition,SUBCOMPACT,3.0,6,AM,Z,14.1,10.3,12.4,23,290,7,1.369,0.5,23.39,Compact/Small,Premium Gasoline
BMW,M240i Cabriolet,SUBCOMPACT,3.0,6,AS,Z,11.4,8.1,9.9,29,231,8,1.407,0.5,23.33,Compact/Small,Premium Gasoline
BMW,M240i Cabriolet,SUBCOMPACT,3.0,6,M,Z,12.7,8.8,10.9,26,255,6,1.443,0.5,23.39,Compact/Small,Premium Gasoline
BMW,M240i xDrive Cabriolet,SUBCOMPACT,3.0,6,AS,Z,11.4,8.3,10.0,28,233,8,1.373,0.5,23.3,Compact/Small,Premium Gasoline
BMW,M240i Coupe,SUBCOMPACT,3.0,6,AS,Z,11.4,8.1,9.9,29,231,8,1.407,0.5,23.33,Compact/Small,Premium Gasoline
BMW,M240i Coupe M Performance,SUBCOMPACT,3.0,6,AS,Z,11.4,8.1,9.9,29,231,8,1.407,0.5,23.33,Compact/Small,Premium Gasoline
BMW,M240i Coupe,SUBCOMPACT,3.0,6,M,Z,12.7,8.8,10.9,26,255,6,1.443,0.5,23.39,Compact/Small,Premium Gasoline
BMW,M240i Coupe M Performance,SUBCOMPACT,3.0,6,M,Z,12.7,8.8,10.9,26,255,6,1.443,0.5,23.39,Compact/Small,Premium Gasoline
BMW,M240i xDrive Coupe,SUBCOMPACT,3.0,6,AS,Z,11.4,8.3,10.0,28,233,8,1.373,0.5,23.3,Compact/Small,Premium Gasoline
BMW,M240i xDrive Coupe M Performance,SUBCOMPACT,3.0,6,AS,Z,11.4,8.3,10.0,28,233,8,1.373,0.5,23.3,Compact/Small,Premium Gasoline
BMW,M340i xDrive Sedan,COMPACT,3.0,6,AS,Z,11.4,8.3,10.0,28,233,8,1.373,0.5,23.3,Compact/Small,Premium Gasoline
BMW,M4 Coupe,COMPACT,3.0,6,AM,Z,14.1,10.3,12.4,23,290,7,1.369,0.5,23.39,Compact/Small,Premium Gasoline
BMW,M4 Coupe Competition,COMPACT,3.0,6,AM,Z,14.1,10.3,12.4,23,290,7,1.369,0.5,23.39,Compact/Small,Premium Gasoline
BMW,M4 CS,COMPACT,3.0,6,AM,Z,14.1,10.3,12.4,23,290,7,1.369,0.5,23.39,Compact/Small,Premium Gasoline
BMW,M5 Sedan,MID-SIZE,4.4,8,AS,Z,16.0,11.0,13.8,20,322,8,1.455,0.55,23.33,Mid-size,Premium Gasoline
BMW,M5 Competition,MID-SIZE,4.4,8,AS,Z,16.0,11.0,13.8,20,322,8,1.455,0.55,23.33,Mid-size,Premium Gasoline
BMW,M550i xDrive Sedan,MID-SIZE,4.4,8,AS,Z,13.6,9.3,11.7,24,273,8,1.462,0.55,23.33,Mid-size,Premium Gasoline
BMW,M760i xDrive Sedan,FULL-SIZE,6.6,12,AS,Z,17.8,11.9,15.1,19,354,8,1.496,0.55,23.44,Mid-size,Premium Gasoline
BMW,M8 Cabriolet,SUBCOMPACT,4.4,8,AS,Z,16.0,11.0,13.8,20,322,8,1.455,0.55,23.33,Compact/Small,Premium Gasoline
BMW,M8 Cabriolet Competition,SUBCOMPACT,4.4,8,AS,Z,16.0,11.0,13.8,20,322,8,1.455,0.55,23.33,Compact/Small,Premium Gasoline
BMW,M8 Coupe,SUBCOMPACT,4.4,8,AS,Z,16.0,11.0,13.8,20,322,8,1.455,0.55,23.33,Compact/Small,Premium Gasoline
BMW,M8 Coupe Competition,SUBCOMPACT,4.4,8,AS,Z,16.0,11.0,13.8,20,322,8,1.455,0.55,23.33,Compact/Small,Premium Gasoline
BMW,M8 Gran Coupe,MID-SIZE,4.4,8,AS,Z,16.0,11.0,13.8,20,322,8,1.455,0.55,23.33,Mid-size,Premium Gasoline
BMW,M8 Gran Coupe Competition,MID-SIZE,4.4,8,AS,Z,16.0,11.0,13.8,20,322,8,1.455,0.55,23.33,Mid-size,Premium Gasoline
BMW,M850i xDrive Cabriolet,SUBCOMPACT,4.4,8,AS,Z,14.5,9.9,12.4,23,290,8,1.465,0.55,23.39,Compact/Small,Premium Gasoline
BMW,M850i xDrive Coupe,SUBCOMPACT,4.4,8,AS,Z,13.6,9.3,11.7,24,273,8,1.462,0.55,23.33,Compact/Small,Premium Gasoline
BMW,M850i xDrive Gran Coupe,MID-SIZE,4.4,8,AS,Z,14.5,9.9,12.4,23,290,8,1.465,0.55,23.39,Mid-size,Premium Gasoline
BMW,X1 xDrive28i,SUV - SMALL,2.0,4,AS,Z,10.3,7.7,9.1,31,213,8,1.338,0.5,23.41,SUV,Premium Gasoline
BMW,X2 xDrive28i,SUV - SMALL,2.0,4,AS,Z,9.9,7.6,8.8,32,207,8,1.303,0.5,23.52,SUV,Premium Gasoline
BMW,X2 M35i,SUV - SMALL,2.0,4,AS,Z,10.0,7.8,9.0,31,210,8,1.282,0.5,23.33,SUV,Premium Gasoline
BMW,X3 xDrive30i,SUV - SMALL,2.0,4,AS,Z,10.0,8.2,9.2,31,215,8,1.22,0.5,23.37,SUV,Premium Gasoline
BMW,X3 M,SUV - SMALL,3.0,6,AS,Z,16.6,12.1,14.6,19,339,8,1.372,0.5,23.22,SUV,Premium Gasoline
BMW,X3 M Competition,SUV - SMALL,3.0,6,AS,Z,16.6,12.1,14.6,19,339,8,1.372,0.5,23.22,SUV,Premium Gasoline
BMW,X3 M40i,SUV - SMALL,3.0,6,AS,Z,11.3,8.7,10.1,28,235,8,1.299,0.5,23.27,SUV,Premium Gasoline
BMW,X4 xDrive30i,SUV - SMALL,2.0,4,AS,Z,10.0,8.2,9.2,31,215,8,1.22,0.5,23.37,SUV,Premium Gasoline
BMW,X4 M,SUV - SMALL,3.0,6,AS,Z,16.6,12.1,14.6,19,339,8,1.372,0.5,23.22,SUV,Premium Gasoline
BMW,X4 M Competition,SUV - SMALL,3.0,6,AS,Z,16.6,12.1,14.6,19,339,8,1.372,0.5,23.22,SUV,Premium Gasoline
BMW,X4 M40i,SUV - SMALL,3.0,6,AS,Z,11.3,8.7,10.1,28,235,8,1.299,0.5,23.27,SUV,Premium Gasoline
BMW,X5 xDrive50i,SUV - STANDARD,4.4,8,AS,Z,14.5,10.7,12.8,22,302,8,1.355,0.55,23.59,SUV,Premium Gasoline
BMW,X5 M50i,SUV - STANDARD,4.4,8,AS,Z,14.5,10.7,12.8,22,302,8,1.355,0.55,23.59,SUV,Premium Gasoline
BMW,X6 xDrive40i,SUV - STANDARD,3.0,6,AS,Z,11.7,9.1,10.5,27,245,8,1.286,0.5,23.33,SUV,Premium Gasoline
BMW,X6 M50i,SUV - STANDARD,4.4,8,AS,Z,14.5,10.7,12.8,22,302,8,1.355,0.55,23.59,SUV,Premium Gasoline
BMW,X7 xDrive50i,SUV - STANDARD,4.4,8,AS,Z,15.5,11.4,13.6,21,318,8,1.36,0.55,23.38,SUV,Premium Gasoline
BMW,X7 M50i,SUV - STANDARD,4.4,8,AS,Z,15.5,11.4,13.6,21,318,8,1.36,0.55,23.38,SUV,Premium Gasoline
BMW,Z4 sDrive30i,TWO-SEATER,2.0,4,AS,Z,9.5,7.4,8.5,33,200,8,1.284,0.5,23.53,Compact/Small,Premium Gasoline
BMW,Z4 M40i,TWO-SEATER,3.0,6,AS,Z,10.3,8.0,9.3,30,216,8,1.288,0.5,23.23,Compact/Small,Premium Gasoline
BUICK,Enclave AWD,SUV - STANDARD,3.6,6,A,X,13.6,9.6,11.8,24,277,9,1.417,0.6,23.47,SUV,Regular Gasoline
BUICK,Encore AWD,SUV - SMALL,1.4,4,AS,X,10.0,8.0,9.1,31,214,6,1.25,0.35,23.52,SUV,Regular Gasoline
BUICK,Encore GX,SUV - SMALL,1.2,3,AV,X,9.0,7.7,8.4,34,198,,1.169,0.4,23.57,SUV,Regular Gasoline
BUICK,Encore GX AWD,SUV - SMALL,1.3,3,A,X,9.0,8.0,8.5,33,199,9,1.125,0.433,23.41,SUV,Regular Gasoline
BUICK,Envision AWD,SUV - SMALL,2.0,4,A,Z,11.7,9.4,10.7,26,250,9,1.245,0.5,23.36,SUV,Premium Gasoline
BUICK,Regal,MID-SIZE,2.0,4,AS,Z,10.3,7.4,9.0,31,211,9,1.392,0.5,23.44,Mid-size,Premium Gasoline
BUICK,Regal AWD,MID-SIZE,3.6,6,AS,X,12.5,8.8,10.9,26,255,9,1.42,0.6,23.39,Mid-size,Regular Gasoline
CADILLAC,CT4,COMPACT,2.0,4,AS,Z,10.1,6.8,8.7,32,203,8,1.485,0.5,23.33,Compact/Small,Premium Gasoline
CADILLAC,CT4,COMPACT,2.7,4,AS,Z,11.5,8.0,9.9,29,232,10,1.438,0.675,23.43,Compact/Small,Premium Gasoline
CADILLAC,CT4 AWD,COMPACT,2.0,4,AS,Z,10.4,7.4,9.1,31,213,8,1.405,0.5,23.41,Compact/Small,Premium Gasoline
CADILLAC,CT4 AWD,COMPACT,2.7,4,AS,Z,11.7,8.4,10.2,28,238,10,1.393,0.675,23.33,Compact/Small,Premium Gasoline
CADILLAC,CT4-V,COMPACT,2.7,4,AS,Z,11.5,8.2,10.0,28,234,10,1.402,0.675,23.4,Compact/Small,Premium Gasoline
CADILLAC,CT4-V AWD,COMPACT,2.7,4,AS,Z,11.7,8.4,10.2,28,238,10,1.393,0.675,23.33,Compact/Small,Premium Gasoline
CADILLAC,CT5,MID-SIZE,2.0,4,AS,Z,10.4,7.3,9.0,31,209,10,1.425,0.5,23.22,Mid-size,Premium Gasoline
CADILLAC,CT5,MID-SIZE,3.0,6,AS,Z,12.6,9.1,11.0,26,256,10,1.385,0.5,23.27,Mid-size,Premium Gasoline
CADILLAC,CT5 AWD,MID-SIZE,2.0,4,AS,Z,11.0,7.7,9.5,30,221,10,1.429,0.5,23.26,Mid-size,Premium Gasoline
CADILLAC,CT5 AWD,MID-SIZE,3.0,6,AS,Z,13.3,9.3,11.5,25,268,10,1.43,0.5,23.3,Mid-size,Premium Gasoline
CADILLAC,CT5-V,MID-SIZE,3.0,6,AS,Z,13.1,9.1,11.3,25,263,10,1.44,0.5,23.27,Mid-size,Premium Gasoline
CADILLAC,CT5-V AWD,MID-SIZE,3.0,6,AS,Z,13.8,9.4,11.8,24,276,10,1.468,0.5,23.39,Mid-size,Premium Gasoline
CADILLAC,CT6 AWD,FULL-SIZE,3.6,6,AS,X,12.9,8.7,11.0,26,259,10,1.483,0.6,23.55,Mid-size,Regular Gasoline
CADILLAC,Escalade 4WD,SUV - STANDARD,6.2,8,A,Z,16.7,11.1,14.2,20,333,10,1.505,0.775,23.45,SUV,Premium Gasoline
CADILLAC,XT5,SUV - SMALL,2.0,4,AS,Z,11.0,8.3,9.8,29,227,9,1.325,0.5,23.16,SUV,Premium Gasoline
CADILLAC,XT5 AWD,SUV - SMALL,2.0,4,AS,Z,11.2,8.9,10.1,28,235,9,1.258,0.5,23.27,SUV,Premium Gasoline
CADILLAC,XT5 AWD,SUV - SMALL,3.6,6,AS,X,13.4,9.4,11.6,24,270,9,1.426,0.6,23.28,SUV,Regular Gasoline
CADILLAC,XT6 AWD,SUV - SMALL,3.6,6,AS,X,13.5,9.7,11.8,24,277,9,1.392,0.6,23.47,SUV,Regular Gasoline
CHEVROLET,Blazer,SUV - SMALL,2.0,4,A,X,11.0,8.3,9.8,29,225,9,1.325,0.5,22.96,SUV,Regular Gasoline
CHEVROLET,Blazer,SUV - SMALL,2.5,4,A,X,11.3,8.9,10.2,28,238,9,1.27,0.625,23.33,SUV,Regular Gasoline
CHEVROLET,Blazer AWD,SUV - SMALL,2.0,4,A,X,11.3,8.7,10.1,28,232,9,1.299,0.5,22.97,SUV,Regular Gasoline
CHEVROLET,Blazer AWD,SUV - SMALL,3.6,6,A,X,13.1,9.4,11.4,25,269,9,1.394,0.6,23.6,SUV,Regular Gasoline
CHEVROLET,Camaro,SUBCOMPACT,2.0,4,AS,Z,10.9,7.6,9.4,30,219,8,1.434,0.5,23.3,Compact/Small,Premium Gasoline
CHEVROLET,Camaro,SUBCOMPACT,3.6,6,AS,X,12.5,8.1,10.5,27,247,10,1.543,0.6,23.52,Compact/Small,Regular Gasoline
CHEVROLET,Camaro,SUBCOMPACT,3.6,6,M,X,14.3,9.0,11.9,24,280,6,1.589,0.6,23.53,Compact/Small,Regular Gasoline
CHEVROLET,Camaro SS,SUBCOMPACT,6.2,8,AS,Z,14.6,8.9,12.1,23,282,10,1.64,0.775,23.31,Compact/Small,Premium Gasoline
CHEVROLET,Camaro SS,SUBCOMPACT,6.2,8,M,Z,14.9,9.9,12.6,22,296,6,1.505,0.775,23.49,Compact/Small,Premium Gasoline
CHEVROLET,Camaro ZL1,SUBCOMPACT,6.2,8,M,Z,17.2,12.0,14.8,19,349,6,1.433,0.775,23.58,Compact/Small,Premium Gasoline
CHEVROLET,Colorado,PICKUP TRUCK - SMALL,2.5,4,A,X,12.1,9.2,10.8,26,252,6,1.315,0.625,23.33,Truck/Van,Regular Gasoline
CHEVROLET,Colorado,PICKUP TRUCK - SMALL,3.6,6,A,X,13.4,9.6,11.7,24,273,8,1.396,0.6,23.33,Truck/Van,Regular Gasoline
CHEVROLET,Colorado 4WD,PICKUP TRUCK - SMALL,2.5,4,A,X,12.6,9.7,11.3,25,265,6,1.299,0.625,23.45,Truck/Van,Regular Gasoline
CHEVROLET,Colorado 4WD,PICKUP TRUCK - SMALL,2.8,4,A,D,12.3,8.5,10.6,27,284,6,1.447,0.7,26.79,Truck/Van,Diesel
CHEVROLET,Corvette,TWO-SEATER,6.2,8,AS,Z,15.4,8.7,12.4,23,290,8,1.77,0.775,23.39,Compact/Small,Premium Gasoline
CHEVROLET,Equinox,SUV - SMALL,1.5,4,A,X,8.9,7.7,8.4,34,196,6,1.156,0.375,23.33,SUV,Regular Gasoline
CHEVROLET,Equinox AWD,SUV - SMALL,1.5,4,A,X,9.3,8.0,8.7,32,204,6,1.162,0.375,23.45,SUV,Regular Gasoline
CHEVROLET,Impala,FULL-SIZE,3.6,6,AS,X,12.8,8.5,10.9,26,255,6,1.506,0.6,23.39,Mid-size,Regular Gasoline
CHEVROLET,Impala,FULL-SIZE,3.6,6,AS,E,17.2,11.6,14.7,19,246,6,1.483,0.6,16.73,Mid-size,Ethanol (E85)
CHEVROLET,Malibu,MID-SIZE,1.5,4,AV,X,8.2,6.6,7.5,38,189,,1.242,0.375,25.2,Mid-size,Regular Gasoline
CHEVROLET,Silverado,PICKUP TRUCK - STANDARD,2.7,4,A,X,11.9,10.3,11.1,25,262,8,1.155,0.675,23.6,Truck/Van,Regular Gasoline
CHEVROLET,Silverado WT,PICKUP TRUCK - STANDARD,2.7,4,A,X,12.5,10.8,11.7,24,275,8,1.157,0.675,23.5,Truck/Van,Regular Gasoline
CHEVROLET,Silverado,PICKUP TRUCK - STANDARD,3.0,6,A,D,10.2,7.2,8.9,32,238,10,1.417,0.5,26.74,Truck/Van,Diesel
CHEVROLET,Silverado,PICKUP TRUCK - STANDARD,4.3,6,A,X,15.1,11.5,13.5,21,318,6,1.313,0.717,23.56,Truck/Van,Regular Gasoline
CHEVROLET,Silverado FFV,PICKUP TRUCK - STANDARD,5.3,8,A,X,16.0,12.6,14.4,20,339,6,1.27,0.662,23.54,Truck/Van,Regular Gasoline
CHEVROLET,Silverado FFV,PICKUP TRUCK - STANDARD,5.3,8,A,E,22.2,16.2,19.5,14,326,6,1.37,0.662,16.72,Truck/Van,Ethanol (E85)
CHEVROLET,Silverado,PICKUP TRUCK - STANDARD,5.3,8,A,X,13.9,10.1,12.2,23,286,8,1.376,0.662,23.44,Truck/Van,Regular Gasoline
CHEVROLET,Silverado WT 4WD,PICKUP TRUCK - STANDARD,2.7,4,A,X,12.7,11.0,12.0,24,280,8,1.155,0.675,23.33,Truck/Van,Regular Gasoline
CHEVROLET,Silverado 4WD,PICKUP TRUCK - STANDARD,3.0,6,A,D,10.4,8.0,9.4,30,252,10,1.3,0.5,26.81,Truck/Van,Diesel
CHEVROLET,Silverado 4WD,PICKUP TRUCK - STANDARD,4.3,6,A,X,15.7,12.0,14.1,20,331,6,1.308,0.717,23.48,Truck/Van,Regular Gasoline
CHEVROLET,Silverado 4WD Custom Trail Boss,PICKUP TRUCK - STANDARD,4.3,6,A,X,16.3,12.9,14.8,19,349,6,1.264,0.717,23.58,Truck/Van,Regular Gasoline
CHEVROLET,Silverado 4WD,PICKUP TRUCK - STANDARD,5.3,8,A,X,15.9,11.8,14.1,20,331,6,1.347,0.662,23.48,Truck/Van,Regular Gasoline
CHEVROLET,Silverado 4WD FFV,PICKUP TRUCK - STANDARD,5.3,8,A,X,16.6,13.0,15.0,19,350,6,1.277,0.662,23.33,Truck/Van,Regular Gasoline
CHEVROLET,Silverado 4WD FFV,PICKUP TRUCK - STANDARD,5.3,8,A,E,22.3,18.1,20.5,14,342,6,1.232,0.662,16.68,Truck/Van,Ethanol (E85)
CHEVROLET,Silverado 4WD Custom Trail Boss,PICKUP TRUCK - STANDARD,5.3,8,A,X,16.7,13.1,15.1,19,354,6,1.275,0.662,23.44,Truck/Van,Regular Gasoline
CHEVROLET,Silverado 4WD,PICKUP TRUCK - STANDARD,5.3,8,A,X,14.7,10.7,12.9,22,303,8,1.374,0.662,23.49,Truck/Van,Regular Gasoline
CHEVROLET,Silverado 4WD,PICKUP TRUCK - STANDARD,5.3,8,A,X,14.3,10.6,12.6,22,296,10,1.349,0.662,23.49,Truck/Van,Regular Gasoline
CHEVROLET,Silverado 4WD LT Trail Boss,PICKUP TRUCK - STANDARD,5.3,8,A,X,14.7,11.2,13.1,22,307,10,1.312,0.662,23.44,Truck/Van,Regular Gasoline
CHEVROLET,Silverado 4WD Custom Trail Boss,PICKUP TRUCK - STANDARD,6.2,8,A,Z,16.8,13.3,15.2,19,357,10,1.263,0.775,23.49,Truck/Van,Premium Gasoline
CHEVROLET,Silverado 4WD LT Trail Boss,PICKUP TRUCK - STANDARD,6.2,8,A,Z,15.7,12.4,14.2,20,332,10,1.266,0.775,23.38,Truck/Van,Premium Gasoline
CHEVROLET,Suburban 4WD,SUV - STANDARD,5.3,8,A,X,16.8,11.3,14.4,20,337,6,1.487,0.662,23.4,SUV,Regular Gasoline
CHEVROLET,Suburban 4WD FFV,SUV - STANDARD,5.3,8,A,X,16.8,11.3,14.4,20,337,6,1.487,0.662,23.4,SUV,Regular Gasoline
CHEVROLET,Suburban 4WD FFV,SUV - STANDARD,5.3,8,A,E,22.2,15.3,19.1,15,319,6,1.451,0.662,16.7,SUV,Ethanol (E85)
CHEVROLET,Suburban 4WD,SUV - STANDARD,6.2,8,A,Z,17.2,11.4,14.6,19,343,10,1.509,0.775,23.49,SUV,Premium Gasoline
CHEVROLET,Tahoe 4WD,SUV - STANDARD,5.3,8,A,X,16.0,11.2,13.8,20,325,6,1.429,0.662,23.55,SUV,Regular Gasoline
CHEVROLET,Tahoe 4WD FFV,SUV - STANDARD,5.3,8,A,X,16.0,11.2,13.8,20,325,6,1.429,0.662,23.55,SUV,Regular Gasoline
CHEVROLET,Tahoe 4WD,SUV - STANDARD,6.2,8,A,Z,16.5,10.9,13.9,20,327,10,1.514,0.775,23.53,SUV,Premium Gasoline
CHEVROLET,Traverse AWD,SUV - STANDARD,3.6,6,A,X,13.6,9.6,11.8,24,276,9,1.417,0.6,23.39,SUV,Regular Gasoline
CHEVROLET,Trax AWD,SUV - SMALL,1.4,4,AS,X,10.0,8.0,9.1,31,214,6,1.25,0.35,23.52,SUV,Regular Gasoline
CHRYSLER,Voyager (Stop-Start),MINIVAN,3.6,6,A,X,12.4,8.4,10.6,27,249,9,1.476,0.6,23.49,Truck/Van,Regular Gasoline
DODGE,Challenger (MDS),MID-SIZE,6.4,8,A,Z,15.8,9.6,13.0,22,305,8,1.646,0.8,23.46,Mid-size,Premium Gasoline
DODGE,Challenger AWD,MID-SIZE,3.6,6,A,X,12.8,8.7,11.0,26,258,8,1.471,0.6,23.45,Mid-size,Regular Gasoline
DODGE,Challenger Widebody (MDS),MID-SIZE,6.4,8,A,Z,15.8,9.6,13.0,22,305,8,1.646,0.8,23.46,Mid-size,Premium Gasoline
DODGE,Challenger Widebody (MDS),MID-SIZE,6.4,8,M,Z,16.7,10.4,13.9,20,325,6,1.606,0.8,23.38,Mid-size,Premium Gasoline
DODGE,Challenger SRT Hellcat Widebody,MID-SIZE,6.2,8,A,Z,18.6,11.2,15.3,18,358,8,1.661,0.775,23.4,Mid-size,Premium Gasoline
DODGE,Challenger SRT Hellcat Widebody,MID-SIZE,6.2,8,M,Z,18.1,11.4,15.1,19,352,6,1.588,0.775,23.31,Mid-size,Premium Gasoline
DODGE,Charger (MDS),FULL-SIZE,6.4,8,A,Z,15.8,9.6,13.0,22,305,8,1.646,0.8,23.46,Mid-size,Premium Gasoline
DODGE,Charger Widebody (MDS),FULL-SIZE,6.4,8,A,Z,15.8,9.6,13.0,22,305,8,1.646,0.8,23.46,Mid-size,Premium Gasoline
DODGE,Charger SRT Hellcat Widebody,FULL-SIZE,6.2,8,A,Z,19.0,11.5,15.6,18,368,8,1.652,0.775,23.59,Mid-size,Premium Gasoline
DODGE,Grand Caravan,MINIVAN,3.6,6,A,X,13.7,9.4,11.8,24,276,6,1.457,0.6,23.39,Truck/Van,Regular Gasoline
FORD,EcoSport,SUV - SMALL,1.0,3,AS,X,8.6,8.1,8.4,34,197,6,1.062,0.333,23.45,SUV,Regular Gasoline
FORD,EcoSport AWD,SUV - SMALL,2.0,4,AS,X,10.2,8.1,9.2,31,216,6,1.259,0.5,23.48,SUV,Regular Gasoline
FORD,Edge,SUV - SMALL,2.0,4,A,X,11.2,8.1,9.8,29,229,8,1.383,0.5,23.37,SUV,Regular Gasoline
FORD,Edge AWD,SUV - SMALL,2.0,4,A,X,11.4,8.3,10.0,28,233,8,1.373,0.5,23.3,SUV,Regular Gasoline
FORD,Edge AWD,SUV - SMALL,2.7,6,AS,X,12.5,9.2,11.0,26,258,8,1.359,0.45,23.45,SUV,Regular Gasoline
FORD,Escape,SUV - SMALL,1.5,3,A,X,8.6,7.1,7.9,36,185,8,1.211,0.5,23.42,SUV,Regular Gasoline
FORD,Escape AWD,SUV - SMALL,1.5,3,A,X,8.9,7.6,8.3,34,196,8,1.171,0.5,23.61,SUV,Regular Gasoline
FORD,Escape AWD,SUV - SMALL,2.0,4,AS,X,10.4,7.5,9.1,31,213,8,1.387,0.5,23.41,SUV,Regular Gasoline
FORD,Escape Hybrid,SUV - SMALL,2.5,4,AV,X,5.4,6.3,5.8,49,136,,0.857,0.625,23.45,SUV,Regular Gasoline
FORD,Escape Hybrid AWD,SUV - SMALL,2.5,4,AV,X,5.5,6.4,5.9,48,139,,0.859,0.625,23.56,SUV,Regular Gasoline
FORD,Expedition 4X4,SUV - STANDARD,3.5,6,AS,X,14.1,10.6,12.5,23,294,10,1.33,0.583,23.52,SUV,Regular Gasoline
FORD,Expedition MAX 4X4,SUV - STANDARD,3.5,6,AS,X,14.7,11.2,13.1,22,308,10,1.312,0.583,23.51,SUV,Regular Gasoline
FORD,Explorer AWD,SUV - STANDARD,2.3,4,AS,X,11.6,8.7,10.3,27,241,10,1.333,0.575,23.4,SUV,Regular Gasoline
FORD,Explorer AWD,SUV - STANDARD,3.0,6,AS,X,13.3,9.8,11.8,24,278,10,1.357,0.5,23.56,SUV,Regular Gasoline
FORD,Explorer Hybrid AWD,SUV - STANDARD,3.3,6,AS,X,10.1,9.0,9.6,29,225,10,1.122,0.55,23.44,SUV,Regular Gasoline
FORD,F-150,PICKUP TRUCK - STANDARD,2.7,6,AS,X,12.0,8.9,10.6,27,249,10,1.348,0.45,23.49,Truck/Van,Regular Gasoline
FORD,F-150,PICKUP TRUCK - STANDARD,3.0,6,AS,D,11.1,8.3,9.8,29,264,10,1.337,0.5,26.94,Truck/Van,Diesel
FORD,F-150 (LT Tire Pkg),PICKUP TRUCK - STANDARD,3.0,6,AS,D,11.1,8.3,9.8,29,264,10,1.337,0.5,26.94,Truck/Van,Diesel
FORD,F-150 FFV,PICKUP TRUCK - STANDARD,3.3,6,AS,X,12.1,9.3,10.8,26,254,6,1.301,0.55,23.52,Truck/Van,Regular Gasoline
FORD,F-150 FFV,PICKUP TRUCK - STANDARD,3.3,6,AS,E,16.6,12.6,14.8,19,245,6,1.317,0.55,16.55,Truck/Van,Ethanol (E85)
FORD,F-150,PICKUP TRUCK - STANDARD,3.5,6,AS,X,14.3,10.7,12.7,22,298,10,1.336,0.583,23.46,Truck/Van,Regular Gasoline
FORD,F-150 FFV,PICKUP TRUCK - STANDARD,5.0,8,AS,X,14.3,10.6,12.6,22,297,10,1.349,0.625,23.57,Truck/Van,Regular Gasoline
FORD,F-150 FFV,PICKUP TRUCK - STANDARD,5.0,8,AS,E,20.0,14.8,17.6,16,293,10,1.351,0.625,16.65,Truck/Van,Ethanol (E85)
FORD,F-150 FFV (LT Tire Pkg),PICKUP TRUCK - STANDARD,5.0,8,AS,X,14.4,11.2,13.0,22,305,10,1.286,0.625,23.46,Truck/Van,Regular Gasoline
FORD,F-150 FFV (LT Tire Pkg),PICKUP TRUCK - STANDARD,5.0,8,AS,E,20.0,14.9,17.7,16,294,10,1.342,0.625,16.61,Truck/Van,Ethanol (E85)
FORD,F-150 FFV (Payload Pkg),PICKUP TRUCK - STANDARD,5.0,8,AS,X,15.1,11.8,13.6,21,319,10,1.28,0.625,23.46,Truck/Van,Regular Gasoline
FORD,F-150 FFV (Payload Pkg),PICKUP TRUCK - STANDARD,5.0,8,AS,E,19.9,15.8,18.0,16,300,10,1.259,0.625,16.67,Truck/Van,Ethanol (E85)
FORD,F-150 4X4,PICKUP TRUCK - STANDARD,2.7,6,AS,X,13.1,10.2,11.8,24,277,10,1.284,0.45,23.47,Truck/Van,Regular Gasoline
FORD,F-150 4X4,PICKUP TRUCK - STANDARD,3.0,6,AS,D,11.9,9.4,10.8,26,290,10,1.266,0.5,26.85,Truck/Van,Diesel
FORD,F-150 4X4 XL/XLT,PICKUP TRUCK - STANDARD,3.0,6,AS,D,11.3,8.5,10.0,28,270,10,1.329,0.5,27.0,Truck/Van,Diesel
FORD,F-150 FFV 4X4,PICKUP TRUCK - STANDARD,3.3,6,AS,X,12.9,10.2,11.7,24,274,6,1.265,0.55,23.42,Truck/Van,Regular Gasoline
FORD,F-150 FFV 4X4,PICKUP TRUCK - STANDARD,3.3,6,AS,E,17.6,13.8,15.9,18,265,6,1.275,0.55,16.67,Truck/Van,Ethanol (E85)
FORD,F-150 4X4,PICKUP TRUCK - STANDARD,3.5,6,AS,X,14.6,10.9,13.0,22,304,10,1.339,0.583,23.38,Truck/Van,Regular Gasoline
FORD,F-150 FFV 4X4,PICKUP TRUCK - STANDARD,5.0,8,AS,X,15.1,11.6,13.5,21,317,10,1.302,0.625,23.48,Truck/Van,Regular Gasoline
FORD,F-150 FFV 4X4,PICKUP TRUCK - STANDARD,5.0,8,AS,E,20.3,14.7,17.8,16,296,10,1.381,0.625,16.63,Truck/Van,Ethanol (E85)
FORD,Fusion,MID-SIZE,1.5,4,AS,X,10.0,7.0,8.7,32,203,6,1.429,0.375,23.33,Mid-size,Regular Gasoline
FORD,Fusion Hybrid,MID-SIZE,2.0,4,AV,X,5.5,5.7,5.6,50,131,,0.965,0.5,23.39,Mid-size,Regular Gasoline
FORD,GT,TWO-SEATER,3.5,6,AM,Z,19.8,12.8,16.6,17,393,7,1.547,0.583,23.67,Compact/Small,Premium Gasoline
FORD,Mustang,SUBCOMPACT,2.3,4,M,X,11.2,7.9,9.7,29,226,6,1.418,0.575,23.3,Compact/Small,Regular Gasoline
FORD,Mustang,SUBCOMPACT,5.0,8,M,X,16.1,9.9,13.3,21,312,6,1.626,0.625,23.46,Compact/Small,Regular Gasoline
FORD,Mustang Bullitt,SUBCOMPACT,5.0,8,M,X,16.4,10.2,13.6,21,319,6,1.608,0.625,23.46,Compact/Small,Regular Gasoline
FORD,Mustang Convertible,SUBCOMPACT,2.3,4,AS,X,11.8,8.4,10.3,27,242,10,1.405,0.575,23.5,Compact/Small,Regular Gasoline
FORD,Mustang Convertible (Performance Pkg),SUBCOMPACT,2.3,4,AS,X,11.8,8.7,10.4,27,244,10,1.356,0.575,23.46,Compact/Small,Regular Gasoline
FORD,Mustang Convertible,SUBCOMPACT,2.3,4,M,X,11.8,8.4,10.3,27,240,6,1.405,0.575,23.3,Compact/Small,Regular Gasoline
FORD,Mustang Convertible (Performance Pkg),SUBCOMPACT,2.3,4,M,X,12.1,9.1,10.7,26,252,6,1.33,0.575,23.55,Compact/Small,Regular Gasoline
FORD,Mustang Convertible,SUBCOMPACT,5.0,8,AS,X,15.4,9.7,12.9,22,303,10,1.588,0.625,23.49,Compact/Small,Regular Gasoline
FORD,Shelby GT350 Mustang,SUBCOMPACT,5.2,8,M,Z,17.1,11.4,14.5,19,342,6,1.5,0.65,23.59,Compact/Small,Premium Gasoline
FORD,Shelby GT500 Mustang,SUBCOMPACT,5.2,8,AM,Z,19.9,12.7,16.7,17,392,7,1.567,0.65,23.47,Compact/Small,Premium Gasoline
FORD,T-150 Wagon FFV,VAN - PASSENGER,3.5,6,AS,X,16.2,12.3,14.5,19,340,10,1.317,0.583,23.45,Truck/Van,Regular Gasoline
FORD,T-150 Wagon FFV,VAN - PASSENGER,3.5,6,AS,E,21.5,16.2,19.1,15,316,10,1.327,0.583,16.54,Truck/Van,Ethanol (E85)
FORD,T-150 Wagon FFV 4WD,VAN - PASSENGER,3.5,6,AS,X,16.7,12.8,15.0,19,352,10,1.305,0.583,23.47,Truck/Van,Regular Gasoline
FORD,T-150 Wagon FFV 4WD,VAN - PASSENGER,3.5,6,AS,E,22.1,16.8,19.8,14,328,10,1.315,0.583,16.57,Truck/Van,Ethanol (E85)
FORD,Transit Connect Van LWB,SPECIAL PURPOSE VEHICLE,2.0,4,AS,X,9.8,8.8,9.3,30,219,8,1.114,0.5,23.55,Other,Regular Gasoline
FORD,Transit Connect Van LWB,SPECIAL PURPOSE VEHICLE,2.5,4,AS,X,12.0,8.8,10.6,27,247,6,1.364,0.625,23.3,Other,Regular Gasoline
GENESIS,G70 AWD,COMPACT,2.0,4,AS,Z,11.4,8.6,10.2,28,238,8,1.326,0.5,23.33,Compact/Small,Premium Gasoline
GENESIS,G70 AWD,COMPACT,3.3,6,AS,Z,14.1,9.5,12.0,24,284,8,1.484,0.55,23.67,Compact/Small,Premium Gasoline
GENESIS,G90 AWD,FULL-SIZE,3.3,6,AS,Z,13.6,9.5,11.8,24,280,8,1.432,0.55,23.73,Mid-size,Premium Gasoline
GENESIS,G90 AWD,FULL-SIZE,5.0,8,AS,Z,15.4,10.2,13.1,22,311,8,1.51,0.625,23.74,Mid-size,Premium Gasoline
GMC,Acadia,SUV - STANDARD,2.0,4,A,X,11.0,8.3,9.8,29,225,9,1.325,0.5,22.96,SUV,Regular Gasoline
GMC,Acadia,SUV - STANDARD,2.5,4,A,X,11.3,8.9,10.2,28,238,9,1.27,0.625,23.33,SUV,Regular Gasoline
GMC,Acadia,SUV - STANDARD,3.6,6,A,X,12.6,8.8,10.9,26,257,9,1.432,0.6,23.58,SUV,Regular Gasoline
GMC,Acadia AWD,SUV - STANDARD,2.0,4,A,X,11.3,8.7,10.1,28,232,9,1.299,0.5,22.97,SUV,Regular Gasoline
GMC,Acadia AWD,SUV - STANDARD,3.6,6,A,X,13.1,9.4,11.4,25,269,9,1.394,0.6,23.6,SUV,Regular Gasoline
GMC,Canyon,PICKUP TRUCK - SMALL,2.5,4,A,X,12.1,9.2,10.8,26,252,6,1.315,0.625,23.33,Truck/Van,Regular Gasoline
GMC,Canyon,PICKUP TRUCK - SMALL,3.6,6,A,X,13.4,9.6,11.7,24,273,8,1.396,0.6,23.33,Truck/Van,Regular Gasoline
GMC,Canyon 4WD,PICKUP TRUCK - SMALL,2.5,4,A,X,12.6,9.7,11.3,25,265,6,1.299,0.625,23.45,Truck/Van,Regular Gasoline
GMC,Canyon 4WD,PICKUP TRUCK - SMALL,2.8,4,A,D,12.3,8.5,10.6,27,284,6,1.447,0.7,26.79,Truck/Van,Diesel
GMC,Sierra,PICKUP TRUCK - STANDARD,2.7,4,A,X,11.9,10.3,11.1,25,262,8,1.155,0.675,23.6,Truck/Van,Regular Gasoline
GMC,Sierra WT,PICKUP TRUCK - STANDARD,2.7,4,A,X,12.5,10.8,11.7,24,275,8,1.157,0.675,23.5,Truck/Van,Regular Gasoline
GMC,Sierra,PICKUP TRUCK - STANDARD,3.0,6,A,D,10.2,7.8,9.1,31,245,10,1.308,0.5,26.92,Truck/Van,Diesel
GMC,Sierra,PICKUP TRUCK - STANDARD,4.3,6,A,X,15.1,11.5,13.5,21,318,6,1.313,0.717,23.56,Truck/Van,Regular Gasoline
GMC,Sierra FFV,PICKUP TRUCK - STANDARD,5.3,8,A,X,16.0,12.6,14.4,20,339,6,1.27,0.662,23.54,Truck/Van,Regular Gasoline
GMC,Sierra FFV,PICKUP TRUCK - STANDARD,5.3,8,A,E,22.2,16.2,19.5,14,326,6,1.37,0.662,16.72,Truck/Van,Ethanol (E85)
GMC,Sierra,PICKUP TRUCK - STANDARD,5.3,8,A,X,14.0,10.1,12.2,23,288,8,1.386,0.662,23.61,Truck/Van,Regular Gasoline
GMC,Sierra 4WD,PICKUP TRUCK - STANDARD,2.7,4,A,X,12.5,10.8,11.7,24,275,8,1.157,0.675,23.5,Truck/Van,Regular Gasoline
GMC,Sierra WT 4WD,PICKUP TRUCK - STANDARD,2.7,4,A,X,12.7,11.0,12.0,24,280,8,1.155,0.675,23.33,Truck/Van,Regular Gasoline
GMC,Sierra 4WD,PICKUP TRUCK - STANDARD,3.0,6,A,D,10.5,9.1,9.9,29,265,10,1.154,0.5,26.77,Truck/Van,Diesel
GMC,Sierra 4WD AT4,PICKUP TRUCK - STANDARD,3.0,6,A,D,10.5,9.1,9.9,29,265,10,1.154,0.5,26.77,Truck/Van,Diesel
GMC,Sierra 4WD,PICKUP TRUCK - STANDARD,4.3,6,A,X,15.7,12.0,14.1,20,331,6,1.308,0.717,23.48,Truck/Van,Regular Gasoline
GMC,Sierra 4WD,PICKUP TRUCK - STANDARD,5.3,8,A,X,15.9,11.8,14.1,20,331,6,1.347,0.662,23.48,Truck/Van,Regular Gasoline
GMC,Sierra 4WD FFV,PICKUP TRUCK - STANDARD,5.3,8,A,X,16.4,12.6,14.7,19,344,6,1.302,0.662,23.4,Truck/Van,Regular Gasoline
GMC,Sierra 4WD FFV,PICKUP TRUCK - STANDARD,5.3,8,A,E,21.8,16.8,19.5,14,325,6,1.298,0.662,16.67,Truck/Van,Ethanol (E85)
GMC,Sierra 4WD AT4,PICKUP TRUCK - STANDARD,5.3,8,A,X,16.7,13.1,15.1,19,354,6,1.275,0.662,23.44,Truck/Van,Regular Gasoline
GMC,Sierra 4WD,PICKUP TRUCK - STANDARD,5.3,8,A,X,14.7,10.8,13.0,22,304,8,1.361,0.662,23.38,Truck/Van,Regular Gasoline
GMC,Sierra 4WD AT4,PICKUP TRUCK - STANDARD,5.3,8,A,X,15.1,11.4,13.4,21,314,8,1.325,0.662,23.43,Truck/Van,Regular Gasoline
GMC,Sierra 4WD,PICKUP TRUCK - STANDARD,5.3,8,A,X,14.3,10.6,12.7,22,298,10,1.349,0.662,23.46,Truck/Van,Regular Gasoline
GMC,Sierra 4WD AT4,PICKUP TRUCK - STANDARD,5.3,8,A,X,14.7,11.2,13.1,22,307,10,1.312,0.662,23.44,Truck/Van,Regular Gasoline
GMC,Terrain,SUV - SMALL,1.5,4,A,X,9.2,7.8,8.6,33,202,9,1.179,0.375,23.49,SUV,Regular Gasoline
GMC,Terrain AWD,SUV - SMALL,1.5,4,A,X,9.5,8.3,9.0,31,210,9,1.145,0.375,23.33,SUV,Regular Gasoline
GMC,Yukon 4WD,SUV - STANDARD,5.3,8,A,X,16.0,11.2,13.8,20,325,6,1.429,0.662,23.55,SUV,Regular Gasoline
GMC,Yukon 4WD FFV,SUV - STANDARD,5.3,8,A,X,16.0,11.2,13.8,20,325,6,1.429,0.662,23.55,SUV,Regular Gasoline
GMC,Yukon 4WD,SUV - STANDARD,6.2,8,A,Z,16.5,10.9,13.9,20,327,10,1.514,0.775,23.53,SUV,Premium Gasoline
GMC,Yukon XL 4WD,SUV - STANDARD,5.3,8,A,X,16.8,11.3,14.4,20,337,6,1.487,0.662,23.4,SUV,Regular Gasoline
GMC,Yukon XL 4WD FFV,SUV - STANDARD,5.3,8,A,X,16.8,11.3,14.4,20,337,6,1.487,0.662,23.4,SUV,Regular Gasoline
GMC,Yukon XL 4WD FFV,SUV - STANDARD,5.3,8,A,E,22.2,15.3,19.1,15,319,6,1.451,0.662,16.7,SUV,Ethanol (E85)
GMC,Yukon XL 4WD,SUV - STANDARD,6.2,8,A,Z,17.2,11.4,14.6,19,343,10,1.509,0.775,23.49,SUV,Premium Gasoline
HONDA,Accord,FULL-SIZE,1.5,4,AV,X,7.9,6.3,7.2,39,170,,1.254,0.375,23.61,Mid-size,Regular Gasoline
HONDA,Civic Coupe Si,COMPACT,1.5,4,M,Z,8.9,6.4,7.8,36,183,6,1.391,0.375,23.46,Compact/Small,Premium Gasoline
HONDA,Civic Hatchback Sport,FULL-SIZE,1.5,4,AV,Z,8.0,6.6,7.4,38,172,7,1.212,0.375,23.24,Mid-size,Premium Gasoline
HONDA,Civic Sedan,MID-SIZE,2.0,4,AV,X,8.2,6.5,7.4,38,172,7,1.262,0.5,23.24,Mid-size,Regular Gasoline
HONDA,Civic Sedan Si,MID-SIZE,1.5,4,M,Z,8.9,6.4,7.8,36,183,6,1.391,0.375,23.46,Mid-size,Premium Gasoline
HONDA,Civic Type R,FULL-SIZE,2.0,4,M,Z,10.5,8.4,9.6,29,223,6,1.25,0.5,23.23,Mid-size,Premium Gasoline
HONDA,CR-V,SUV - SMALL,1.5,4,AV,X,8.3,7.0,7.7,37,180,,1.186,0.375,23.38,SUV,Regular Gasoline
HONDA,CR-V AWD,SUV - SMALL,1.5,4,AV,X,8.7,7.4,8.1,35,189,,1.176,0.375,23.33,SUV,Regular Gasoline
HONDA,HR-V AWD,STATION WAGON - SMALL,1.8,4,AV,X,9.1,7.7,8.5,33,200,7,1.182,0.45,23.53,Mid-size,Regular Gasoline
HONDA,Insight EX/Touring,MID-SIZE,1.5,4,AV,X,4.6,5.3,4.9,58,115,,0.868,0.375,23.47,Mid-size,Regular Gasoline
HONDA,Odyssey,MINIVAN,3.5,6,AS,X,12.2,8.5,10.6,27,248,10,1.435,0.583,23.4,Truck/Van,Regular Gasoline
HONDA,Passport AWD,SUV - SMALL,3.5,6,AS,X,12.5,9.8,11.3,25,265,9,1.276,0.583,23.45,SUV,Regular Gasoline
HONDA,Ridgeline AWD,PICKUP TRUCK - STANDARD,3.5,6,AS,X,12.6,10.0,11.4,25,269,9,1.26,0.583,23.6,Truck/Van,Regular Gasoline
HYUNDAI,Accent,COMPACT,1.6,4,AV,X,7.3,6.0,6.7,42,160,,1.217,0.4,23.88,Compact/Small,Regular Gasoline
HYUNDAI,Accent,COMPACT,1.6,4,M,X,7.8,6.1,7.0,40,168,6,1.279,0.4,24.0,Compact/Small,Regular Gasoline
HYUNDAI,Elantra,MID-SIZE,1.6,4,AM,X,8.9,7.0,8.1,35,192,7,1.271,0.4,23.7,Mid-size,Regular Gasoline
HYUNDAI,Elantra,MID-SIZE,1.6,4,M,X,10.1,7.6,9.0,31,214,6,1.329,0.4,23.78,Mid-size,Regular Gasoline
HYUNDAI,Elantra,MID-SIZE,2.0,4,AV,X,7.8,5.6,6.8,42,161,,1.393,0.5,23.68,Mid-size,Regular Gasoline
HYUNDAI,Elantra,MID-SIZE,2.0,4,M,X,9.1,6.3,7.9,36,187,6,1.444,0.5,23.67,Mid-size,Regular Gasoline
HYUNDAI,Elantra GT,FULL-SIZE,2.0,4,AS,X,9.4,7.1,8.4,34,199,6,1.324,0.5,23.69,Mid-size,Regular Gasoline
HYUNDAI,IONIQ,FULL-SIZE,1.6,4,AM,X,4.2,4.2,4.2,67,99,6,1.0,0.4,23.57,Mid-size,Regular Gasoline
HYUNDAI,Kona,SUV - SMALL,2.0,4,AS,X,8.6,7.0,7.9,36,187,6,1.229,0.5,23.67,SUV,Regular Gasoline
HYUNDAI,Palisade,SUV - STANDARD,3.8,6,AS,X,11.9,8.8,10.5,27,250,8,1.352,0.633,23.81,SUV,Regular Gasoline
HYUNDAI,Palisade AWD,SUV - STANDARD,3.8,6,AS,X,12.3,9.6,11.1,25,265,8,1.281,0.633,23.87,SUV,Regular Gasoline
HYUNDAI,Santa Fe AWD,SUV - SMALL,2.0,4,AS,X,12.0,9.2,10.7,26,255,8,1.304,0.5,23.83,SUV,Regular Gasoline
HYUNDAI,Santa Fe AWD,SUV - SMALL,2.4,4,AS,X,11.3,8.8,10.1,28,238,8,1.284,0.6,23.56,SUV,Regular Gasoline
HYUNDAI,Sonata,FULL-SIZE,1.6,4,AS,X,8.6,6.6,7.7,37,181,8,1.303,0.4,23.51,Mid-size,Regular Gasoline
HYUNDAI,Sonata,FULL-SIZE,2.5,4,AS,X,8.8,6.4,7.7,37,182,8,1.375,0.625,23.64,Mid-size,Regular Gasoline
HYUNDAI,Sonata Hybrid,FULL-SIZE,2.0,4,AM,X,5.3,4.6,5.0,56,117,6,1.152,0.5,23.4,Mid-size,Regular Gasoline
HYUNDAI,Tucson AWD,SUV - SMALL,2.4,4,AS,X,11.0,9.1,10.1,28,241,6,1.209,0.6,23.86,SUV,Regular Gasoline
HYUNDAI,Veloster Turbo,COMPACT,1.6,4,M,X,9.4,7.0,8.3,34,196,6,1.343,0.4,23.61,Compact/Small,Regular Gasoline
HYUNDAI,Venue,MID-SIZE,1.6,4,AV,X,8.0,7.0,7.5,38,178,,1.143,0.4,23.73,Mid-size,Regular Gasoline
HYUNDAI,Venue,MID-SIZE,1.6,4,M,X,8.6,6.8,7.8,36,184,6,1.265,0.4,23.59,Mid-size,Regular Gasoline
INFINITI,Q50 AWD,MID-SIZE,3.0,6,AS,Z,12.5,8.7,10.8,26,254,7,1.437,0.5,23.52,Mid-size,Premium Gasoline
INFINITI,QX50 AWD,SUV - SMALL,2.0,4,AV,Z,10.8,8.3,9.7,29,228,8,1.301,0.5,23.51,SUV,Premium Gasoline
INFINITI,QX80 4WD,SUV - STANDARD,5.6,8,AS,Z,17.8,12.3,15.3,18,360,7,1.447,0.7,23.53,SUV,Premium Gasoline
JAGUAR,E-PACE P300,SUV - SMALL,2.0,4,AS,Z,11.2,8.6,10.1,28,236,9,1.302,0.5,23.37,SUV,Premium Gasoline
JAGUAR,F-PACE 30t,SUV - SMALL,2.0,4,AS,Z,10.9,8.7,9.9,29,232,8,1.253,0.5,23.43,SUV,Premium Gasoline
JAGUAR,F-PACE S,SUV - SMALL,3.0,6,AS,Z,13.3,10.0,11.8,24,277,8,1.33,0.5,23.47,SUV,Premium Gasoline
JAGUAR,F-PACE SVR,SUV - SMALL,5.0,8,AS,Z,14.5,11.0,12.9,22,303,8,1.318,0.625,23.49,SUV,Premium Gasoline
JAGUAR,F-TYPE P300 Convertible,TWO-SEATER,2.0,4,AS,Z,10.2,7.8,9.2,31,215,8,1.308,0.5,23.37,Compact/Small,Premium Gasoline
JAGUAR,F-TYPE R AWD Convertible,TWO-SEATER,5.0,8,AS,Z,15.2,9.8,12.7,22,299,8,1.551,0.625,23.54,Compact/Small,Premium Gasoline
JAGUAR,F-TYPE SVR AWD Convertible,TWO-SEATER,5.0,8,AS,Z,15.2,9.8,12.7,22,299,8,1.551,0.625,23.54,Compact/Small,Premium Gasoline
JAGUAR,F-TYPE P300 Coupe,TWO-SEATER,2.0,4,AS,Z,10.2,7.8,9.2,31,215,8,1.308,0.5,23.37,Compact/Small,Premium Gasoline
JAGUAR,F-TYPE R AWD Coupe,TWO-SEATER,5.0,8,AS,Z,15.2,9.8,12.7,22,299,8,1.551,0.625,23.54,Compact/Small,Premium Gasoline
JAGUAR,F-TYPE SVR AWD Coupe,TWO-SEATER,5.0,8,AS,Z,15.2,9.8,12.7,22,299,8,1.551,0.625,23.54,Compact/Small,Premium Gasoline
JAGUAR,XE P250 AWD,COMPACT,2.0,4,AS,Z,9.8,6.9,8.5,33,200,8,1.42,0.5,23.53,Compact/Small,Premium Gasoline
JAGUAR,XE P300 AWD,COMPACT,2.0,4,AS,Z,10.7,7.7,9.4,30,220,8,1.39,0.5,23.4,Compact/Small,Premium Gasoline
JAGUAR,XF 30t AWD,MID-SIZE,2.0,4,AS,Z,10.6,7.6,9.2,31,217,8,1.395,0.5,23.59,Mid-size,Premium Gasoline
JAGUAR,XF S AWD,MID-SIZE,3.0,6,AS,Z,12.0,8.4,10.4,27,243,8,1.429,0.5,23.37,Mid-size,Premium Gasoline
JEEP,Gladiator 4X4,PICKUP TRUCK - STANDARD,3.6,6,A,X,13.7,10.7,12.3,23,290,8,1.28,0.6,23.58,Truck/Van,Regular Gasoline
JEEP,Gladiator 4X4,PICKUP TRUCK - STANDARD,3.6,6,M,X,14.3,10.4,12.6,22,296,6,1.375,0.6,23.49,Truck/Van,Regular Gasoline
JEEP,Wrangler 4X4,SUV - SMALL,2.0,4,A,X,10.7,9.8,10.3,27,241,8,1.092,0.5,23.4,SUV,Regular Gasoline
JEEP,Wrangler 4X4,SUV - SMALL,3.6,6,A,X,12.8,10.4,11.8,24,274,8,1.231,0.6,23.22,SUV,Regular Gasoline
JEEP,Wrangler 4X4 eTorque,SUV - SMALL,3.6,6,A,X,12.0,9.8,11.0,26,259,8,1.224,0.6,23.55,SUV,Regular Gasoline
JEEP,Wrangler 4X4,SUV - SMALL,3.6,6,M,X,13.7,9.6,11.8,24,277,6,1.427,0.6,23.47,SUV,Regular Gasoline
JEEP,Wrangler Unlimited 4X4,SUV - SMALL,2.0,4,A,X,11.5,10.9,11.2,25,263,8,1.055,0.5,23.48,SUV,Regular Gasoline
JEEP,Wrangler Unlimited 4X4 eTorque,SUV - SMALL,2.0,4,A,X,11.3,10.5,10.9,26,257,8,1.076,0.5,23.58,SUV,Regular Gasoline
JEEP,Wrangler Unlimited 4X4 EcoDiesel,SUV - SMALL,3.0,6,A,D,10.6,8.1,9.5,30,255,8,1.309,0.5,26.84,SUV,Diesel
JEEP,Wrangler Unlimited 4X4,SUV - SMALL,3.6,6,A,X,12.9,10.7,11.9,24,280,8,1.206,0.6,23.53,SUV,Regular Gasoline
JEEP,Wrangler Unlimited 4X4 eTorque,SUV - SMALL,3.6,6,A,X,12.6,10.7,11.8,24,276,8,1.178,0.6,23.39,SUV,Regular Gasoline
JEEP,Wrangler Unlimited 4X4,SUV - SMALL,3.6,6,M,X,13.8,10.1,12.2,23,285,6,1.366,0.6,23.36,SUV,Regular Gasoline
KIA,Forte,MID-SIZE,1.6,4,AM,X,8.7,6.6,7.8,36,184,7,1.318,0.4,23.59,Mid-size,Regular Gasoline
KIA,Forte,MID-SIZE,2.0,4,AV,X,7.9,5.9,7.0,40,165,,1.339,0.5,23.57,Mid-size,Regular Gasoline
KIA,Forte 5,FULL-SIZE,1.6,4,AM,X,8.9,6.9,8.0,35,190,7,1.29,0.4,23.75,Mid-size,Regular Gasoline
KIA,Forte 5,FULL-SIZE,2.0,4,AV,X,8.0,6.0,7.1,40,169,,1.333,0.5,23.8,Mid-size,Regular Gasoline
KIA,Optima Hybrid,MID-SIZE,2.0,4,AM,X,5.9,5.2,5.6,50,132,6,1.135,0.5,23.57,Mid-size,Regular Gasoline
KIA,Rio,COMPACT,1.6,4,AV,X,7.2,5.9,6.6,43,151,,1.22,0.4,22.88,Compact/Small,Regular Gasoline
KIA,Rio,COMPACT,1.6,4,M,X,7.8,6.0,7.0,40,167,6,1.3,0.4,23.86,Compact/Small,Regular Gasoline
KIA,Sedona,MINIVAN,3.3,6,AS,X,12.7,9.9,11.5,25,271,8,1.283,0.55,23.57,Truck/Van,Regular Gasoline
KIA,Sorento AWD,SUV - SMALL,3.3,6,AS,X,12.3,9.5,11.1,25,261,8,1.295,0.55,23.51,SUV,Regular Gasoline
KIA,Soul,STATION WAGON - SMALL,2.0,4,AV,X,8.6,7.1,7.9,36,188,,1.211,0.5,23.8,Mid-size,Regular Gasoline
KIA,Soul,STATION WAGON - SMALL,2.0,4,M,X,9.6,7.6,8.7,32,206,6,1.263,0.5,23.68,Mid-size,Regular Gasoline
KIA,Sportage,SUV - SMALL,2.4,4,AS,X,10.1,7.6,9.0,31,214,6,1.329,0.6,23.78,SUV,Regular Gasoline
KIA,Sportage AWD,SUV - SMALL,2.0,4,AS,X,12.1,9.6,11.0,26,261,6,1.26,0.5,23.73,SUV,Regular Gasoline
KIA,Sportage AWD,SUV - SMALL,2.4,4,AS,X,10.8,9.1,10.0,28,239,6,1.187,0.6,23.9,SUV,Regular Gasoline
KIA,Telluride AWD,SUV - SMALL,3.8,6,AS,X,12.5,9.6,11.2,25,264,8,1.302,0.633,23.57,SUV,Regular Gasoline
LAMBORGHINI,Aventador Coupe,TWO-SEATER,6.5,12,AM,Z,26.2,15.5,21.4,13,485,7,1.69,0.542,22.66,Compact/Small,Premium Gasoline
LAMBORGHINI,Huracan Coupe,TWO-SEATER,5.2,10,AM,Z,18.0,12.9,15.7,18,370,7,1.395,0.52,23.57,Compact/Small,Premium Gasoline
LAMBORGHINI,Huracan Coupe AWD,TWO-SEATER,5.2,10,AM,Z,18.0,12.9,15.7,18,370,7,1.395,0.52,23.57,Compact/Small,Premium Gasoline
LAMBORGHINI,Huracan Spyder,TWO-SEATER,5.2,10,AM,Z,18.0,12.9,15.7,18,370,7,1.395,0.52,23.57,Compact/Small,Premium Gasoline
LAMBORGHINI,Huracan Spyder AWD,TWO-SEATER,5.2,10,AM,Z,18.0,12.9,15.7,18,370,7,1.395,0.52,23.57,Compact/Small,Premium Gasoline
LAND ROVER,Discovery Sport P250,SUV - SMALL,2.0,4,AS,Z,12.6,9.7,11.3,25,266,9,1.299,0.5,23.54,SUV,Premium Gasoline
LAND ROVER,Discovery Sport P290,SUV - SMALL,2.0,4,AS,Z,12.3,9.8,11.1,25,262,9,1.255,0.5,23.6,SUV,Premium Gasoline
LAND ROVER,Range Rover 3.0,SUV - STANDARD,3.0,6,AS,Z,12.2,9.4,11.0,26,258,8,1.298,0.5,23.45,SUV,Premium Gasoline
LAND ROVER,Range Rover 5.0 Supercharged,SUV - STANDARD,5.0,8,AS,Z,14.4,11.2,12.9,22,305,8,1.286,0.625,23.64,SUV,Premium Gasoline
LAND ROVER,Range Rover 5.0 Supercharged LWB,SUV - STANDARD,5.0,8,AS,Z,14.4,11.3,13.0,22,305,8,1.274,0.625,23.46,SUV,Premium Gasoline
LAND ROVER,Range Rover SVAutobiography Dynamic,SUV - STANDARD,5.0,8,AS,Z,17.1,12.6,15.1,19,354,8,1.357,0.625,23.44,SUV,Premium Gasoline
LAND ROVER,Range Rover Sport 3.0,SUV - STANDARD,3.0,6,AS,Z,12.6,9.6,11.3,25,264,8,1.312,0.5,23.36,SUV,Premium Gasoline
LAND ROVER,Range Rover Sport SVR,SUV - STANDARD,5.0,8,AS,Z,16.2,12.0,14.3,20,336,8,1.35,0.625,23.5,SUV,Premium Gasoline
LAND ROVER,Range Rover Evoque P250,SUV - SMALL,2.0,4,AS,Z,11.8,8.7,10.4,27,245,9,1.356,0.5,23.56,SUV,Premium Gasoline
LAND ROVER,Range Rover Evoque P300,SUV - SMALL,2.0,4,AS,Z,11.4,8.9,10.3,27,242,9,1.281,0.5,23.5,SUV,Premium Gasoline
LAND ROVER,Range Rover Velar P250,SUV - SMALL,2.0,4,AS,Z,11.2,8.9,10.2,28,238,8,1.258,0.5,23.33,SUV,Premium Gasoline
LAND ROVER,Range Rover Velar P340,SUV - SMALL,3.0,6,AS,Z,13.0,10.0,11.6,24,273,8,1.3,0.5,23.53,SUV,Premium Gasoline
LAND ROVER,Range Rover Velar SVAutobiography Dynamic,SUV - SMALL,5.0,8,AS,Z,15.2,11.5,13.5,21,318,8,1.322,0.625,23.56,SUV,Premium Gasoline
LEXUS,ES 300h,MID-SIZE,2.5,4,AS,X,5.5,5.2,5.3,53,124,6,1.058,0.625,23.4,Mid-size,Regular Gasoline
LEXUS,ES 350,MID-SIZE,3.5,6,AS,X,10.7,7.2,9.1,31,213,8,1.486,0.583,23.41,Mid-size,Regular Gasoline
LEXUS,GX 460,SUV - STANDARD,4.6,8,AS,Z,16.2,12.3,14.5,19,337,6,1.317,0.575,23.24,SUV,Premium Gasoline
LEXUS,LS 500 AWD,MID-SIZE,3.4,6,AS,Z,13.2,8.7,11.1,25,262,10,1.517,0.567,23.6,Mid-size,Premium Gasoline
LEXUS,LX 570,SUV - STANDARD,5.7,8,AS,Z,19.2,14.3,16.9,17,395,8,1.343,0.712,23.37,SUV,Premium Gasoline
LEXUS,RC F,SUBCOMPACT,5.0,8,AS,Z,14.4,9.6,12.2,23,285,8,1.5,0.625,23.36,Compact/Small,Premium Gasoline
LINCOLN,Aviator,SUV - STANDARD,3.0,6,AS,X,13.7,9.7,11.9,24,280,10,1.412,0.5,23.53,SUV,Regular Gasoline
LINCOLN,Continental AWD,FULL-SIZE,2.7,6,AS,X,14.0,9.5,12.0,24,281,6,1.474,0.45,23.42,Mid-size,Regular Gasoline
LINCOLN,Corsair AWD,SUV - SMALL,2.0,4,AS,X,11.1,8.1,9.8,29,229,8,1.37,0.5,23.37,SUV,Regular Gasoline
LINCOLN,Corsair AWD,SUV - SMALL,2.3,4,AS,X,11.1,8.2,9.8,29,230,8,1.354,0.575,23.47,SUV,Regular Gasoline
LINCOLN,MKZ Hybrid,MID-SIZE,2.0,4,AV,X,5.5,5.7,5.6,50,131,,0.965,0.5,23.39,Mid-size,Regular Gasoline
LINCOLN,Nautilus AWD,SUV - SMALL,2.0,4,AS,X,12.0,9.6,10.7,26,250,8,1.25,0.5,23.36,SUV,Regular Gasoline
LINCOLN,Nautilus AWD,SUV - SMALL,2.7,6,AS,X,12.5,9.2,11.0,26,258,8,1.359,0.45,23.45,SUV,Regular Gasoline
LINCOLN,Navigator 4X4,SUV - STANDARD,3.5,6,AS,X,15.0,11.5,13.4,21,315,10,1.304,0.583,23.51,SUV,Regular Gasoline
MASERATI,Ghibli S,MID-SIZE,3.0,6,AS,Z,14.1,9.8,12.2,23,286,8,1.439,0.5,23.44,Mid-size,Premium Gasoline
MASERATI,Ghibli S Q4,MID-SIZE,3.0,6,AS,Z,14.7,9.9,12.6,22,295,8,1.485,0.5,23.41,Mid-size,Premium Gasoline
MASERATI,Levante S,SUV - STANDARD,3.0,6,AS,Z,15.9,11.1,13.7,21,324,8,1.432,0.5,23.65,SUV,Premium Gasoline
MASERATI,Levante GTS,SUV - STANDARD,3.8,8,AS,Z,17.3,12.9,15.3,18,360,8,1.341,0.475,23.53,SUV,Premium Gasoline
MASERATI,Levante Trofeo,SUV - STANDARD,3.8,8,AS,Z,17.3,12.9,15.3,18,360,8,1.341,0.475,23.53,SUV,Premium Gasoline
MASERATI,Quattroporte S,FULL-SIZE,3.0,6,AS,Z,14.1,9.8,12.2,23,286,8,1.439,0.5,23.44,Mid-size,Premium Gasoline
MASERATI,Quattroporte S Q4,FULL-SIZE,3.0,6,AS,Z,15.0,10.3,12.8,22,301,8,1.456,0.5,23.52,Mid-size,Premium Gasoline
MAZDA,CX-3 (SIL),COMPACT,2.0,4,M,X,8.8,7.0,8.0,35,186,6,1.257,0.5,23.25,Compact/Small,Regular Gasoline
MAZDA,CX-30,SUV - SMALL,2.0,4,AS,X,8.9,7.1,8.1,35,189,6,1.254,0.5,23.33,SUV,Regular Gasoline
MAZDA,CX-30,SUV - SMALL,2.5,4,AS,X,9.3,7.1,8.3,34,194,6,1.31,0.625,23.37,SUV,Regular Gasoline
MAZDA,CX-30 4WD,SUV - SMALL,2.0,4,AS,X,9.4,7.7,8.6,33,202,6,1.221,0.5,23.49,SUV,Regular Gasoline
MAZDA,CX-30 4WD,SUV - SMALL,2.5,4,AS,X,9.9,7.7,8.9,32,208,6,1.286,0.625,23.37,SUV,Regular Gasoline
MAZDA,CX-30 4WD (Cylinder Deactivation),SUV - SMALL,2.5,4,AS,X,9.5,7.4,8.6,33,200,6,1.284,0.625,23.26,SUV,Regular Gasoline
MAZDA,Mazda3 5-Door (SIL),MID-SIZE,2.5,4,M,X,9.2,6.6,8.1,35,189,6,1.394,0.625,23.33,Mid-size,Regular Gasoline
MAZDA,Mazda6,MID-SIZE,2.5,4,AS,X,9.0,6.7,8.0,35,188,6,1.343,0.625,23.5,Mid-size,Regular Gasoline
MINI,Cooper 3 Door,SUBCOMPACT,1.5,3,AM,Z,8.3,6.4,7.5,38,174,7,1.297,0.5,23.2,Compact/Small,Premium Gasoline
MINI,Cooper 5 Door,SUBCOMPACT,1.5,3,AM,Z,8.3,6.4,7.5,38,174,7,1.297,0.5,23.2,Compact/Small,Premium Gasoline
MINI,Cooper Clubman ALL4,MID-SIZE,1.5,3,AS,Z,9.7,7.0,8.5,33,197,8,1.386,0.5,23.18,Mid-size,Premium Gasoline
MINI,Cooper Convertible,MINICOMPACT,1.5,3,AM,Z,8.3,6.4,7.5,38,174,7,1.297,0.5,23.2,Compact/Small,Premium Gasoline
MINI,Cooper Countryman ALL4,MID-SIZE,1.5,3,AS,Z,9.8,7.1,8.6,33,200,8,1.38,0.5,23.26,Mid-size,Premium Gasoline
MINI,Cooper S 3 Door,SUBCOMPACT,2.0,4,AM,Z,8.9,6.6,7.9,36,184,7,1.348,0.5,23.29,Compact/Small,Premium Gasoline
MINI,Cooper S 5 Door,SUBCOMPACT,2.0,4,AM,Z,8.9,6.6,7.9,36,184,7,1.348,0.5,23.29,Compact/Small,Premium Gasoline
MINI,Cooper S Clubman ALL4,MID-SIZE,2.0,4,AS,Z,10.2,7.4,8.9,32,207,8,1.378,0.5,23.26,Mid-size,Premium Gasoline
MINI,Cooper S Convertible,MINICOMPACT,2.0,4,AM,Z,9.2,6.9,8.1,35,191,7,1.333,0.5,23.58,Compact/Small,Premium Gasoline
MINI,Cooper S Countryman ALL4,MID-SIZE,2.0,4,AS,Z,10.4,7.5,9.1,31,212,8,1.387,0.5,23.3,Mid-size,Premium Gasoline
MINI,John Cooper Works 3 Door,SUBCOMPACT,2.0,4,AS,Z,9.2,6.9,8.1,35,190,8,1.333,0.5,23.46,Compact/Small,Premium Gasoline
MINI,John Cooper Works Clubman ALL4,MID-SIZE,2.0,4,AS,Z,10.1,7.6,9.0,31,210,8,1.329,0.5,23.33,Mid-size,Premium Gasoline
MINI,John Cooper Works Convertible,MINICOMPACT,2.0,4,AS,Z,9.4,7.1,8.3,34,194,8,1.324,0.5,23.37,Compact/Small,Premium Gasoline
MINI,John Cooper Works Countryman ALL4,MID-SIZE,2.0,4,AS,Z,10.0,7.8,9.0,31,210,8,1.282,0.5,23.33,Mid-size,Premium Gasoline
MITSUBISHI,Outlander 4WD,SUV - SMALL,3.0,6,A,Z,12.0,8.8,10.6,27,246,6,1.364,0.5,23.21,SUV,Premium Gasoline
NISSAN,Armada 4WD,SUV - STANDARD,5.6,8,AS,X,17.5,12.9,15.4,18,362,7,1.357,0.7,23.51,SUV,Regular Gasoline
NISSAN,Frontier,PICKUP TRUCK - STANDARD,3.8,6,AS,X,13.1,9.8,11.6,24,273,9,1.337,0.633,23.53,Truck/Van,Regular Gasoline
NISSAN,Frontier 4WD,PICKUP TRUCK - STANDARD,3.8,6,AS,X,13.8,10.2,12.2,23,287,9,1.353,0.633,23.52,Truck/Van,Regular Gasoline
NISSAN,GT-R,SUBCOMPACT,3.8,6,AM,Z,14.4,10.9,12.8,22,300,6,1.321,0.633,23.44,Compact/Small,Premium Gasoline
NISSAN,Qashqai,STATION WAGON - SMALL,2.0,4,AV,X,8.8,7.4,8.2,34,192,8,1.189,0.5,23.41,Mid-size,Regular Gasoline
NISSAN,Qashqai,STATION WAGON - SMALL,2.0,4,M,X,10.1,8.2,9.2,31,217,6,1.232,0.5,23.59,Mid-size,Regular Gasoline
NISSAN,Qashqai AWD,STATION WAGON - SMALL,2.0,4,AV,X,9.0,7.7,8.4,34,198,8,1.169,0.5,23.57,Mid-size,Regular Gasoline
NISSAN,Pathfinder 4WD,SUV - SMALL,3.5,6,AV,X,12.1,8.9,10.7,26,251,,1.36,0.583,23.46,SUV,Regular Gasoline
NISSAN,Pathfinder 4WD Platinum,SUV - SMALL,3.5,6,AV,X,12.4,9.2,11.0,26,257,,1.348,0.583,23.36,SUV,Regular Gasoline
NISSAN,Sentra,MID-SIZE,2.0,4,AV,X,8.0,6.0,7.1,40,167,,1.333,0.5,23.52,Mid-size,Regular Gasoline
NISSAN,Sentra SR,MID-SIZE,2.0,4,AV,X,8.2,6.2,7.3,39,171,,1.323,0.5,23.42,Mid-size,Regular Gasoline
NISSAN,Sentra,MID-SIZE,2.0,4,M,X,9.4,6.4,8.0,35,188,6,1.469,0.5,23.5,Mid-size,Regular Gasoline
NISSAN,Titan 4WD,PICKUP TRUCK - STANDARD,5.6,8,AS,Z,15.1,11.1,13.3,21,313,9,1.36,0.7,23.53,Truck/Van,Premium Gasoline
NISSAN,Titan 4WD Pro-4X,PICKUP TRUCK - STANDARD,5.6,8,AS,Z,15.1,11.2,13.3,21,313,9,1.348,0.7,23.53,Truck/Van,Premium Gasoline
NISSAN,Versa,COMPACT,1.6,4,AV,X,7.4,5.9,6.7,42,158,,1.254,0.4,23.58,Compact/Small,Regular Gasoline
NISSAN,Versa,COMPACT,1.6,4,M,X,8.6,6.7,7.7,37,181,5,1.284,0.4,23.51,Compact/Small,Regular Gasoline
PORSCHE,911 Carrera S,MINICOMPACT,3.0,6,AM,Z,13.1,9.7,11.5,25,271,8,1.351,0.5,23.57,Compact/Small,Premium Gasoline
PORSCHE,911 Carrera S Cabriolet,MINICOMPACT,3.0,6,AM,Z,12.7,10.2,11.6,24,272,8,1.245,0.5,23.45,Compact/Small,Premium Gasoline
PORSCHE,911 Carrera 4S,MINICOMPACT,3.0,6,AM,Z,13.1,10.2,11.8,24,277,8,1.284,0.5,23.47,Compact/Small,Premium Gasoline
PORSCHE,911 Carrera 4S Cabriolet,MINICOMPACT,3.0,6,AM,Z,13.1,10.2,11.8,24,277,8,1.284,0.5,23.47,Compact/Small,Premium Gasoline
PORSCHE,Cayenne,SUV - STANDARD,3.0,6,AS,Z,12.5,10.3,11.5,25,269,8,1.214,0.5,23.39,SUV,Premium Gasoline
PORSCHE,Cayenne S,SUV - STANDARD,2.9,6,AS,Z,13.1,10.5,11.9,24,278,8,1.248,0.483,23.36,SUV,Premium Gasoline
RAM,1500 EcoDiesel,PICKUP TRUCK - STANDARD,3.0,6,A,D,10.5,7.3,9.0,31,243,8,1.438,0.5,27.0,Truck/Van,Diesel
RAM,1500 HFE eTorque,PICKUP TRUCK - STANDARD,3.6,6,A,X,11.6,9.0,10.4,27,245,8,1.289,0.6,23.56,Truck/Van,Regular Gasoline
RAM,1500 4X4 EcoDiesel,PICKUP TRUCK - STANDARD,3.0,6,A,D,11.1,8.0,9.7,29,260,8,1.388,0.5,26.8,Truck/Van,Diesel
RAM,1500 4X4 eTorque,PICKUP TRUCK - STANDARD,5.7,8,A,X,14.2,10.9,12.8,22,299,8,1.303,0.712,23.36,Truck/Van,Regular Gasoline
RAM,1500 Classic,PICKUP TRUCK - STANDARD,3.6,6,A,X,13.9,9.6,11.9,24,280,8,1.448,0.6,23.53,Truck/Van,Regular Gasoline
RAM,1500 Classic 4X4,PICKUP TRUCK - STANDARD,3.6,6,A,X,14.5,10.2,12.6,22,294,8,1.422,0.6,23.33,Truck/Van,Regular Gasoline
RAM,1500 Classic 4X4,PICKUP TRUCK - STANDARD,5.7,8,A,X,16.2,11.6,14.1,20,330,8,1.397,0.712,23.4,Truck/Van,Regular Gasoline
ROLLS-ROYCE,Cullinan,STATION WAGON - MID-SIZE,6.7,12,AS,Z,20.1,12.1,16.5,17,386,8,1.661,0.558,23.39,Mid-size,Premium Gasoline
ROLLS-ROYCE,Cullinan Black Badge,STATION WAGON - MID-SIZE,6.7,12,AS,Z,20.1,12.1,16.5,17,386,8,1.661,0.558,23.39,Mid-size,Premium Gasoline
ROLLS-ROYCE,Dawn,COMPACT,6.6,12,AS,Z,20.4,13.1,17.1,17,400,8,1.557,0.55,23.39,Compact/Small,Premium Gasoline
ROLLS-ROYCE,Ghost,FULL-SIZE,6.6,12,AS,Z,20.4,13.1,17.1,17,400,8,1.557,0.55,23.39,Mid-size,Premium Gasoline
ROLLS-ROYCE,Ghost EWB,FULL-SIZE,6.6,12,AS,Z,20.4,13.1,17.1,17,400,8,1.557,0.55,23.39,Mid-size,Premium Gasoline
ROLLS-ROYCE,Wraith,MID-SIZE,6.6,12,AS,Z,19.6,12.8,16.5,17,387,8,1.531,0.55,23.45,Mid-size,Premium Gasoline
SUBARU,BRZ,MINICOMPACT,2.0,4,M,Z,11.2,8.2,9.9,29,231,6,1.366,0.5,23.33,Compact/Small,Premium Gasoline
SUBARU,Crosstrek AWD,SUV - SMALL,2.0,4,AV,X,8.5,7.0,7.9,36,185,8,1.214,0.5,23.42,SUV,Regular Gasoline
SUBARU,Impreza 4-Door AWD,MID-SIZE,2.0,4,M,X,10.1,7.6,9.0,31,210,5,1.329,0.5,23.33,Mid-size,Regular Gasoline
SUBARU,Impreza 5-Door AWD,STATION WAGON - SMALL,2.0,4,AV,X,8.4,6.6,7.6,37,178,7,1.273,0.5,23.42,Mid-size,Regular Gasoline
SUBARU,Legacy AWD,FULL-SIZE,2.4,4,AV,X,9.9,7.3,8.7,32,205,8,1.356,0.6,23.56,Mid-size,Regular Gasoline
SUBARU,Legacy AWD,FULL-SIZE,2.5,4,AV,X,8.8,6.7,7.9,36,185,8,1.313,0.625,23.42,Mid-size,Regular Gasoline
SUBARU,Outback AWD,SUV - SMALL,2.4,4,AV,X,10.1,7.9,9.1,31,213,8,1.278,0.6,23.41,SUV,Regular Gasoline
SUBARU,Outback AWD,SUV - SMALL,2.5,4,AV,X,9.0,7.1,8.2,34,192,8,1.268,0.625,23.41,SUV,Regular Gasoline
SUBARU,WRX AWD,COMPACT,2.0,4,AV,Z,12.9,9.7,11.5,25,263,8,1.33,0.5,22.87,Compact/Small,Premium Gasoline
SUBARU,WRX AWD,COMPACT,2.0,4,M,Z,11.3,8.5,10.1,28,236,6,1.329,0.5,23.37,Compact/Small,Premium Gasoline
SUBARU,WRX STI AWD,COMPACT,2.5,4,M,Z,14.3,10.8,12.7,22,297,6,1.324,0.625,23.39,Compact/Small,Premium Gasoline
TOYOTA,4Runner 4WD,SUV - STANDARD,4.0,6,AS,X,14.8,12.5,13.8,20,321,5,1.184,0.667,23.26,SUV,Regular Gasoline
TOYOTA,4Runner 4WD (Part-Time 4WD),SUV - STANDARD,4.0,6,AS,X,14.8,12.5,13.8,20,321,5,1.184,0.667,23.26,SUV,Regular Gasoline
TOYOTA,86,MINICOMPACT,2.0,4,M,Z,11.2,8.3,9.9,29,232,6,1.349,0.5,23.43,Compact/Small,Premium Gasoline
TOYOTA,Camry LE/SE,MID-SIZE,2.5,4,AS,X,8.5,6.1,7.4,38,173,8,1.393,0.625,23.38,Mid-size,Regular Gasoline
TOYOTA,Camry XLE/XSE,MID-SIZE,2.5,4,AS,X,8.6,6.3,7.6,37,177,8,1.365,0.625,23.29,Mid-size,Regular Gasoline
TOYOTA,Camry TRD,MID-SIZE,3.5,6,AS,X,10.8,7.6,9.4,30,220,8,1.421,0.583,23.4,Mid-size,Regular Gasoline
TOYOTA,Camry AWD LE/SE,MID-SIZE,2.5,4,AS,X,9.3,6.8,8.2,34,190,8,1.368,0.625,23.17,Mid-size,Regular Gasoline
TOYOTA,Camry AWD XLE/XSE,MID-SIZE,2.5,4,AS,X,9.5,7.0,8.4,34,197,8,1.357,0.625,23.45,Mid-size,Regular Gasoline
TOYOTA,Camry Hybrid LE,MID-SIZE,2.5,4,AV,X,4.9,4.8,4.9,58,113,,1.021,0.625,23.06,Mid-size,Regular Gasoline
TOYOTA,Camry Hybrid XLE/SE,MID-SIZE,2.5,4,AV,X,5.3,5.0,5.1,55,121,,1.06,0.625,23.73,Mid-size,Regular Gasoline
TOYOTA,Corolla,COMPACT,1.8,4,AV,X,7.9,6.1,7.1,40,165,,1.295,0.45,23.24,Compact/Small,Regular Gasoline
TOYOTA,Corolla XLE,COMPACT,1.8,4,AV,X,8.1,6.3,7.3,39,170,,1.286,0.45,23.29,Compact/Small,Regular Gasoline
TOYOTA,Corolla,COMPACT,1.8,4,M,X,8.0,6.0,7.1,40,165,6,1.333,0.45,23.24,Compact/Small,Regular Gasoline
TOYOTA,Corolla,COMPACT,2.0,4,AV,X,7.6,5.8,6.7,42,158,10,1.31,0.5,23.58,Compact/Small,Regular Gasoline
TOYOTA,Corolla XSE,COMPACT,2.0,4,AV,X,7.7,6.1,7.0,40,164,10,1.262,0.5,23.43,Compact/Small,Regular Gasoline
TOYOTA,Corolla,COMPACT,2.0,4,M,X,8.2,6.5,7.4,38,173,6,1.262,0.5,23.38,Compact/Small,Regular Gasoline
TOYOTA,Corolla Hatchback,COMPACT,2.0,4,AV,X,7.5,5.8,6.7,42,158,10,1.293,0.5,23.58,Compact/Small,Regular Gasoline
TOYOTA,Corolla Hybrid,COMPACT,1.8,4,AV,X,4.4,4.5,4.5,63,106,,0.978,0.45,23.56,Compact/Small,Regular Gasoline
TOYOTA,GR Supra,TWO-SEATER,3.0,6,AS,Z,9.9,7.7,8.9,32,208,8,1.286,0.5,23.37,Compact/Small,Premium Gasoline
TOYOTA,Highlander,SUV - SMALL,3.5,6,AS,X,11.9,8.3,10.3,27,240,8,1.434,0.583,23.3,SUV,Regular Gasoline
TOYOTA,Highlander AWD,SUV - SMALL,3.5,6,AS,X,11.7,8.6,10.3,27,240,8,1.36,0.583,23.3,SUV,Regular Gasoline
TOYOTA,Highlander Hybrid AWD,SUV - STANDARD,2.5,4,AV,X,6.7,6.8,6.7,42,158,,0.985,0.625,23.58,SUV,Regular Gasoline
TOYOTA,Highlander Hybrid AWD Limited/Platinum,SUV - STANDARD,2.5,4,AV,X,6.6,6.8,6.7,42,156,,0.971,0.625,23.28,SUV,Regular Gasoline
TOYOTA,Prius,MID-SIZE,1.8,4,AV,X,4.4,4.7,4.5,63,106,,0.936,0.45,23.56,Mid-size,Regular Gasoline
TOYOTA,RAV4,SUV - SMALL,2.5,4,AS,X,8.8,6.8,7.9,36,184,8,1.294,0.625,23.29,SUV,Regular Gasoline
TOYOTA,RAV4 AWD,SUV - SMALL,2.5,4,AS,X,9.2,7.1,8.2,34,194,8,1.296,0.625,23.66,SUV,Regular Gasoline
TOYOTA,RAV4 AWD TRD Off-Road,SUV - SMALL,2.5,4,AS,X,9.5,7.5,8.6,33,200,8,1.267,0.625,23.26,SUV,Regular Gasoline
TOYOTA,RAV4 Hybrid AWD,SUV - SMALL,2.5,4,AV,X,5.7,6.3,6.0,47,139,,0.905,0.625,23.17,SUV,Regular Gasoline
TOYOTA,Sequoia 4WD,SUV - STANDARD,5.7,8,AS,X,18.5,13.9,16.4,17,385,6,1.331,0.712,23.48,SUV,Regular Gasoline
TOYOTA,Sienna,MINIVAN,3.5,6,AS,X,12.6,9.1,11.0,26,259,8,1.385,0.583,23.55,Truck/Van,Regular Gasoline
TOYOTA,Tacoma 4WD D-Cab TRD Off-Road/Pro,PICKUP TRUCK - SMALL,3.5,6,M,X,13.8,11.7,12.9,22,300,6,1.179,0.583,23.26,Truck/Van,Regular Gasoline
TOYOTA,Tundra 4WD,PICKUP TRUCK - STANDARD,5.7,8,AS,X,18.0,14.2,16.3,17,381,6,1.268,0.712,23.37,Truck/Van,Regular Gasoline
TOYOTA,Yaris,COMPACT,1.5,4,AS,X,7.3,5.9,6.6,43,155,6,1.237,0.375,23.48,Compact/Small,Regular Gasoline
TOYOTA,Yaris (SIL),COMPACT,1.5,4,M,X,7.8,6.1,6.9,41,165,6,1.279,0.375,23.91,Compact/Small,Regular Gasoline
VOLKSWAGEN,Arteon 4MOTION,FULL-SIZE,2.0,4,AS,Z,11.5,8.2,10.0,28,234,8,1.402,0.5,23.4,Mid-size,Premium Gasoline
VOLKSWAGEN,Atlas Cross Sport 4MOTION,SUV - SMALL,2.0,4,AS,X,12.8,10.4,11.7,24,273,8,1.231,0.5,23.33,SUV,Regular Gasoline
VOLKSWAGEN,Golf,COMPACT,1.4,4,AS,X,8.1,6.6,7.4,38,174,8,1.227,0.35,23.51,Compact/Small,Regular Gasoline
VOLKSWAGEN,Golf,COMPACT,1.4,4,M,X,8.4,6.6,7.6,37,177,6,1.273,0.35,23.29,Compact/Small,Regular Gasoline
VOLKSWAGEN,Golf GTI,COMPACT,2.0,4,AM,X,9.7,7.5,8.7,32,203,7,1.293,0.5,23.33,Compact/Small,Regular Gasoline
VOLKSWAGEN,Jetta GLI,COMPACT,2.0,4,M,X,9.6,7.1,8.5,33,198,6,1.352,0.5,23.29,Compact/Small,Regular Gasoline
VOLKSWAGEN,Passat,MID-SIZE,2.0,4,AS,X,10.2,6.9,8.7,32,205,6,1.478,0.5,23.56,Mid-size,Regular Gasoline
VOLKSWAGEN,Tiguan,SUV - SMALL,2.0,4,AS,X,10.5,8.1,9.4,30,221,8,1.296,0.5,23.51,SUV,Regular Gasoline
VOLKSWAGEN,Tiguan 4MOTION,SUV - SMALL,2.0,4,AS,X,11.5,8.7,10.2,28,241,8,1.322,0.5,23.63,SUV,Regular Gasoline
VOLVO,S60 T5,COMPACT,2.0,4,AS,Z,10.5,7.1,8.9,32,208,8,1.479,0.5,23.37,Compact/Small,Premium Gasoline
VOLVO,S60 T6 AWD,COMPACT,2.0,4,AS,Z,11.0,7.4,9.4,30,219,8,1.486,0.5,23.3,Compact/Small,Premium Gasoline
VOLVO,S90 T6 AWD,MID-SIZE,2.0,4,AS,Z,11.3,7.5,9.6,29,223,8,1.507,0.5,23.23,Mid-size,Premium Gasoline
VOLVO,V60 T5,STATION WAGON - SMALL,2.0,4,AS,Z,10.5,7.1,8.9,32,208,8,1.479,0.5,23.37,Mid-size,Premium Gasoline
VOLVO,V60 T6 AWD,STATION WAGON - SMALL,2.0,4,AS,Z,11.0,7.4,9.4,30,219,8,1.486,0.5,23.3,Mid-size,Premium Gasoline
VOLVO,V60 CC T5 AWD,STATION WAGON - SMALL,2.0,4,AS,Z,10.8,7.7,9.4,30,220,8,1.403,0.5,23.4,Mid-size,Premium Gasoline
VOLVO,XC40 T4 AWD,SUV - SMALL,2.0,4,AS,X,10.2,7.5,9.0,31,210,8,1.36,0.5,23.33,SUV,Regular Gasoline
VOLVO,XC40 T5 AWD,SUV - SMALL,2.0,4,AS,Z,10.7,7.7,9.4,30,219,8,1.39,0.5,23.3,SUV,Premium Gasoline
VOLVO,XC60 T5 AWD,SUV - SMALL,2.0,4,AS,Z,11.2,8.3,9.9,29,232,8,1.349,0.5,23.43,SUV,Premium Gasoline
VOLVO,XC60 T6 AWD,SUV - SMALL,2.0,4,AS,Z,11.7,8.6,10.3,27,240,8,1.36,0.5,23.3,SUV,Premium Gasoline
VOLVO,XC90 T5 AWD,SUV - STANDARD,2.0,4,AS,Z,11.2,8.3,9.9,29,232,8,1.349,0.5,23.43,SUV,Premium Gasoline
VOLVO,XC90 T6 AWD,SUV - STANDARD,2.0,4,AS,Z,12.2,8.7,10.7,26,248,8,1.402,0.5,23.18,SUV,Premium Gasoline
